資料区分,都道府県コード,警察署等コード,本票番号,事故内容,死者数,負傷者数,路線コード,地点コード,市区町村コード,発生日時　　年,発生日時　　月,発生日時　　日,発生日時　　時,発生日時　　分,昼夜,日の出時刻　　時,日の出時刻　　分,日の入り時刻　　時,日の入り時刻　　分,天候,地形,路面状態,道路形状,信号機,一時停止規制　標識（当事者A）,一時停止規制　表示（当事者A）,一時停止規制　標識（当事者B）,一時停止規制　表示（当事者B）,車道幅員,道路線形,衝突地点,ゾーン規制,中央分離帯施設等,歩車道区分,事故類型,年齢（当事者A）,年齢（当事者B）,当事者種別（当事者A）,当事者種別（当事者B）,用途別（当事者A）,用途別（当事者B）,車両形状等（当事者A）,車両形状等（当事者B）,オートマチック車（当事者A）,オートマチック車（当事者B）,サポカー（当事者A）,サポカー（当事者B）,速度規制（指定のみ）（当事者A）,速度規制（指定のみ）（当事者B）,車両の衝突部位（当事者A）,車両の衝突部位（当事者B）,車両の損壊程度（当事者A）,車両の損壊程度（当事者B）,エアバッグの装備（当事者A）,エアバッグの装備（当事者B）,サイドエアバッグの装備（当事者A）,サイドエアバッグの装備（当事者B）,人身損傷程度（当事者A）,人身損傷程度（当事者B）,地点　緯度（北緯）,地点　経度（東経）,地点　緯度（北緯）_1,地点　経度（東経）_1,曜日(発生年月日),祝日(発生年月日),認知機能検査経過日数（当事者A）,認知機能検査経過日数（当事者B）,運転練習の方法（当事者A）,運転練習の方法（当事者B）
true,41,110,2,2,0,2,1210,0,206,2022,12,31,11,30,12,6,52,16,34,1,1,1,1,1,9,22,9,22,15,9,30,70,4,2,21,55,75,4,14,31,31,1,11,1,1,11,11,3,3,30,50,3,3,2,2,2,2,2,4,364334738,1394107926,36.726316,139.685535,7,2,9999,512,9,9
true,41,110,3,2,0,1,1210,0,206,2022,12,24,7,20,11,6,50,16,30,5,3,3,7,3,0,0,0,0,5,9,1,70,1,2,21,25,25,3,13,31,31,1,11,1,1,11,11,10,10,10,30,3,3,2,2,2,2,4,2,364556192,1394300548,36.765609,139.716819,7,3,9999,9999,1,5
true,41,110,4,2,0,1,1190,0,206,2023,1,12,8,50,12,6,52,16,45,1,3,1,7,1,0,0,0,0,3,9,1,70,4,2,21,25,25,3,3,31,31,1,1,1,1,11,11,10,10,10,30,3,3,2,2,2,2,4,2,364301009,1394331757,36.716947,139.725488,5,3,9999,9999,1,5
true,41,110,5,2,0,1,1210,0,206,2023,1,17,7,32,11,6,51,16,50,1,3,1,1,1,9,22,0,0,18,9,30,70,1,2,41,25,0,51,76,41,0,0,0,0,0,0,0,0,0,40,0,3,0,0,0,0,0,2,0,364408376,1394136661,36.73566,139.693517,3,3,0,0,0,0
true,41,110,6,2,0,1,4610,0,206,2022,11,10,17,20,21,6,12,16,36,1,2,1,1,7,9,22,0,0,14,9,30,70,4,2,1,55,55,17,61,1,0,11,0,2,0,11,0,3,0,80,0,3,0,2,0,2,0,4,2,364433155,1394248240,36.742543,139.7134,5,3,9999,0,9,0
true,41,110,7,2,0,1,1210,0,206,2022,12,31,13,40,12,6,52,16,34,1,2,1,14,7,0,0,0,0,3,9,1,70,4,2,21,25,35,3,3,31,31,1,1,1,1,11,11,10,10,50,20,2,2,1,2,2,1,4,2,364724220,1394207164,36.790061,139.70199,7,2,9999,9999,5,5
true,41,111,1,2,0,1,10550,0,213,2023,1,5,18,5,22,6,53,16,38,1,2,1,1,8,9,22,9,22,15,9,30,70,5,2,21,65,65,3,3,31,31,1,1,1,1,11,11,3,2,10,50,3,2,2,2,2,2,4,2,365829536,1400331280,36.974871,140.058689,5,3,9999,9999,9,9
true,41,111,2,2,0,1,30000,0,213,2023,1,4,9,21,12,6,53,16,38,1,2,1,1,7,9,22,1,21,15,9,30,70,4,2,21,75,45,3,4,1,31,1,1,1,1,11,11,3,3,10,20,3,3,2,2,2,2,2,4,365808882,1400328840,36.969134,140.058011,4,3,448,9999,9,1
true,41,111,3,2,0,1,30000,0,213,2023,1,8,15,0,12,6,53,16,41,1,3,1,14,7,0,0,0,0,3,9,1,70,4,4,41,1,0,51,76,41,0,0,0,0,0,0,0,0,0,40,0,3,0,0,0,0,0,2,0,370049619,1395740126,37.013783,139.961146,1,2,0,0,0,0
true,41,111,4,2,0,1,99000,0,213,2022,12,29,14,24,12,6,52,16,33,1,3,1,0,7,0,0,0,0,0,0,20,70,0,4,41,75,0,3,75,31,0,1,0,1,0,11,0,10,0,15,0,2,0,2,0,2,0,4,0,365823084,1400259838,36.973079,140.049955,5,3,314,0,9,0
true,41,111,5,2,0,2,30000,0,213,2023,1,6,17,35,21,6,53,16,39,2,2,1,14,7,0,0,0,0,3,9,1,70,4,2,21,25,75,3,3,31,31,1,1,1,1,11,11,4,4,10,31,3,3,2,2,2,2,4,2,365326979,1395917185,36.890828,139.988107,6,3,9999,346,5,9
true,41,111,6,2,0,1,99000,0,213,2023,1,9,11,45,12,6,53,16,42,1,3,1,0,7,0,0,0,0,0,0,20,70,0,4,21,25,35,3,3,31,31,1,1,1,1,11,11,10,10,60,25,3,3,2,2,2,2,4,2,365705828,1400313846,36.951619,140.053846,2,1,9999,9999,1,5
true,41,111,7,2,0,1,20000,0,407,2023,1,13,12,2,12,6,52,16,46,1,3,1,1,7,9,22,0,0,14,7,30,70,5,4,41,75,0,52,76,41,0,0,0,0,0,0,0,0,0,40,0,3,0,0,0,0,0,2,0,370337822,1400857988,37.060506,140.149441,6,3,0,0,0,0
true,41,111,8,2,0,1,30000,0,213,2022,12,23,1,39,22,6,49,16,29,2,1,1,14,7,0,0,0,0,3,9,1,70,4,2,21,65,55,3,3,31,31,1,1,1,1,11,11,10,10,70,50,3,3,2,2,2,2,4,2,365259318,1395906114,36.883144,139.985032,6,3,9999,9999,9,9
true,41,111,9,2,0,5,10550,0,213,2023,1,18,10,1,12,6,51,16,51,1,3,1,1,1,9,22,9,22,14,9,30,70,4,2,21,55,65,13,4,31,31,11,1,1,2,11,11,4,10,10,50,2,2,2,2,2,2,2,2,365739467,1400115715,36.960963,140.021032,4,3,9999,9999,9,9
true,41,111,10,2,0,1,30000,0,213,2023,1,17,15,16,12,6,51,16,50,1,2,1,7,7,0,0,0,0,3,9,1,70,4,2,21,35,45,3,4,31,31,1,1,1,1,11,11,4,4,30,10,3,3,2,2,2,2,2,4,365042266,1395931790,36.845074,139.992164,3,3,9999,9999,1,1
true,41,111,11,2,0,1,30000,0,213,2023,1,26,17,9,21,6,47,16,59,1,3,4,14,7,0,0,0,0,2,9,20,70,5,4,21,1,0,51,0,41,0,0,0,0,0,0,0,0,0,30,0,2,0,0,0,0,0,2,0,365739992,1400333970,36.961109,140.059436,5,3,0,0,0,0
true,41,111,12,2,0,2,10550,0,213,2023,1,25,14,0,12,6,47,16,58,5,3,3,14,7,0,0,0,0,4,9,1,70,4,2,21,45,45,3,3,31,31,1,1,1,1,11,11,3,3,10,30,3,3,2,2,2,2,4,2,365812749,1400318616,36.970208,140.055171,4,3,9999,9999,1,5
true,41,111,13,2,0,1,10550,0,213,2023,1,25,18,9,22,6,47,16,58,5,3,4,14,7,0,0,0,0,5,8,1,70,1,2,21,55,1,3,3,31,31,1,1,1,1,11,11,10,10,10,30,3,3,2,2,2,2,4,2,365513037,1395848367,36.920288,139.980102,4,3,9999,9999,9,5
true,41,111,14,2,0,1,30000,0,213,2023,1,26,11,55,12,6,47,16,59,1,3,3,14,7,0,0,0,0,2,9,20,70,5,4,21,25,55,3,4,31,31,1,1,1,1,11,11,3,3,30,10,3,3,2,2,2,2,2,4,365843936,1400207026,36.978871,140.035285,5,3,9999,9999,1,9
true,41,111,15,2,0,1,30000,0,213,2023,1,26,21,20,22,6,47,16,59,1,3,3,1,7,1,21,9,22,14,9,30,70,5,4,21,1,25,3,3,31,31,1,1,1,1,11,11,10,10,80,50,2,2,2,2,2,2,4,2,365821382,1400154772,36.972606,140.031881,5,3,9999,9999,1,1
true,41,111,16,2,0,1,30000,0,213,2023,1,26,18,0,22,6,47,16,59,1,3,3,14,7,0,0,0,0,2,9,20,70,5,2,21,35,35,4,51,31,41,1,0,2,0,11,0,10,0,70,10,3,3,2,0,2,0,4,2,365736029,1400352128,36.960008,140.06448,5,3,9999,0,5,0
true,41,111,17,2,0,1,30000,0,213,2023,1,31,8,1,12,6,43,17,5,1,1,1,1,7,1,22,1,21,14,9,30,70,5,2,21,45,1,4,4,31,31,1,1,1,1,11,11,10,2,10,10,3,3,2,2,2,2,4,4,365301846,1395913769,36.883846,139.987158,3,3,9999,9999,1,1
true,41,111,18,2,0,1,30000,0,213,2023,1,30,15,18,12,6,44,17,3,2,2,1,14,7,0,0,0,0,5,7,1,70,1,1,21,75,25,14,14,31,31,11,11,2,1,11,11,10,10,30,0,3,3,2,2,2,2,4,2,365538492,1400106161,36.927359,140.018378,2,3,297,9999,9,9
true,41,112,1,2,0,2,41,877,301,2023,1,3,22,4,22,6,53,16,37,1,3,1,14,7,0,0,0,0,3,9,1,70,1,2,21,25,35,4,4,31,31,1,1,1,1,11,11,10,10,10,31,3,3,2,2,2,2,4,2,362438246,1395345240,36.410624,139.8959,3,3,9999,9999,1,1
true,41,112,2,2,0,1,41,924,301,2021,5,13,17,40,13,4,35,18,39,2,2,1,14,7,0,0,0,0,5,9,1,70,1,2,21,65,35,13,36,31,31,11,0,1,0,11,11,10,10,20,40,3,3,2,0,2,0,4,2,362703316,1395427983,36.450921,139.907773,5,3,9999,9999,9,1
true,41,112,3,2,0,2,30000,0,216,2023,1,1,20,11,22,6,52,16,35,1,1,1,14,1,0,0,0,0,1,9,1,70,5,4,21,1,25,3,3,31,31,1,1,1,1,11,11,1,1,0,0,3,3,2,2,2,2,4,2,362251852,1395058718,36.38107,139.849644,1,1,9999,9999,1,5
true,41,112,4,2,0,1,10470,0,301,2023,1,5,8,55,12,6,53,16,38,1,2,1,14,7,0,0,0,0,4,9,1,70,1,2,21,45,1,3,3,31,31,1,1,1,1,11,11,4,4,10,30,3,3,2,2,2,2,4,2,362609665,1395549681,36.436018,139.930467,5,3,9999,9999,4,1
true,41,112,5,2,0,1,30000,0,216,2023,1,12,14,37,12,6,52,16,45,1,1,1,1,7,9,22,0,0,14,9,30,1,5,3,1,55,1,4,61,31,0,1,0,1,0,11,0,2,0,40,0,3,0,2,0,2,0,4,2,362248270,1395024104,36.380075,139.840029,5,3,9999,0,9,0
true,41,112,6,2,0,1,30000,0,216,2023,1,16,7,55,12,6,51,16,49,3,3,1,1,4,9,22,9,22,14,9,30,70,4,2,21,25,45,3,14,31,31,1,11,1,1,11,11,10,10,80,50,2,2,1,1,1,2,4,2,362255596,1394937358,36.38211,139.827044,2,3,9999,9999,1,5
true,41,112,7,2,0,1,30000,0,216,2023,1,16,8,16,12,6,51,16,49,3,1,2,14,7,0,0,0,0,1,9,1,70,5,2,21,45,35,3,14,31,31,1,11,1,1,11,11,1,1,0,0,2,2,2,2,2,2,2,4,362656850,1395056364,36.449125,139.84899,2,3,9999,9999,1,5
true,41,112,8,2,0,1,10650,0,216,2023,1,11,7,54,12,6,53,16,44,1,1,1,14,7,0,0,0,0,1,9,1,70,5,2,21,45,25,3,3,31,31,1,1,1,1,11,11,1,1,0,0,3,2,2,2,2,2,4,2,362524524,1395123090,36.423479,139.856414,4,3,9999,9999,1,1
true,41,112,9,2,0,1,21930,0,301,2023,1,25,14,0,12,6,47,16,58,1,3,1,14,7,0,0,0,0,1,9,1,70,5,2,41,75,0,51,76,41,0,0,0,0,0,0,0,0,0,0,0,3,0,0,0,0,0,2,0,362821396,1395642572,36.47261,139.945159,4,3,0,0,0,0
true,41,112,10,2,0,1,99000,0,216,2023,1,29,10,25,12,6,45,17,2,1,2,1,0,7,0,0,0,0,0,0,20,70,0,4,1,75,75,3,61,31,0,1,0,1,0,11,0,10,0,50,0,3,0,2,0,2,0,4,2,362350053,1395259362,36.397237,139.883156,1,3,782,0,9,0
true,41,112,11,2,0,1,10440,0,216,2023,1,27,9,52,12,6,46,17,0,2,3,1,1,7,9,22,1,21,15,9,30,70,5,2,21,35,45,11,3,31,31,11,1,2,1,11,11,4,10,50,10,3,2,2,1,2,2,2,4,362319874,1394950621,36.388854,139.830728,6,3,9999,9999,1,1
true,41,112,12,2,0,1,41,908,301,2023,1,19,16,25,13,6,50,16,52,1,2,1,14,7,0,0,0,0,4,9,1,70,1,2,21,45,35,3,13,31,31,1,11,1,1,11,11,10,10,10,30,3,3,1,1,2,2,4,2,362616433,1395421038,36.437898,139.905844,5,3,9999,9999,1,5
true,41,113,1,2,0,1,40,1247,214,2022,12,28,1,31,22,6,51,16,32,1,3,1,1,1,9,22,9,22,18,9,20,70,1,2,21,35,45,11,17,1,1,11,11,2,2,11,11,4,4,60,80,3,2,2,1,2,2,2,4,364035116,1395739661,36.676421,139.961017,4,3,9999,9999,1,9
true,41,113,2,2,0,1,30000,0,386,2022,12,24,16,39,21,6,50,16,30,1,3,1,1,7,1,21,9,22,14,9,30,70,5,4,21,55,65,17,36,31,31,11,0,2,0,11,11,10,10,60,10,3,3,2,0,2,0,4,2,363749210,1395831292,36.630336,139.975359,7,3,9999,9999,9,9
true,41,113,3,2,0,1,30000,0,386,2023,1,5,14,40,12,6,53,16,38,1,3,1,1,7,9,22,9,22,14,9,30,70,5,4,21,45,65,3,4,31,31,1,1,1,1,11,11,4,10,20,80,3,3,2,2,2,2,2,4,363703029,1400035608,36.617508,140.009891,5,3,9999,9999,9,9
true,41,113,4,2,0,1,40,1230,214,2022,12,26,8,52,12,6,51,16,31,1,3,1,7,7,0,0,0,0,4,9,1,70,1,2,21,35,55,3,34,31,31,1,0,1,0,11,11,10,10,20,40,3,2,2,0,2,0,4,2,363940156,1395803736,36.661154,139.967704,2,3,9999,9999,1,1
true,41,113,5,2,0,1,30000,0,386,2023,1,16,10,0,12,6,51,16,49,3,3,2,1,7,1,21,9,22,14,9,30,70,5,4,21,75,45,3,3,31,31,1,1,1,1,11,11,10,10,80,50,2,2,1,2,2,2,4,2,363828824,1400133938,36.64134,140.026094,2,3,923,9999,9,1
true,41,113,6,2,0,1,2930,0,214,2023,1,18,11,35,12,6,51,16,51,1,3,1,14,7,0,0,0,0,3,9,1,70,5,4,21,65,75,3,36,31,31,1,0,1,0,11,11,10,10,30,40,3,3,2,0,2,0,4,2,364303396,1400322630,36.71761,140.056286,4,3,9999,1168,9,9
true,41,113,7,2,0,1,40,1193,386,2023,1,25,7,36,11,6,47,16,58,5,3,4,14,7,0,0,0,0,5,9,1,70,1,2,21,35,25,3,3,31,31,1,1,1,1,11,11,5,5,50,70,3,2,2,2,2,2,4,2,363754970,1395815089,36.631936,139.970858,4,3,9999,9999,1,1
true,41,113,8,2,0,1,40,1215,214,2023,1,31,8,25,12,6,43,17,5,1,3,1,1,1,9,22,9,22,18,9,30,70,5,2,21,1,75,4,35,31,31,1,0,1,0,11,11,10,10,10,30,2,1,2,0,2,0,4,2,363859698,1395741746,36.649916,139.961596,3,3,9999,56,1,9
true,41,113,9,2,0,1,30000,0,214,2023,1,31,8,18,12,6,43,17,5,1,3,1,1,7,9,22,9,22,14,9,30,70,5,4,21,45,35,3,4,31,31,1,1,1,1,11,11,10,10,80,50,3,3,2,2,2,2,4,2,364054235,1395828135,36.681732,139.974482,3,3,9999,9999,1,1
true,41,114,1,2,0,1,30000,0,211,2023,1,6,8,53,12,6,53,16,39,1,2,1,14,7,0,0,0,0,3,9,1,70,5,3,21,45,1,4,51,31,41,1,0,1,0,11,0,2,0,80,14,3,2,2,0,2,0,4,2,364839035,1395543356,36.810843,139.92871,6,3,9999,0,9,0
true,41,114,2,2,0,2,40,1415,211,2023,1,6,17,40,22,6,53,16,39,1,3,1,14,1,0,0,0,0,4,9,1,70,4,2,21,75,45,3,3,31,31,1,1,1,1,11,11,10,10,10,30,3,3,2,2,2,2,4,2,364924553,1395650928,36.823487,139.94748,6,3,9999,9999,9,5
true,41,114,3,2,0,1,30000,0,211,2023,1,17,15,10,12,6,51,16,50,1,1,1,1,1,9,22,0,0,11,9,30,70,4,2,1,35,75,3,61,31,0,1,0,1,0,11,0,1,0,10,0,3,0,2,0,2,0,4,2,364849885,1395602818,36.813857,139.934116,3,3,9999,0,1,0
true,41,114,4,2,0,3,40,1324,211,2023,1,22,16,45,13,6,49,16,55,1,3,1,14,7,0,0,0,0,4,9,1,70,1,2,21,45,45,3,4,31,31,1,1,1,1,11,11,10,10,10,30,3,3,2,2,2,2,4,2,364438227,1395729916,36.743952,139.95831,1,3,9999,9999,1,1
true,41,114,5,1,1,0,4610,0,211,2023,1,24,10,43,12,6,48,16,57,1,2,1,1,1,9,22,0,0,15,9,30,70,5,2,1,45,75,3,61,31,0,1,0,1,0,11,0,4,0,10,0,3,0,2,0,2,0,4,1,364758002,1395409896,36.799445,139.902749,3,3,9999,0,1,0
true,41,114,6,2,0,1,4610,0,384,2023,1,28,16,25,13,6,46,17,1,1,3,1,1,1,9,22,9,22,14,9,30,70,5,4,21,75,65,3,3,31,31,1,1,1,1,11,11,4,10,10,50,2,1,1,2,2,2,4,2,364627700,1395120786,36.774361,139.855774,7,3,337,9999,1,9
true,41,115,1,2,0,1,30000,0,215,2023,1,19,11,0,12,6,50,16,52,1,3,1,14,7,0,0,0,0,3,8,1,70,5,3,41,75,0,51,76,41,0,0,0,0,0,0,0,0,0,10,0,3,0,0,0,0,0,2,0,363933386,1400545402,36.659274,140.095945,5,3,0,0,0,0
true,41,115,2,2,0,1,99000,0,215,2023,1,28,11,57,12,6,46,17,1,1,2,1,0,7,0,0,0,0,0,0,20,70,0,4,21,65,35,3,3,31,31,1,1,1,1,11,11,10,10,70,60,3,3,2,2,2,2,4,2,363921280,1400907913,36.655911,140.152198,7,3,9999,9999,9,1
true,41,116,1,2,0,1,99000,0,344,2023,1,14,9,24,12,6,52,16,47,2,3,2,0,7,0,0,0,0,0,0,20,70,0,4,21,75,75,3,3,31,31,1,1,1,1,11,11,10,10,33,11,3,3,2,2,2,2,4,2,363216609,1400504938,36.537947,140.084705,7,3,867,197,9,9
true,41,119,1,2,0,1,4610,0,411,2023,1,15,12,11,12,6,52,16,48,2,3,1,13,7,0,0,0,0,3,3,20,70,5,4,41,25,0,34,75,31,0,0,0,0,0,11,0,10,0,10,0,2,0,0,0,0,0,2,0,364631174,1401449981,36.775326,140.247217,1,3,9999,0,1,0
true,41,122,1,2,0,2,30000,0,201,2023,1,1,14,14,12,6,52,16,35,1,3,1,1,7,1,21,9,22,14,6,30,70,4,4,21,45,45,3,3,31,31,1,1,1,1,11,11,10,10,10,10,2,3,1,2,1,2,2,2,363702633,1395721920,36.617398,139.956089,1,1,9999,9999,5,9
true,41,122,2,2,0,1,10640,0,201,2022,12,17,9,33,12,6,46,16,27,2,2,1,14,7,0,0,0,0,3,9,1,70,1,2,21,65,25,3,4,31,31,1,1,1,1,11,11,10,10,50,40,3,3,2,2,2,2,4,2,363328246,1395640733,36.557846,139.944648,7,3,9999,9999,9,1
true,41,122,3,2,0,1,30000,0,201,2023,1,5,17,39,22,6,53,16,38,1,2,1,1,7,9,22,9,22,11,9,30,70,5,4,21,45,45,3,51,31,41,1,0,1,0,11,0,10,0,10,40,3,3,2,0,2,0,4,2,363400224,1395626434,36.566729,139.940676,5,3,9999,0,1,0
true,41,122,4,2,0,1,30000,0,201,2023,1,6,11,10,12,6,53,16,39,1,3,1,14,1,0,0,0,0,3,9,1,70,4,2,21,75,65,3,51,31,41,1,0,1,0,11,0,10,0,30,20,3,3,2,0,2,0,4,2,363313957,1395432350,36.553877,139.908986,6,3,618,0,9,0
true,41,122,5,2,0,1,30000,0,201,2022,12,26,7,53,12,6,51,16,31,1,3,1,14,7,0,0,0,0,3,9,1,70,4,2,21,1,1,3,51,31,41,1,0,1,0,11,0,3,0,80,30,3,3,2,0,2,0,4,2,363334214,1395536332,36.559504,139.926759,2,3,9999,0,1,0
true,41,122,6,2,0,1,30000,0,201,2023,1,6,13,30,12,6,53,16,39,1,3,1,1,7,9,22,0,0,14,9,30,70,4,3,41,75,0,51,76,41,0,0,0,0,0,0,0,0,0,40,0,3,0,0,0,0,0,2,0,363626309,1395648412,36.607308,139.946781,6,3,0,0,0,0
true,41,122,7,2,0,1,40,1101,201,2023,1,9,18,21,22,6,53,16,42,1,1,1,1,7,9,22,9,22,14,9,30,70,5,2,21,55,35,14,35,31,31,11,0,2,0,11,11,4,4,70,10,3,3,2,0,2,0,4,2,363426965,1395459656,36.574157,139.916571,2,1,9999,9999,1,1
true,41,122,8,2,0,4,30000,0,201,2022,12,29,20,2,22,6,52,16,33,1,3,1,1,7,9,22,1,21,15,9,30,70,5,4,21,35,75,3,4,31,31,1,1,1,1,11,11,10,10,60,10,1,1,2,2,2,2,2,4,363600889,1395546553,36.600247,139.929598,5,3,9999,505,1,9
true,41,122,9,2,0,1,2930,0,201,2023,1,4,17,47,22,6,53,16,38,1,3,1,14,7,0,0,0,0,4,9,1,70,4,2,21,1,35,3,3,31,31,1,1,1,1,11,11,10,10,10,30,3,3,2,2,2,2,4,2,364038348,1395400781,36.677319,139.900217,4,3,9999,9999,1,5
true,41,122,10,2,0,5,10640,0,201,2023,1,4,15,15,12,6,53,16,38,1,3,1,14,7,0,0,0,0,3,9,1,70,1,2,21,55,45,3,4,31,31,1,1,1,1,11,11,10,10,30,10,3,3,2,2,2,1,2,4,363402060,1395910216,36.567239,139.986171,4,3,9999,9999,9,1
true,41,122,11,2,0,4,21250,0,201,2022,12,28,11,11,12,6,51,16,32,1,1,1,13,7,0,0,0,0,5,3,1,70,5,2,21,75,35,3,13,31,31,1,11,1,1,11,11,5,5,10,60,2,2,2,2,2,2,4,2,363855615,1395620652,36.648782,139.93907,4,3,433,9999,9,9
true,41,122,12,2,0,1,30000,0,201,2023,1,13,16,50,21,6,52,16,46,1,2,1,14,7,0,0,0,0,1,9,1,70,4,2,41,55,0,51,76,41,0,0,0,0,0,0,0,0,0,40,0,3,0,0,0,0,0,2,0,363404912,1395456621,36.568031,139.915728,6,3,0,0,0,0
true,41,122,13,2,0,1,30000,0,201,2022,12,21,18,20,22,6,48,16,28,2,2,1,1,1,9,22,9,22,15,9,30,70,4,2,21,55,25,3,13,31,31,1,11,1,1,11,11,10,4,40,10,2,2,2,2,2,2,2,4,363450527,1395552554,36.580702,139.931265,4,3,9999,9999,9,1
true,41,122,14,2,0,1,1230,0,201,2022,12,14,20,25,22,6,44,16,26,2,2,1,1,1,9,22,9,22,18,9,30,70,5,2,21,25,65,3,3,31,31,1,1,1,2,11,11,4,4,80,80,3,3,2,2,2,2,2,4,363243339,1395615868,36.545372,139.937741,4,3,9999,9999,1,9
true,41,122,15,2,0,1,30000,0,201,2023,1,16,18,13,22,6,51,16,49,2,1,2,1,7,1,21,0,0,15,9,30,70,5,2,1,35,45,3,61,31,0,1,0,1,0,11,0,10,0,80,0,3,0,2,0,2,0,4,2,363238069,1395515182,36.543908,139.920884,2,3,9999,0,9,0
true,41,122,16,2,0,1,1230,0,201,2023,1,10,19,30,22,6,53,16,43,1,1,1,14,7,0,0,0,0,3,9,1,70,4,2,21,55,55,3,3,31,31,1,1,1,1,11,11,4,4,10,30,3,3,2,2,2,2,4,2,363310336,1395412967,36.552871,139.903602,3,3,9999,9999,9,9
true,41,122,17,2,0,1,21250,0,201,2022,12,14,15,42,13,6,44,16,26,1,2,1,1,2,9,22,9,22,15,9,30,70,4,2,21,75,55,3,3,31,31,1,1,1,1,11,11,4,4,10,10,3,3,2,2,2,2,4,2,363353813,1395354946,36.564948,139.898596,4,3,435,9999,9,9
true,41,122,18,2,0,1,41,1052,201,2023,1,15,16,47,13,6,52,16,48,3,2,2,1,1,9,22,0,0,17,9,30,70,1,2,21,1,0,3,0,31,0,1,0,1,0,11,0,5,0,30,0,3,0,2,0,2,0,2,0,363338329,1395631297,36.560647,139.942027,1,3,9999,0,1,0
true,41,122,19,2,0,1,30000,0,201,2023,1,17,10,41,12,6,51,16,50,1,2,1,1,1,9,22,9,22,14,9,30,70,1,2,21,55,65,12,4,1,31,11,1,1,1,11,11,4,10,80,20,3,2,2,2,2,2,4,2,363217527,1395442160,36.538202,139.911711,3,3,9999,9999,9,9
true,41,122,20,2,0,1,1190,0,201,2023,1,18,12,10,12,6,51,16,51,1,3,1,1,7,1,21,9,22,14,9,30,70,5,2,21,55,35,14,51,1,41,11,0,1,0,11,0,10,0,50,40,3,3,2,0,2,0,4,2,363535754,1395458583,36.593265,139.916273,4,3,9999,0,9,0
true,41,122,21,2,0,1,40,1089,201,2023,1,18,7,40,11,6,51,16,51,1,1,1,1,7,9,22,9,22,17,9,30,70,5,2,21,75,1,4,51,31,41,1,0,1,0,11,0,10,0,50,40,3,3,2,0,2,0,4,2,363348146,1395457499,36.563374,139.915972,4,3,118,0,9,0
true,41,122,22,2,0,1,40,1067,201,2022,12,31,10,53,12,6,52,16,34,1,3,1,14,7,0,0,0,0,3,9,1,70,4,2,21,35,35,3,4,31,31,1,1,1,1,11,11,4,4,30,10,3,3,2,2,2,2,2,4,363249146,1395400619,36.546985,139.900172,7,2,9999,9999,5,5
true,41,122,23,2,0,1,99000,0,201,2023,1,19,10,43,12,6,50,16,52,1,2,1,0,7,0,0,0,0,0,0,20,70,0,4,1,55,75,3,61,31,0,1,0,1,0,11,0,10,0,80,0,3,0,2,0,2,0,4,2,363313370,1395539410,36.553714,139.927614,5,3,9999,0,9,0
true,41,122,24,2,0,1,41,1076,201,2023,1,20,19,10,22,6,50,16,53,1,1,1,1,1,9,22,9,22,17,9,30,70,1,1,21,45,35,3,4,31,31,1,1,1,1,11,11,5,5,50,40,2,2,1,2,2,2,4,2,363454843,1395621879,36.581901,139.939411,6,3,9999,9999,1,5
true,41,122,25,2,0,1,30000,0,201,2023,1,10,19,57,22,6,53,16,43,1,1,1,14,7,0,0,0,0,3,9,1,70,5,4,21,55,25,3,4,31,31,1,1,1,1,11,11,10,10,70,50,3,3,2,2,2,2,4,2,363332186,1395409986,36.558941,139.902774,3,3,9999,9999,9,1
true,41,122,26,2,0,2,41,1034,201,2023,1,20,12,45,12,6,50,16,53,1,2,1,7,7,0,0,0,0,2,9,1,70,5,2,21,35,1,3,4,31,31,1,1,1,1,11,11,10,10,30,10,3,3,2,2,2,2,2,4,363242378,1395614654,36.545105,139.937404,6,3,9999,9999,1,1
true,41,122,27,2,0,1,40,1083,201,2023,1,16,19,34,22,6,51,16,49,2,1,1,1,7,9,22,9,22,15,9,30,70,4,2,21,45,45,4,51,31,41,1,0,1,0,11,0,4,0,80,40,3,3,2,0,2,0,4,2,363331820,1395446868,36.558839,139.913019,2,3,9999,0,1,0
true,41,122,28,2,0,4,41,1050,201,2022,12,29,23,0,22,6,52,16,33,2,2,1,14,7,0,0,0,0,3,9,1,70,1,2,21,65,45,3,3,31,31,1,1,1,1,11,11,10,10,10,30,3,3,2,2,2,2,4,2,363505852,1395615349,36.584959,139.937597,5,3,9999,9999,9,5
true,41,122,29,2,0,1,30000,0,201,2022,12,5,16,39,21,6,37,16,25,2,1,1,1,7,9,22,9,22,15,9,30,70,4,2,21,35,25,3,51,31,41,1,0,1,0,11,0,10,0,50,40,3,3,2,0,2,0,4,2,363413984,1395527178,36.570551,139.924216,2,3,9999,0,1,0