資料区分,都道府県コード,警察署等コード,本票番号,事故内容,死者数,負傷者数,路線コード,地点コード,市区町村コード,発生日時　　年,発生日時　　月,発生日時　　日,発生日時　　時,発生日時　　分,昼夜,日の出時刻　　時,日の出時刻　　分,日の入り時刻　　時,日の入り時刻　　分,天候,地形,路面状態,道路形状,信号機,一時停止規制　標識（当事者A）,一時停止規制　表示（当事者A）,一時停止規制　標識（当事者B）,一時停止規制　表示（当事者B）,車道幅員,道路線形,衝突地点,ゾーン規制,中央分離帯施設等,歩車道区分,事故類型,年齢（当事者A）,年齢（当事者B）,当事者種別（当事者A）,当事者種別（当事者B）,用途別（当事者A）,用途別（当事者B）,車両形状等（当事者A）,車両形状等（当事者B）,オートマチック車（当事者A）,オートマチック車（当事者B）,サポカー（当事者A）,サポカー（当事者B）,速度規制（指定のみ）（当事者A）,速度規制（指定のみ）（当事者B）,車両の衝突部位（当事者A）,車両の衝突部位（当事者B）,車両の損壊程度（当事者A）,車両の損壊程度（当事者B）,エアバッグの装備（当事者A）,エアバッグの装備（当事者B）,サイドエアバッグの装備（当事者A）,サイドエアバッグの装備（当事者B）,人身損傷程度（当事者A）,人身損傷程度（当事者B）,地点　緯度（北緯）,地点　経度（東経）,地点　緯度（北緯）_1,地点　経度（東経）_1,曜日(発生年月日),祝日(発生年月日),認知機能検査経過日数（当事者A）,認知機能検査経過日数（当事者B）,運転練習の方法（当事者A）,運転練習の方法（当事者B）
true,41,122,30,2,0,2,21580,0,201,2023,1,20,18,26,22,6,50,16,53,1,2,1,14,7,0,0,0,0,1,9,1,70,4,2,21,25,25,3,3,31,31,1,1,1,1,11,11,3,3,10,31,3,3,2,2,2,2,4,2,363318832,1395642662,36.555231,139.945184,6,3,9999,9999,5,4
true,41,122,31,2,0,2,1190,0,201,2023,1,20,17,34,21,6,50,16,53,1,2,1,14,7,0,0,0,0,2,9,1,70,1,4,21,1,35,3,3,31,31,1,1,1,1,11,11,10,10,10,30,3,3,2,2,2,2,4,2,363526153,1395554422,36.590598,139.931784,6,3,9999,9999,1,1
true,41,122,32,2,0,1,30000,0,201,2023,1,24,16,11,13,6,48,16,57,2,3,1,1,7,1,21,9,22,14,9,30,70,5,4,21,75,65,3,4,31,31,1,1,1,1,11,11,3,5,10,11,2,1,1,2,2,2,4,2,364119180,1395535872,36.688661,139.926631,3,3,442,9999,9,9
true,41,122,33,2,0,1,1230,0,201,2023,1,11,14,22,12,6,53,16,44,1,1,1,1,1,9,22,9,22,14,9,30,70,5,3,21,55,45,3,4,1,31,1,1,1,1,11,11,4,4,40,80,3,3,2,2,2,2,4,2,363303686,1395455109,36.551024,139.915308,4,3,9999,9999,9,1
true,41,122,34,2,0,1,40,1090,201,2023,1,25,19,3,22,6,47,16,58,2,1,1,14,7,0,0,0,0,4,9,1,70,4,2,1,25,75,3,61,31,0,1,0,1,0,11,0,4,0,10,0,3,0,2,0,2,0,4,2,363352088,1395457542,36.564469,139.915984,4,3,9999,0,1,0
true,41,122,35,2,0,1,30000,0,201,2023,1,20,11,20,12,6,50,16,53,1,2,1,7,1,0,0,0,0,1,9,1,70,4,3,21,35,55,3,4,31,31,1,1,1,1,11,11,3,3,30,10,3,3,2,2,2,2,2,4,363357069,1395549997,36.565853,139.930555,6,3,9999,9999,1,9
true,41,122,36,2,0,1,30000,0,201,2023,1,26,18,8,22,6,47,16,59,1,2,1,1,7,9,22,0,0,11,9,30,70,5,2,1,35,1,3,61,31,0,1,0,1,0,11,0,3,0,10,0,3,0,2,0,2,0,4,2,363611905,1395647332,36.603307,139.946481,5,3,9999,0,1,0
true,41,122,37,2,0,1,30000,0,201,2023,1,26,22,40,22,6,47,16,59,1,2,1,14,7,0,0,0,0,1,9,1,70,5,2,41,45,0,51,75,41,0,0,0,0,0,0,0,0,0,10,0,3,0,0,0,0,0,2,0,363331147,1395504318,36.558652,139.917866,5,3,0,0,0,0
true,41,122,38,2,0,1,41,1031,201,2023,1,21,9,26,12,6,50,16,54,1,1,1,14,7,0,0,0,0,5,7,1,70,1,4,21,1,75,4,14,31,31,1,11,1,1,11,11,5,5,30,10,2,2,2,1,2,2,2,4,363234440,1395610115,36.5429,139.936143,7,3,9999,856,1,9
true,41,122,39,2,0,1,10460,0,201,2023,1,21,12,16,12,6,50,16,54,1,1,1,14,7,0,0,0,0,6,9,1,70,1,2,21,35,75,3,4,31,31,1,1,1,1,11,11,4,10,80,50,3,3,2,2,2,2,2,4,363242983,1395350946,36.545273,139.897485,7,3,9999,128,1,9
true,41,122,40,2,0,1,30000,0,201,2023,1,29,10,46,12,6,45,17,2,1,2,1,1,7,1,21,9,22,14,9,30,70,5,3,21,65,45,3,36,31,31,1,0,1,0,11,11,10,10,80,10,3,2,2,0,2,0,4,2,363352193,1395541448,36.564498,139.92818,1,3,9999,9999,1,5
true,41,122,41,2,0,1,40,1111,201,2023,1,23,8,59,12,6,49,16,56,2,2,1,14,7,0,0,0,0,3,9,1,70,5,2,21,25,45,3,3,31,31,1,1,1,1,11,11,4,4,10,30,3,3,2,2,2,2,4,2,363451038,1395524298,36.580844,139.923416,2,3,9999,9999,1,1
true,41,122,42,2,0,1,40,1106,201,2022,10,31,8,0,12,6,2,16,45,1,2,1,1,1,9,22,9,22,14,9,30,70,5,2,21,1,1,3,51,31,41,1,0,1,0,11,0,4,0,10,40,3,3,2,0,2,0,4,2,363440822,1395509469,36.578006,139.919297,2,3,9999,0,1,0
true,41,122,43,2,0,1,30000,0,201,2023,1,28,17,36,21,6,46,17,1,2,1,1,1,7,9,22,9,22,11,9,30,70,4,2,21,35,35,3,35,31,31,1,0,1,0,11,11,3,3,0,0,4,3,2,0,2,0,4,2,363418062,1395504806,36.571684,139.918002,7,3,9999,9999,5,1
true,41,122,44,2,0,1,30000,0,201,2023,1,31,13,21,12,6,43,17,5,1,3,1,1,1,9,22,9,22,15,9,30,70,5,2,21,45,65,4,4,31,31,1,1,1,1,11,11,4,10,50,80,1,1,1,1,1,1,4,2,363540121,1395423278,36.594478,139.906466,3,3,9999,9999,9,9
true,41,123,1,2,0,2,30000,0,201,2023,1,2,11,21,12,6,53,16,36,1,1,1,1,7,9,22,1,21,15,9,30,70,5,3,21,25,75,3,4,31,31,1,1,1,1,11,11,3,3,80,10,2,2,2,1,2,2,2,2,363116036,1395154245,36.521121,139.865068,2,1,9999,523,1,9
true,41,123,2,2,0,1,40,630,201,2023,1,4,5,5,22,6,53,16,38,1,1,1,1,1,9,22,0,0,18,9,30,70,4,2,1,45,65,12,61,1,0,11,0,1,0,11,0,4,0,80,0,3,0,2,0,2,0,4,2,362927528,1395219859,36.49098,139.872183,4,3,9999,0,9,0
true,41,123,3,2,0,2,99000,0,201,2022,12,22,7,18,11,6,49,16,29,3,1,2,0,7,0,0,0,0,0,0,20,70,0,4,21,25,45,3,4,31,31,1,1,1,1,11,11,10,10,60,60,3,3,2,2,2,2,2,4,363005623,1395228060,36.501562,139.874461,5,3,9999,9999,9,5
true,41,123,4,2,0,1,1210,0,201,2022,12,30,13,24,12,6,52,16,34,1,1,1,14,7,0,0,0,0,6,9,1,70,1,2,21,55,75,3,3,31,31,1,1,1,1,11,11,4,4,10,30,2,2,2,2,2,2,4,2,363019469,1395145716,36.505408,139.862699,6,3,9999,756,9,9
true,41,123,5,2,0,1,5090,0,201,2022,12,19,7,41,11,6,47,16,27,1,3,1,14,7,0,0,0,0,4,9,1,70,4,2,21,1,1,51,51,41,41,0,0,0,0,0,0,0,0,10,10,3,3,0,0,0,0,4,2,363117166,1395015511,36.521435,139.837642,2,3,0,0,0,0
true,41,123,6,2,0,1,99000,0,201,2023,1,8,10,46,12,6,53,16,41,1,1,1,0,7,0,0,0,0,0,0,20,70,0,4,1,35,55,3,61,31,0,1,0,1,0,11,0,10,0,50,0,3,0,2,0,2,0,4,2,363139871,1395114231,36.527742,139.853953,1,2,9999,0,1,0
true,41,123,7,2,0,1,5090,0,201,2022,11,16,8,45,12,6,18,16,31,1,3,1,1,7,1,21,9,22,14,9,30,70,4,2,21,35,35,4,36,31,31,1,0,1,0,11,11,10,10,50,40,3,3,2,0,2,0,4,2,363117375,1395009103,36.521493,139.835862,4,3,9999,9999,1,5
true,41,123,8,2,0,1,30000,0,201,2022,12,14,18,5,22,6,44,16,26,1,1,1,1,7,9,22,9,21,11,9,30,70,5,4,21,55,55,3,4,31,31,1,1,1,1,11,11,10,10,80,52,2,2,1,2,2,2,2,4,362925692,1395114188,36.49047,139.853941,4,3,9999,9999,9,4
true,41,123,9,2,0,1,41,986,201,2022,12,30,18,20,22,6,52,16,34,1,2,1,14,7,0,0,0,0,6,9,1,70,1,2,21,1,35,3,3,31,31,1,1,1,1,11,11,10,10,10,30,3,3,2,2,2,2,4,2,363019447,1395501574,36.505402,139.917104,6,3,9999,9999,1,1
true,41,123,10,2,0,1,10350,0,201,2023,1,11,18,3,22,6,53,16,44,1,1,1,14,7,0,0,0,0,3,9,1,70,4,3,21,25,1,3,3,31,31,1,1,1,2,11,11,4,4,10,30,3,3,2,2,2,2,4,2,363151578,1395326070,36.530994,139.890575,4,3,9999,9999,5,5
true,41,123,11,2,0,4,30000,0,201,2023,1,14,14,54,12,6,52,16,47,1,1,1,1,1,9,22,9,22,14,9,30,70,4,2,21,65,25,3,3,31,31,1,1,1,1,11,11,3,3,10,20,2,2,1,2,2,2,2,2,363021067,1395121636,36.505852,139.85601,7,3,9999,9999,9,1
true,41,123,12,2,0,1,30000,0,201,2023,1,16,19,10,22,6,51,16,49,2,2,1,1,1,9,22,0,0,19,9,30,70,1,1,41,45,0,51,75,41,0,0,0,0,0,0,0,0,0,10,0,3,0,0,0,0,0,2,0,363025207,1395501502,36.507002,139.917084,2,3,0,0,0,0
true,41,123,13,2,0,2,30000,0,201,2023,1,16,13,35,12,6,51,16,49,2,1,1,1,1,9,22,9,22,18,9,30,70,1,1,21,55,1,3,14,31,1,1,11,1,1,11,11,4,4,10,31,3,3,2,2,1,1,4,2,363203592,1395123386,36.534331,139.856496,2,3,9999,9999,9,5
true,41,123,14,2,0,1,40,1050,201,2023,1,15,18,46,22,6,52,16,48,3,2,2,1,7,9,22,0,0,14,9,30,70,4,2,21,35,0,3,0,31,0,1,0,1,0,11,0,10,0,80,0,3,0,2,0,2,0,2,0,363226070,1395307516,36.540575,139.885421,1,3,9999,0,1,0
true,41,123,15,2,0,1,30000,0,201,2023,1,17,12,50,12,6,51,16,50,1,1,1,14,7,0,0,0,0,3,9,1,70,5,2,41,75,0,51,76,41,0,0,0,0,0,0,0,0,0,10,0,3,0,0,0,0,0,2,0,363205687,1395257936,36.534913,139.88276,3,3,0,0,0,0
true,41,123,16,2,0,1,99000,0,201,2023,1,13,18,40,22,6,52,16,46,1,2,1,0,7,0,0,0,0,0,0,20,70,0,4,21,35,25,3,3,31,31,1,1,1,1,11,11,10,10,60,60,3,3,2,2,2,2,4,2,362931628,1395119386,36.492119,139.855385,6,3,9999,9999,1,1
true,41,123,17,2,0,1,30000,0,201,2023,1,20,19,11,22,6,50,16,53,1,3,1,1,7,9,22,1,21,15,9,30,70,5,2,21,35,1,3,51,31,41,1,0,1,0,11,0,10,0,10,40,3,2,2,0,2,0,4,2,362808616,1395320375,36.46906,139.888993,6,3,9999,0,1,0
true,41,123,18,2,0,1,99000,0,201,2023,1,15,16,5,13,6,52,16,48,3,2,1,0,7,0,0,0,0,0,0,20,70,0,4,41,0,0,75,0,0,0,0,0,0,0,0,0,0,0,0,0,0,0,0,0,0,0,0,0,362935711,1395436738,36.493253,139.910205,1,3,0,0,0,0
true,41,123,19,2,0,2,30000,0,201,2023,1,21,9,49,12,6,50,16,54,1,2,1,14,7,0,0,0,0,3,9,1,70,1,1,21,1,65,3,4,31,31,1,1,1,1,11,11,10,10,80,60,2,2,2,2,2,2,4,2,362956054,1395418904,36.498904,139.905251,7,3,9999,9999,1,9
true,41,123,20,2,0,1,10350,0,201,2023,1,3,14,54,12,6,53,16,37,1,3,1,1,1,9,22,9,22,14,9,30,70,4,2,21,25,1,4,51,31,41,1,0,1,0,11,0,4,0,50,40,3,3,2,0,2,0,4,2,363118977,1395335837,36.521938,139.893288,3,3,9999,0,1,0
true,41,123,21,2,0,1,30000,0,201,2023,1,26,8,45,12,6,47,16,59,1,1,1,1,7,9,22,1,21,14,9,30,70,5,4,21,65,65,4,51,31,41,1,0,1,0,11,0,10,0,10,10,3,3,2,0,2,0,4,2,363027400,1395450558,36.507611,139.914044,5,3,9999,0,9,0
true,41,123,22,2,0,1,30000,0,201,2023,1,13,6,39,23,6,52,16,46,1,1,1,1,7,1,21,9,22,14,9,30,70,4,2,21,45,65,3,3,31,1,1,1,1,1,11,11,10,10,80,60,3,3,2,2,2,2,4,2,363225703,1395358027,36.540473,139.899452,6,3,9999,9999,5,9
true,41,123,23,2,0,1,99000,0,201,2023,1,26,18,8,22,6,47,16,59,1,1,1,0,7,0,0,0,0,0,0,20,70,0,2,41,65,0,51,75,41,0,0,0,0,0,0,0,0,0,20,0,3,0,0,0,0,0,2,0,363059911,1395123076,36.516642,139.85641,5,3,0,0,0,0
true,41,123,24,2,0,1,30000,0,201,2023,1,27,7,58,12,6,46,17,0,1,1,1,1,7,9,22,9,22,15,9,30,70,5,4,21,25,1,3,51,31,41,1,0,1,0,11,0,10,0,20,10,3,3,2,0,2,0,4,2,363208351,1395433559,36.535653,139.909322,6,3,9999,0,1,0
true,41,123,25,2,0,1,41,987,201,2023,1,22,12,55,12,6,49,16,55,1,2,1,1,1,9,22,9,22,15,9,30,70,1,2,21,75,65,3,3,31,31,1,1,1,1,11,11,10,10,10,50,1,1,1,2,1,2,4,2,363025157,1395503670,36.506988,139.917686,1,3,857,9999,9,9
true,41,123,26,2,0,1,30000,0,201,2023,1,21,12,40,12,6,50,16,54,1,2,1,1,1,9,22,0,0,15,9,30,70,1,2,1,55,1,4,61,31,0,1,0,1,0,11,0,10,0,40,0,3,0,2,0,2,0,4,2,362932550,1395428091,36.492375,139.907803,7,3,9999,0,9,0
true,41,123,27,2,0,1,21840,0,201,2023,1,12,17,10,21,6,52,16,45,1,2,1,14,7,0,0,0,0,3,9,1,70,4,4,21,1,65,4,36,31,31,1,0,1,0,11,11,10,10,50,10,3,3,2,0,2,0,4,2,362930988,1395114598,36.491941,139.854055,5,3,9999,9999,1,1
true,41,123,28,2,0,5,40,1050,201,2023,1,27,21,12,22,6,46,17,0,1,2,1,14,7,0,0,0,0,2,7,1,70,4,2,21,1,25,3,13,31,31,1,11,1,1,11,11,4,4,31,10,2,2,2,1,2,2,2,4,363225153,1395305980,36.54032,139.884994,6,3,9999,9999,1,1
true,41,123,29,2,0,1,30000,0,201,2023,1,17,13,34,12,6,51,16,50,1,2,1,14,7,0,0,0,0,6,9,1,70,4,2,21,35,45,3,3,31,31,1,1,1,1,11,11,3,3,10,30,3,3,2,2,2,2,4,2,363200586,1395220644,36.533496,139.872401,3,3,9999,9999,1,9
true,41,123,30,2,0,1,23200,0,201,2022,12,12,16,47,21,6,43,16,25,1,1,1,7,1,0,0,0,0,4,9,1,70,5,2,21,25,35,3,4,31,31,1,1,1,1,11,11,4,4,80,50,3,3,2,2,2,2,4,2,363206295,1395352778,36.535082,139.897994,2,3,9999,9999,1,1
true,41,59,4,2,0,1,41010,583,204,2022,12,13,6,54,11,6,43,16,25,2,3,1,14,7,0,0,0,0,5,9,1,70,1,4,21,55,1,12,3,31,31,11,1,1,1,11,11,8,8,30,10,3,2,2,2,2,1,2,4,361914304,1393704588,36.32064,139.617941,3,3,9999,9999,9,5
true,41,59,5,2,0,1,42530,1087,361,2022,12,21,15,36,13,6,48,16,28,1,3,1,14,7,0,0,0,0,5,9,1,70,1,4,21,1,0,3,0,31,0,1,0,1,0,11,0,8,0,80,0,3,0,2,0,2,0,2,0,362718670,1394839607,36.455186,139.811002,4,3,9999,0,1,0
true,41,101,24,2,0,1,30000,0,201,2023,1,31,18,7,22,6,43,17,5,1,1,1,14,7,0,0,0,0,5,9,1,70,4,2,1,45,75,3,61,31,0,1,0,1,0,11,0,10,0,80,0,3,0,2,0,2,0,4,2,363332882,1395333436,36.559134,139.892621,3,3,9999,0,9,0
true,41,101,25,2,0,1,30000,0,201,2023,2,2,9,35,12,6,42,17,7,1,2,1,11,7,0,0,0,0,1,7,1,70,4,2,41,65,0,51,76,41,0,0,0,0,0,0,0,0,0,0,0,4,0,0,0,0,0,2,0,363215583,1395100119,36.537662,139.850033,5,3,0,0,0,0
true,41,101,26,2,0,1,1190,0,201,2023,1,29,22,26,22,6,45,17,2,1,2,1,1,7,9,22,9,22,19,9,30,70,4,2,21,25,1,4,51,31,41,1,0,1,0,11,0,4,0,50,10,3,3,2,0,2,0,4,2,363238296,1395248968,36.543971,139.880269,1,3,9999,0,1,0
true,41,101,27,2,0,1,30000,0,201,2023,1,23,14,23,12,6,49,16,56,2,1,1,14,7,0,0,0,0,4,9,1,70,4,2,21,25,65,3,14,31,1,1,11,1,2,11,11,3,3,30,10,3,3,2,2,2,2,2,4,363324059,1395324547,36.556683,139.890152,2,3,9999,9999,1,9
true,41,101,28,2,0,1,99000,0,201,2023,1,19,15,40,12,6,50,16,52,1,3,1,0,7,0,0,0,0,0,0,20,70,0,4,21,75,45,4,4,31,31,1,1,1,1,11,11,10,10,80,50,3,3,2,2,2,2,4,2,363442895,1395043523,36.578582,139.845423,5,3,475,9999,9,9
true,41,101,29,2,0,1,10220,0,201,2022,12,27,16,48,21,6,51,16,32,1,2,1,1,7,9,22,9,22,11,9,30,70,4,3,21,35,1,4,51,31,41,1,0,1,0,11,0,3,0,10,40,3,3,2,0,2,0,4,2,363512361,1395117770,36.586767,139.854936,3,3,9999,0,1,0
true,41,101,30,2,0,1,10030,0,201,2023,1,28,12,30,12,6,46,17,1,1,2,1,7,1,0,0,0,0,5,9,1,70,4,2,21,55,65,3,4,31,31,1,1,1,1,11,11,1,2,10,30,3,3,2,2,2,2,4,2,363359663,1395100305,36.566573,139.850085,7,3,9999,9999,9,9
true,41,101,31,2,0,1,99000,0,201,2023,1,31,10,30,12,6,43,17,5,1,2,1,0,7,0,0,0,0,0,0,20,70,0,4,21,75,25,3,3,31,31,1,1,1,1,11,11,10,10,10,40,2,3,1,2,2,2,4,2,363446193,1395209001,36.579498,139.869167,3,3,229,9999,9,5
true,41,101,32,2,0,1,30000,0,201,2022,11,19,4,46,22,6,22,16,30,1,1,1,1,1,9,22,9,22,15,9,30,70,4,2,21,35,25,3,13,31,31,1,11,1,1,11,11,3,3,10,50,2,2,1,1,2,2,4,4,363326626,1395258786,36.557396,139.882996,7,3,9999,9999,1,1
true,41,101,33,2,0,1,99000,0,201,2023,2,9,12,30,12,6,36,17,14,1,3,1,0,7,0,0,0,0,0,0,20,70,0,2,41,75,0,51,76,41,0,0,0,0,0,0,0,0,0,40,0,3,0,0,0,0,0,2,0,363819536,1395035020,36.63876,139.843061,5,3,0,0,0,0
true,41,101,34,2,0,1,1190,0,201,2023,2,9,20,58,22,6,36,17,14,1,1,1,14,7,0,0,0,0,3,9,1,70,4,2,21,35,1,3,51,31,41,1,0,1,0,11,0,10,0,80,10,3,2,2,0,2,0,4,2,363415676,1395210736,36.571021,139.869649,5,3,9999,0,9,0
true,41,101,35,2,0,1,30000,0,201,2023,2,10,17,58,21,6,35,17,15,3,1,2,1,7,1,21,0,0,11,9,30,70,5,4,41,55,0,51,75,41,0,0,0,0,0,0,0,0,0,40,0,3,0,0,0,0,0,2,0,363337613,1395312520,36.560448,139.886811,6,2,0,0,0,0
true,41,101,36,2,0,1,30000,0,201,2023,2,11,18,30,22,6,34,17,16,1,1,1,14,7,0,0,0,0,2,9,1,70,5,3,41,35,0,4,75,31,0,1,0,1,0,11,0,1,0,58,0,2,0,2,0,2,0,4,0,363346319,1395255249,36.562866,139.882014,7,1,9999,0,1,0
true,41,101,37,2,0,1,30000,0,201,2023,2,12,15,15,12,6,32,17,17,1,2,1,7,7,0,0,0,0,3,9,1,1,5,4,41,75,0,51,76,41,0,0,0,0,0,0,0,0,0,44,0,3,0,0,0,0,0,2,0,363420608,1395246675,36.572391,139.879632,1,3,0,0,0,0
true,41,101,38,2,0,1,10040,0,201,2023,1,27,11,22,12,6,46,17,0,1,1,1,1,1,9,22,9,22,19,9,30,70,1,2,21,75,25,3,4,31,31,1,1,1,2,11,11,3,3,80,70,3,3,2,2,2,2,4,2,363343002,1395232412,36.561945,139.87567,6,3,252,9999,9,1
true,41,101,39,2,0,1,10700,0,201,2023,2,13,18,58,22,6,31,17,18,3,1,2,1,1,9,22,9,22,18,9,30,70,1,2,21,25,65,3,4,31,31,1,1,1,1,11,11,3,3,50,50,1,1,1,2,2,2,4,2,363410942,1395139913,36.569706,139.861087,2,3,9999,9999,1,9
true,41,101,40,2,0,1,30000,0,201,2023,1,23,16,30,13,6,49,16,56,2,1,1,14,7,0,0,0,0,2,9,1,70,5,4,21,1,0,36,0,31,0,0,0,0,0,11,0,10,0,30,0,3,0,0,0,0,0,2,0,363428556,1395131867,36.574599,139.858852,2,3,9999,0,5,0
true,41,101,41,2,0,1,99000,0,201,2022,11,15,11,10,12,6,17,16,32,3,3,1,0,7,0,0,0,0,0,0,20,70,0,4,1,75,75,4,61,31,0,1,0,1,0,11,0,10,0,80,0,3,0,2,0,2,0,4,2,363515468,1395149838,36.58763,139.863844,3,3,543,0,1,0
true,41,101,42,2,0,1,1190,0,201,2023,2,13,9,35,12,6,31,17,18,3,1,1,14,7,0,0,0,0,1,9,1,70,4,2,21,45,45,3,4,31,31,1,1,1,1,11,11,10,10,70,50,3,3,2,2,2,2,2,4,363320851,1395245570,36.555792,139.879325,2,3,9999,9999,5,1
true,41,101,43,2,0,1,10350,0,201,2023,1,14,9,42,12,6,52,16,47,2,1,1,1,1,9,22,0,0,15,9,30,70,4,4,1,65,65,3,61,31,0,1,0,1,0,11,0,1,0,50,0,3,0,2,0,2,0,4,2,363316870,1395314611,36.554686,139.887392,7,3,9999,0,9,0
true,41,101,44,2,0,1,10350,0,201,2023,2,9,11,57,12,6,36,17,14,1,1,1,1,7,1,21,9,22,14,9,30,70,4,2,21,75,55,3,51,31,41,1,0,1,0,11,0,10,0,80,10,3,2,2,0,2,0,4,2,363336536,1395317938,36.560149,139.888316,5,3,265,0,9,0
true,41,101,45,2,0,3,10700,0,201,2023,2,17,12,16,12,6,27,17,22,1,3,1,1,1,9,22,9,22,14,9,30,70,4,2,21,75,35,4,4,31,31,1,1,1,1,11,11,3,3,11,48,1,1,1,2,2,2,2,2,363500571,1395008556,36.583492,139.83571,6,3,444,9999,9,1
true,41,101,46,2,0,1,30000,0,201,2023,2,18,9,20,12,6,26,17,23,1,1,1,1,1,9,22,9,22,15,9,30,70,4,2,21,75,35,3,3,31,31,1,1,1,1,11,11,2,2,50,10,3,3,2,2,2,2,4,2,363419189,1395149316,36.571997,139.863699,7,3,394,9999,9,1
true,41,101,47,2,0,1,99000,0,201,2023,2,5,14,11,12,6,39,17,10,1,1,1,0,7,0,0,0,0,0,0,20,70,0,4,21,55,35,4,4,31,31,1,1,1,1,11,11,10,10,80,80,3,3,2,2,2,2,4,2,363354335,1395207259,36.565093,139.868683,1,3,9999,9999,9,5
true,41,101,48,2,0,1,30010,0,201,2023,1,30,9,55,12,6,44,17,3,1,1,1,14,7,0,0,0,0,5,9,1,70,4,2,21,55,35,3,14,31,31,1,11,1,1,11,11,3,3,30,10,3,3,2,2,2,2,2,4,363425608,1395242290,36.57378,139.878414,2,3,9999,9999,9,9
true,41,101,49,2,0,1,30000,0,201,2023,2,10,7,55,12,6,35,17,15,5,1,1,1,7,9,22,1,21,14,9,30,70,5,4,21,35,1,4,51,31,41,1,0,1,0,11,0,2,0,50,10,3,3,2,0,2,0,4,2,363447582,1395311119,36.579884,139.886422,6,2,9999,0,1,0
true,41,101,50,2,0,1,30010,0,201,2023,2,8,13,0,12,6,36,17,13,1,1,1,1,7,9,22,9,22,18,9,30,70,4,2,21,1,1,4,51,31,41,1,0,1,0,11,0,3,0,50,0,3,3,2,0,2,0,4,2,363428243,1395233013,36.574512,139.875837,4,3,9999,0,1,0
true,41,101,51,2,0,1,10010,0,201,2023,2,23,19,40,22,6,20,17,28,1,1,1,1,1,9,22,9,22,19,9,30,70,1,2,21,1,1,3,51,31,41,1,0,1,0,11,0,3,0,10,40,3,3,2,0,2,0,4,2,363339092,1395319248,36.560859,139.88868,5,1,9999,0,1,0
true,41,101,52,2,0,1,30000,0,201,2023,2,24,10,35,12,6,18,17,29,2,1,1,1,7,1,21,9,22,14,9,30,70,4,4,21,65,35,3,36,31,31,1,0,1,0,11,11,10,10,10,40,3,3,2,0,2,0,4,2,363312373,1395157481,36.553437,139.865967,6,3,9999,9999,9,5
true,41,101,53,2,0,1,30000,0,201,2023,1,5,7,58,12,6,53,16,38,1,3,1,1,7,1,21,9,22,14,9,30,70,4,4,21,35,1,4,51,31,41,1,0,1,0,11,0,10,0,40,10,3,3,2,0,2,0,4,2,363637768,1394936538,36.610491,139.826816,5,3,9999,0,1,0
true,41,101,54,2,0,1,30040,0,201,2023,2,24,19,40,22,6,18,17,29,3,1,1,7,1,0,0,0,0,4,9,1,70,1,2,21,25,35,3,3,31,31,1,1,1,1,11,11,3,2,10,30,3,3,2,2,2,2,4,2,363305904,1395309982,36.55164,139.886106,6,3,9999,9999,1,5
true,41,101,55,2,0,1,30000,0,201,2023,2,28,14,30,12,6,13,17,33,1,3,1,14,7,0,0,0,0,2,9,1,70,5,3,1,75,1,3,61,31,0,1,0,1,0,11,0,1,0,80,0,3,0,2,0,2,0,4,2,363338362,1395231076,36.560656,139.875299,3,3,669,0,5,0
true,41,102,28,2,0,1,10440,0,203,2023,1,27,10,30,12,6,46,17,0,2,2,1,1,7,9,22,1,21,11,9,30,70,5,3,21,25,75,3,4,31,31,1,1,1,1,11,11,3,10,40,10,1,3,1,2,2,2,2,4,362304520,1394432705,36.384589,139.742418,6,3,9999,969,1,9
true,41,102,29,2,0,1,10020,0,203,2023,1,29,10,25,12,6,45,17,2,1,2,1,1,1,9,22,9,22,18,9,30,70,1,2,21,35,1,3,3,31,31,1,1,1,1,11,11,4,4,40,52,3,3,2,2,2,2,4,2,362345719,1394511999,36.396033,139.753333,1,3,9999,9999,5,1
true,41,102,30,2,0,1,30000,0,203,2023,1,31,13,12,12,6,43,17,5,1,2,1,1,7,1,21,9,22,15,9,30,70,4,2,21,65,25,3,4,31,31,1,1,1,1,11,11,10,3,50,50,3,3,2,2,2,2,4,2,362040942,1394231259,36.344706,139.708683,3,3,9999,9999,9,5
true,41,102,31,2,0,2,10320,0,203,2023,2,4,14,5,12,6,40,17,9,1,3,1,7,1,0,0,0,0,4,9,1,70,5,2,21,55,75,3,4,31,31,1,1,1,1,11,11,4,4,30,10,3,3,2,2,2,2,2,4,362502881,1394136089,36.417467,139.693358,7,3,9999,429,9,9
true,41,102,32,2,0,1,10020,0,361,2023,2,3,8,45,12,6,41,17,8,1,3,1,1,1,9,22,9,22,15,9,30,70,1,2,21,25,1,3,14,31,31,1,11,1,2,11,11,10,10,10,30,3,3,2,2,2,2,4,2,363003006,1394956161,36.500835,139.832267,6,3,9999,9999,1,5
true,41,102,33,2,0,1,22690,0,203,2023,2,8,12,57,12,6,36,17,13,1,2,1,1,8,9,22,9,22,15,9,30,70,4,2,21,35,25,3,4,31,31,1,1,1,1,11,11,3,3,30,10,3,3,2,2,2,2,2,4,362218934,1394238466,36.371926,139.710685,4,3,9999,9999,1,1