資料区分,都道府県コード,警察署等コード,本票番号,事故内容,死者数,負傷者数,路線コード,地点コード,市区町村コード,発生日時　　年,発生日時　　月,発生日時　　日,発生日時　　時,発生日時　　分,昼夜,日の出時刻　　時,日の出時刻　　分,日の入り時刻　　時,日の入り時刻　　分,天候,地形,路面状態,道路形状,信号機,一時停止規制　標識（当事者A）,一時停止規制　表示（当事者A）,一時停止規制　標識（当事者B）,一時停止規制　表示（当事者B）,車道幅員,道路線形,衝突地点,ゾーン規制,中央分離帯施設等,歩車道区分,事故類型,年齢（当事者A）,年齢（当事者B）,当事者種別（当事者A）,当事者種別（当事者B）,用途別（当事者A）,用途別（当事者B）,車両形状等（当事者A）,車両形状等（当事者B）,オートマチック車（当事者A）,オートマチック車（当事者B）,サポカー（当事者A）,サポカー（当事者B）,速度規制（指定のみ）（当事者A）,速度規制（指定のみ）（当事者B）,車両の衝突部位（当事者A）,車両の衝突部位（当事者B）,車両の損壊程度（当事者A）,車両の損壊程度（当事者B）,エアバッグの装備（当事者A）,エアバッグの装備（当事者B）,サイドエアバッグの装備（当事者A）,サイドエアバッグの装備（当事者B）,人身損傷程度（当事者A）,人身損傷程度（当事者B）,地点　緯度（北緯）,地点　経度（東経）,地点　緯度（北緯）_1,地点　経度（東経）_1,曜日(発生年月日),祝日(発生年月日),認知機能検査経過日数（当事者A）,認知機能検査経過日数（当事者B）,運転練習の方法（当事者A）,運転練習の方法（当事者B）
true,41,102,34,2,0,3,10090,0,203,2023,1,25,17,5,21,6,47,16,58,1,2,1,1,1,9,22,9,22,14,9,30,70,5,3,21,65,1,3,3,31,31,1,1,1,1,11,11,3,10,10,40,2,3,2,2,2,2,4,2,361520300,1393859467,36.255639,139.649852,4,3,9999,9999,9,1
true,41,102,35,2,0,1,500,601,203,2023,2,9,15,27,12,6,36,17,14,1,3,1,14,1,0,0,0,0,3,9,1,70,1,2,21,55,55,17,3,1,31,11,1,2,1,11,11,10,10,30,10,3,2,2,2,2,2,2,4,361852304,1393942790,36.314529,139.661886,5,3,9999,9999,9,9
true,41,102,36,2,0,1,30000,0,203,2023,2,13,9,40,12,6,31,17,18,3,1,2,7,1,0,0,0,0,2,9,1,70,4,2,41,75,0,51,76,41,0,0,0,0,0,0,0,0,0,40,0,3,0,0,0,0,0,2,0,362222123,1394350081,36.372812,139.730578,2,3,0,0,0,0
true,41,102,37,2,0,1,30000,0,203,2023,1,26,19,2,22,6,47,16,59,1,3,1,1,7,9,22,1,22,14,9,30,70,4,3,21,45,45,3,4,31,31,1,1,1,1,11,11,4,10,40,10,2,2,1,1,1,1,2,4,362225349,1394603220,36.373708,139.767561,5,3,9999,9999,9,9
true,41,102,38,2,0,1,10710,0,361,2023,1,22,14,27,12,6,49,16,55,1,3,1,14,7,0,0,0,0,3,9,1,70,5,2,21,75,35,3,32,31,31,1,0,1,0,11,11,4,4,50,41,3,3,2,0,2,0,4,2,362744374,1394957907,36.462326,139.832752,1,3,9999,9999,9,1
true,41,102,39,2,0,1,99000,0,203,2023,2,10,12,38,12,6,35,17,15,5,2,2,0,7,0,0,0,0,0,0,20,70,0,4,21,35,55,4,4,31,31,1,1,1,1,11,11,10,10,30,70,3,3,2,2,2,2,4,2,362418900,1394432478,36.40525,139.742355,6,2,9999,9999,1,9
true,41,102,40,2,0,1,10030,0,203,2023,2,15,11,21,12,6,29,17,20,1,1,1,14,7,0,0,0,0,4,9,1,70,4,2,21,25,35,4,51,31,41,1,0,1,0,11,0,3,0,10,20,3,3,2,0,2,0,4,2,362311458,1394407188,36.386516,139.73533,4,3,9999,0,5,0
true,41,102,41,2,0,1,30000,0,203,2023,2,18,9,27,12,6,26,17,23,1,2,1,1,7,9,22,9,22,14,9,30,70,5,3,21,35,35,3,35,31,31,1,0,1,0,11,11,10,2,50,10,3,2,2,0,2,0,4,2,361953692,1393819457,36.331581,139.638738,7,3,9999,9999,1,1
true,41,102,42,2,0,1,500,556,203,2023,2,7,19,15,22,6,37,17,12,1,3,1,14,1,0,0,0,0,5,9,1,70,1,2,21,65,45,3,3,31,31,1,1,1,1,11,11,5,5,10,10,3,3,2,2,2,2,4,2,361744380,1393713649,36.295661,139.620458,3,3,9999,9999,1,9
true,41,102,43,2,0,1,20000,0,203,2023,2,20,7,35,12,6,23,17,25,1,3,1,14,7,0,0,0,0,1,9,1,70,4,2,21,65,55,3,3,31,31,1,1,1,1,11,11,4,4,10,30,3,2,2,2,2,2,4,2,361853683,1393815655,36.314912,139.637682,2,3,9999,9999,9,9
true,41,102,44,2,0,1,30000,0,203,2023,2,20,10,20,12,6,23,17,25,1,3,1,1,1,9,22,9,22,15,9,30,70,4,2,21,55,75,3,51,31,41,1,0,1,0,11,0,3,0,10,30,3,2,2,0,2,0,4,2,362047911,1394212031,36.346642,139.703342,2,3,9999,0,9,0
true,41,102,45,2,0,1,99000,0,361,2022,10,20,17,30,21,5,52,16,58,1,3,1,0,7,0,0,0,0,0,0,20,70,0,4,21,75,75,3,4,31,31,1,1,1,1,11,11,10,10,30,10,3,3,2,2,2,2,4,2,362746994,1395023410,36.463054,139.839836,5,3,807,153,9,9
true,41,102,46,2,0,1,500,595,203,2023,2,21,9,57,12,6,22,17,26,1,3,1,7,1,0,0,0,0,4,9,1,70,1,2,41,45,0,11,75,31,0,11,0,2,0,11,0,5,0,0,0,3,0,2,0,2,0,4,0,361846951,1393918511,36.313042,139.655142,3,3,9999,0,1,0
true,41,102,47,2,0,1,30000,0,203,2023,2,21,11,30,12,6,22,17,26,1,2,1,14,7,0,0,0,0,3,9,20,70,5,2,41,65,0,51,76,41,0,0,0,0,0,0,0,0,0,20,0,4,0,0,0,0,0,2,0,362350035,1394409910,36.397232,139.736086,3,3,0,0,0,0
true,41,102,48,2,0,1,30000,0,203,2023,1,23,12,10,12,6,49,16,56,2,2,1,1,7,1,22,9,22,15,9,30,70,5,2,21,55,65,14,51,31,41,11,0,1,0,11,0,10,0,10,20,3,3,2,0,2,0,4,2,362328345,1394410716,36.391207,139.73631,2,3,9999,0,9,0
true,41,102,49,2,0,1,500,605,203,2023,2,17,19,2,22,6,27,17,22,1,3,1,14,1,0,0,0,0,4,9,1,70,1,2,21,25,1,3,14,31,1,1,11,1,1,11,11,5,5,30,10,3,3,2,2,2,2,2,4,361851664,1393958216,36.314351,139.666171,6,3,9999,9999,5,1
true,41,102,50,2,0,1,23090,0,203,2023,2,7,20,38,22,6,37,17,12,2,1,1,1,1,9,22,0,0,19,9,30,70,1,2,1,25,25,4,61,31,0,1,0,1,0,11,0,4,0,20,0,3,0,2,0,2,0,4,2,362335102,1394329633,36.393084,139.724898,3,3,9999,0,1,0
true,41,102,51,2,0,1,10110,0,203,2023,2,25,14,41,12,6,17,17,30,2,1,1,14,7,0,0,0,0,3,9,1,70,5,2,41,75,0,51,76,41,0,0,0,0,0,0,0,0,0,40,0,3,0,0,0,0,0,2,0,362241246,1394400092,36.378124,139.733359,7,3,0,0,0,0
true,41,102,52,2,0,1,22520,0,203,2022,11,21,7,35,12,6,24,16,29,3,3,1,14,7,0,0,0,0,3,9,1,70,4,2,21,25,55,3,3,31,31,1,1,1,1,11,11,4,4,10,30,3,3,2,2,2,2,4,2,362114130,1394317911,36.353925,139.721642,2,3,9999,9999,1,9
true,41,103,24,2,0,1,10400,0,202,2023,2,1,9,48,12,6,43,17,6,1,3,1,1,7,9,22,9,22,15,9,30,70,4,2,21,1,1,13,51,31,41,11,0,1,0,11,0,4,0,10,20,3,3,2,0,2,0,4,2,361850674,1392749453,36.314076,139.463737,4,3,9999,0,1,0
true,41,103,25,2,0,1,10670,0,202,2022,11,30,17,8,21,6,32,16,25,1,2,1,1,7,9,22,9,22,15,9,30,70,5,2,21,65,1,4,51,31,41,1,0,1,0,11,0,10,0,81,10,3,2,2,0,2,0,4,2,362112215,1392408910,36.353393,139.402475,4,3,9999,0,9,0
true,41,103,26,2,0,1,20000,0,202,2023,1,28,6,30,23,6,46,17,1,1,2,1,14,7,0,0,0,0,1,9,1,70,5,2,21,25,1,13,4,31,31,11,1,1,1,11,11,3,3,10,10,2,2,2,1,2,2,2,4,362038381,1392420374,36.343995,139.405659,7,3,9999,9999,1,1
true,41,103,27,2,0,1,2930,0,202,2023,2,3,14,8,12,6,41,17,8,1,3,1,14,7,0,0,0,0,2,9,1,70,5,2,21,75,1,3,51,31,41,1,0,1,0,11,0,10,0,80,10,3,3,2,0,2,0,4,2,361843560,1392619900,36.3121,139.438861,6,3,440,0,9,0
true,41,103,28,2,0,3,10670,0,202,2023,2,4,13,33,12,6,40,17,9,1,2,1,14,7,0,0,0,0,3,9,1,70,4,2,21,1,65,3,14,31,31,1,11,1,1,11,11,3,3,10,31,2,3,2,2,2,2,4,2,361922523,1392903412,36.322923,139.484281,7,3,9999,9999,5,9
true,41,103,29,2,0,1,30000,0,202,2023,2,5,12,1,12,6,39,17,10,1,1,1,14,7,0,0,0,0,3,9,1,70,4,2,21,55,25,3,4,31,31,1,1,1,1,11,11,3,3,10,30,3,3,2,2,2,2,4,2,361922418,1392645370,36.322894,139.445936,1,3,9999,9999,9,1
true,41,103,30,2,0,1,20000,0,202,2023,2,7,15,50,12,6,37,17,12,1,3,1,14,7,0,0,0,0,3,9,1,70,4,3,41,55,0,3,75,31,0,1,0,1,0,11,0,3,0,80,0,3,0,2,0,2,0,2,0,361650279,1392806978,36.280633,139.468605,3,3,9999,0,9,0
true,41,103,31,2,0,1,2930,0,202,2023,1,31,17,25,21,6,43,17,5,1,2,1,14,7,0,0,0,0,4,9,1,70,4,2,21,35,25,4,4,31,31,1,1,1,1,11,11,3,3,10,30,3,3,2,2,2,2,4,2,361915823,1392655583,36.321062,139.448773,3,3,9999,9999,1,1
true,41,103,32,2,0,1,30000,0,202,2023,1,14,17,40,21,6,52,16,47,2,1,1,1,7,9,22,9,22,11,9,30,70,5,4,21,35,75,3,4,31,31,1,1,1,1,11,11,10,2,80,20,3,3,2,2,2,2,4,2,361819426,1392722190,36.305396,139.456164,7,3,9999,729,1,9
true,41,103,33,2,0,1,10400,0,202,2023,1,20,13,15,12,6,50,16,53,1,2,1,7,1,0,0,0,0,3,9,1,70,4,4,21,65,45,3,4,31,31,1,1,1,1,11,11,3,3,30,10,3,3,2,2,2,2,2,4,362023478,1392702282,36.339855,139.450634,6,3,9999,9999,9,1
true,41,103,34,2,0,1,500,370,202,2023,2,9,7,25,11,6,36,17,14,1,3,1,14,7,0,0,0,0,5,9,1,70,1,2,21,45,45,4,4,31,31,1,1,1,1,11,11,10,10,50,74,3,3,2,2,2,2,4,2,361852790,1392537657,36.314664,139.427127,5,3,9999,9999,9,5
true,41,103,35,2,0,1,30000,0,202,2023,2,10,8,5,12,6,35,17,15,5,2,2,1,7,1,22,9,22,14,9,30,70,4,2,21,45,1,3,52,31,41,1,0,1,0,11,0,10,0,50,40,3,3,2,0,2,0,4,2,362204134,1392310770,36.367815,139.386325,6,2,9999,0,5,0
true,41,103,36,2,0,1,99000,0,202,2023,2,11,19,47,22,6,34,17,16,1,1,1,0,7,0,0,0,0,0,0,20,70,0,2,1,75,35,4,61,31,0,1,0,1,0,11,0,10,0,50,0,4,0,2,0,2,0,4,2,362005309,1392835699,36.334808,139.476583,7,1,921,0,9,0
true,41,103,37,2,0,1,99000,0,202,2023,2,9,10,55,12,6,36,17,14,1,2,1,0,7,0,0,0,0,0,0,20,70,0,4,21,75,75,3,3,31,31,1,1,1,1,11,11,10,10,60,60,3,3,2,2,2,2,4,2,361937412,1392839281,36.327059,139.477578,5,3,476,180,9,9
true,41,103,38,2,0,1,30000,0,202,2023,2,5,15,43,12,6,39,17,10,1,1,1,14,7,0,0,0,0,4,9,1,70,4,2,21,25,25,4,4,31,31,1,1,1,1,11,11,10,10,10,30,3,3,2,2,2,2,4,2,362004945,1392700929,36.334707,139.450258,1,3,9999,9999,1,1
true,41,103,39,2,0,1,500,430,202,2023,2,16,9,10,12,6,28,17,21,1,3,1,7,1,0,0,0,0,6,9,1,70,1,2,21,1,25,4,4,31,31,1,1,1,1,11,11,10,10,10,31,2,2,2,2,2,2,4,2,361736319,1392913528,36.293422,139.487091,5,3,9999,9999,1,1
true,41,103,40,2,0,1,10380,0,202,2023,2,16,18,39,22,6,28,17,21,1,2,1,14,7,0,0,0,0,4,9,1,70,4,2,21,25,1,4,51,31,41,1,0,1,0,11,0,3,0,50,20,3,3,2,0,2,0,4,2,361930871,1392644207,36.325242,139.445613,5,3,9999,0,1,0
true,41,103,41,2,0,1,30000,0,202,2023,2,16,11,45,12,6,28,17,21,1,2,1,14,7,0,0,0,0,3,9,1,70,4,1,21,65,45,13,13,31,31,11,11,1,1,11,11,3,3,10,30,3,3,2,2,2,2,4,2,362011386,1392802928,36.336496,139.46748,5,3,9999,9999,9,9
true,41,103,42,2,0,1,30000,0,202,2023,2,20,17,20,13,6,23,17,25,1,3,1,14,1,0,0,0,0,1,9,1,70,5,2,21,75,55,3,3,31,31,1,1,1,1,11,11,4,4,10,30,3,3,2,2,2,2,4,2,362000103,1392601676,36.333362,139.433799,2,3,0,9999,0,9
true,41,103,43,2,0,1,99000,0,202,2023,2,20,15,6,12,6,23,17,25,1,3,1,0,7,0,0,0,0,0,0,20,70,0,4,21,55,25,3,4,31,31,1,1,1,1,11,11,10,10,50,40,3,3,2,2,2,2,4,2,361857510,1392639998,36.315975,139.444444,2,3,9999,9999,9,1
true,41,103,44,2,0,1,10670,0,202,2023,1,14,17,15,21,6,52,16,47,2,2,1,14,7,0,0,0,0,3,9,1,70,4,2,21,25,1,3,51,31,41,1,0,1,0,11,0,3,0,80,10,3,3,2,0,2,0,4,2,361936397,1392844328,36.326777,139.47898,7,3,9999,0,1,0
true,41,103,45,2,0,1,30000,0,202,2022,7,3,18,5,13,4,26,19,3,2,2,1,7,1,0,0,0,0,4,9,1,70,4,2,21,25,55,3,3,31,31,1,1,1,1,11,11,3,3,80,50,3,3,2,2,2,2,4,2,361948166,1392807504,36.330046,139.468751,1,3,9999,9999,1,9
true,41,104,20,2,0,2,21410,0,204,2023,1,18,0,56,22,6,51,16,51,1,2,1,14,7,0,0,0,0,3,9,1,70,4,2,21,65,1,4,4,31,31,1,1,1,1,11,11,4,4,11,33,3,3,2,2,2,2,4,2,361921511,1393512365,36.322642,139.586768,4,3,9999,9999,5,5
true,41,104,21,2,0,1,21410,0,204,2023,1,29,12,29,12,6,45,17,2,1,1,1,14,7,0,0,0,0,2,9,1,70,4,2,21,45,65,3,3,31,31,1,1,2,1,11,11,3,3,15,37,3,3,2,2,2,1,4,2,361924107,1393527164,36.323363,139.590879,1,3,9999,9999,1,9
true,41,104,22,2,0,1,10160,0,204,2023,2,3,19,56,22,6,41,17,8,2,2,1,1,1,9,22,9,22,15,9,30,70,4,2,21,65,1,3,51,31,41,1,0,1,0,11,0,4,0,51,40,3,3,2,0,2,0,4,2,362032647,1393426634,36.342402,139.574065,6,3,9999,0,9,0
true,41,104,23,2,0,1,22700,0,204,2023,2,3,11,5,12,6,41,17,8,2,2,1,14,7,0,0,0,0,4,9,1,70,1,2,21,75,45,11,4,31,31,11,1,2,1,11,11,4,4,11,33,3,3,2,2,2,2,4,2,362030944,1393420366,36.341929,139.572324,6,3,23,9999,9,1
true,41,104,24,2,0,1,30000,0,204,2023,2,6,13,13,12,6,38,17,11,1,2,1,1,7,9,22,9,22,14,9,30,70,5,2,21,35,1,14,51,31,41,11,0,1,0,11,0,10,0,20,10,3,3,2,0,2,0,4,2,361734976,1393525339,36.293049,139.590372,2,3,9999,0,5,0
true,41,104,25,2,0,1,2930,0,204,2023,2,2,18,20,22,6,42,17,7,1,3,1,14,7,0,0,0,0,1,9,1,70,5,2,21,1,35,3,3,31,31,1,1,1,1,11,11,4,4,11,33,2,2,1,2,2,2,4,2,362214236,1393451571,36.370621,139.580992,5,3,9999,9999,1,1
true,41,104,26,2,0,1,30000,0,204,2023,2,5,22,55,22,6,39,17,10,1,1,1,1,1,9,22,9,22,15,9,30,70,4,2,21,25,75,3,4,31,31,1,1,1,1,11,11,3,2,80,70,2,2,2,2,2,2,2,4,361840568,1393441862,36.311269,139.578295,1,3,9999,290,5,9
true,41,104,27,2,0,1,10090,0,204,2023,2,9,8,57,12,6,36,17,14,1,3,1,14,7,0,0,0,0,4,9,1,70,5,2,41,25,0,51,76,41,0,0,0,0,0,0,0,0,0,40,0,3,0,0,0,0,0,2,0,361817488,1393529432,36.304858,139.591509,5,3,0,0,0,0
true,41,104,28,2,0,1,30000,0,204,2023,2,5,15,18,12,6,39,17,10,1,1,1,14,7,0,0,0,0,1,9,1,70,4,2,21,25,45,3,4,31,31,1,1,1,1,11,11,10,10,50,50,3,3,2,2,2,2,4,2,361840183,1393404033,36.311162,139.567787,1,3,9999,9999,1,9
true,41,104,29,2,0,1,99000,0,204,2023,2,3,18,18,22,6,41,17,8,1,3,1,0,7,0,0,0,0,0,0,20,70,0,4,21,45,35,3,4,31,31,1,1,1,1,11,11,10,10,66,33,3,3,2,2,2,2,2,4,361820945,1393620052,36.305818,139.60557,6,3,9999,9999,9,1
true,41,104,30,2,0,1,30000,0,204,2023,2,4,18,50,22,6,40,17,9,1,2,1,14,7,0,0,0,0,2,9,1,70,5,2,21,45,35,3,4,31,31,1,1,1,1,11,11,10,10,10,30,3,3,2,2,2,2,4,2,361743235,1393613972,36.295343,139.603881,7,3,9999,9999,1,1
true,41,104,31,2,0,1,10160,0,204,2023,2,14,13,18,12,6,30,17,19,1,3,1,1,1,8,22,8,22,15,9,30,70,5,2,21,65,45,3,4,31,31,1,1,1,1,11,11,4,4,50,24,3,2,2,2,2,2,4,2,362012700,1393442924,36.336861,139.57859,3,3,9999,9999,9,1
true,41,104,33,2,0,1,30000,0,204,2023,2,9,7,19,11,6,36,17,14,1,1,1,14,7,0,0,0,0,2,9,1,70,4,2,21,55,0,3,0,31,0,1,0,1,0,11,0,2,0,33,0,3,0,2,0,2,0,2,0,361840736,1393441386,36.311316,139.578163,5,3,9999,0,9,0
true,41,104,34,2,0,1,500,543,204,2023,2,15,21,35,22,6,29,17,20,1,1,1,1,1,9,22,9,22,15,9,30,70,1,2,21,55,25,4,51,31,41,1,0,1,0,11,0,3,0,40,20,3,3,2,0,2,0,4,2,361747148,1393615750,36.29643,139.604375,4,3,9999,0,9,0
true,41,104,35,2,0,2,22700,0,204,2023,2,16,16,20,12,6,28,17,21,1,2,1,14,7,0,0,0,0,3,9,1,70,1,2,21,65,35,3,3,31,31,1,1,1,1,11,11,10,10,11,31,1,2,2,2,2,2,4,2,362006832,1393411870,36.335231,139.569964,5,3,9999,9999,9,1
true,41,104,36,2,0,1,2930,0,204,2023,2,20,9,37,12,6,23,17,25,1,2,1,14,7,0,0,0,0,1,9,1,70,4,2,21,65,65,3,14,31,31,1,11,1,1,11,11,3,3,10,30,3,3,2,2,2,2,4,2,362205117,1393430169,36.368088,139.575047,2,3,9999,9999,9,9
true,41,104,37,2,0,1,20000,0,204,2023,2,27,13,36,12,6,15,17,32,1,3,1,14,7,0,0,0,0,1,9,1,70,5,2,1,35,55,3,61,31,0,1,0,1,0,11,0,4,0,18,0,3,0,2,0,2,0,4,2,361701212,1393210957,36.28367,139.536377,2,3,9999,0,5,0
true,41,105,19,2,0,1,30000,0,205,2023,1,25,17,35,21,6,47,16,58,2,1,1,14,7,0,0,0,0,3,9,20,70,4,2,21,1,1,3,3,31,31,1,1,1,1,11,11,3,3,10,30,3,3,2,2,2,2,4,2,363404094,1394550375,36.567804,139.763993,4,3,9999,9999,1,5
true,41,105,20,2,0,1,30000,0,205,2023,2,2,8,20,12,6,42,17,7,1,1,1,14,7,0,0,0,0,1,7,1,70,5,4,21,45,1,3,51,31,41,1,0,1,0,11,0,10,0,10,10,3,3,2,0,2,0,4,2,363353035,1394557848,36.564732,139.766069,5,3,9999,0,1,0
true,41,105,21,2,0,2,22680,0,205,2022,12,21,15,5,12,6,48,16,28,2,1,1,1,1,9,22,9,22,18,9,30,70,1,2,21,45,55,3,4,31,31,1,1,1,1,11,11,4,4,50,80,2,2,2,2,2,2,2,2,363349205,1394706349,36.563668,139.785097,4,3,9999,9999,1,9
true,41,105,22,2,0,1,10040,0,205,2023,2,8,14,38,12,6,36,17,13,3,1,2,14,7,0,0,0,0,4,8,1,70,4,2,21,35,25,3,14,31,31,1,11,1,1,11,11,4,4,30,10,3,3,2,1,2,2,2,4,363358838,1394558478,36.566344,139.766244,4,3,9999,9999,1,5
true,41,105,23,2,0,1,30000,0,205,2023,2,11,19,42,22,6,34,17,16,1,2,1,1,1,9,22,9,22,15,9,30,70,4,2,21,55,25,4,34,31,31,1,0,1,0,11,11,10,10,10,10,2,2,2,0,2,0,4,2,363325693,1394519275,36.557137,139.755354,7,1,9999,9999,9,5
true,41,105,24,2,0,2,10040,0,205,2023,2,4,9,18,12,6,40,17,9,1,2,1,14,7,0,0,0,0,3,9,20,70,4,2,21,65,25,3,3,31,31,1,1,1,1,11,11,4,4,80,50,3,3,2,2,2,2,4,2,363348049,1394758614,36.563347,139.799615,7,3,9999,9999,9,5
true,41,105,25,2,0,1,99000,0,205,2023,2,9,11,39,12,6,36,17,14,1,1,1,0,7,0,0,0,0,0,0,20,70,0,4,21,75,45,3,4,31,31,1,1,1,1,11,11,10,10,30,30,3,3,2,2,2,2,4,2,363435324,1394549018,36.576479,139.763616,5,3,246,9999,9,9
true,41,105,26,2,0,1,10150,0,205,2023,2,15,8,28,12,6,29,17,20,1,3,1,14,7,0,0,0,0,3,9,1,70,4,2,21,55,45,3,4,31,31,1,1,1,1,11,11,3,3,33,11,2,1,2,1,2,2,2,4,363139504,1394413574,36.52764,139.737104,4,3,9999,9999,9,9
true,41,105,27,2,0,1,10370,0,205,2023,2,7,10,12,12,6,37,17,12,1,3,1,14,7,0,0,0,0,3,9,1,70,4,2,21,75,55,4,4,31,31,1,1,1,1,11,11,3,3,10,30,3,3,2,2,2,2,4,2,363207022,1394430476,36.535284,139.741799,3,3,406,9999,9,9
true,41,105,28,2,0,1,30000,0,205,2023,2,16,10,40,12,6,28,17,21,1,2,1,1,7,9,22,9,22,11,9,30,70,5,3,21,75,35,4,4,31,31,1,1,1,1,11,11,10,10,80,60,3,3,2,2,2,2,4,2,363222157,1394451968,36.539488,139.747769,5,3,56,9999,9,1
true,41,105,29,2,0,1,10040,0,205,2023,2,24,7,43,12,6,18,17,29,2,2,1,1,7,9,22,9,22,14,9,30,70,4,2,21,75,1,3,51,31,41,1,0,1,0,11,0,4,0,40,10,3,3,2,0,2,0,4,2,363346739,1394801876,36.562983,139.800521,6,3,175,0,9,0
true,41,105,30,2,0,2,30000,0,205,2023,2,26,19,25,22,6,16,17,31,1,3,1,1,7,9,22,1,21,15,9,30,70,5,3,21,25,1,3,33,31,31,1,0,1,0,11,11,3,10,10,40,2,2,2,0,2,0,4,2,363315077,1394801526,36.554188,139.800424,1,3,9999,9999,5,5
true,41,105,31,2,0,1,30000,0,205,2023,2,21,14,40,12,6,22,17,26,1,2,1,14,7,0,0,0,0,3,9,1,70,4,2,21,65,1,3,4,31,31,1,1,1,1,11,11,4,4,50,10,2,2,2,2,2,2,2,4,363309396,1394632038,36.55261,139.775566,3,3,9999,9999,9,1
true,41,106,19,2,0,1,30000,0,209,2023,1,10,17,44,22,6,53,16,43,1,1,1,1,7,9,22,9,22,14,9,30,70,5,3,21,45,25,4,51,31,41,1,0,1,0,11,0,4,0,60,44,3,4,2,0,2,0,4,2,362614590,1400017813,36.437386,140.004948,3,3,9999,0,9,0
true,41,106,20,2,0,2,4080,0,209,2023,2,4,17,45,21,6,40,17,9,1,1,1,1,7,1,21,9,22,18,9,30,70,4,2,21,1,75,4,4,31,31,1,1,1,1,1,11,2,4,20,10,1,1,2,1,1,2,2,2,362648138,1395743448,36.446705,139.962069,7,3,9999,949,1,9
true,41,106,21,2,0,1,30000,0,345,2023,1,25,8,24,12,6,47,16,58,2,2,4,13,7,0,0,0,0,3,5,1,70,4,3,21,25,25,3,3,31,31,1,1,1,1,11,11,4,4,10,30,3,3,2,2,2,2,4,2,363421907,1400033854,36.572752,140.009404,4,3,9999,9999,1,1
true,41,106,22,2,0,1,30000,0,209,2023,2,11,17,48,21,6,34,17,16,2,3,1,14,1,0,0,0,0,3,9,1,70,4,2,21,1,1,4,4,31,31,1,1,1,1,11,11,4,4,10,30,3,3,2,2,2,2,4,2,362657300,1395943336,36.44925,139.995371,7,1,9999,9999,1,1
true,41,106,23,2,0,1,30000,0,209,2023,1,30,17,36,21,6,44,17,3,2,1,1,14,1,0,0,0,0,3,9,1,70,4,2,21,25,35,3,3,31,31,1,1,1,1,11,11,4,4,80,50,2,3,2,2,2,2,4,2,362626531,1400051286,36.440703,140.014246,2,3,9999,9999,1,1
true,41,106,24,2,0,1,99000,0,209,2023,2,2,15,14,12,6,42,17,7,2,1,1,0,7,0,0,0,0,0,0,20,70,0,4,21,65,35,3,4,31,31,1,1,1,1,11,11,10,10,50,66,3,3,2,2,2,2,4,2,362559131,1400003161,36.433092,140.000878,5,3,9999,9999,9,3
true,41,106,25,2,0,1,20000,0,342,2023,2,14,14,11,12,6,30,17,19,1,2,1,1,7,1,21,9,22,15,3,30,70,4,2,21,65,1,3,3,31,31,1,1,1,1,11,11,10,10,50,40,2,2,2,2,2,2,4,2,363020916,1400447381,36.50581,140.079828,3,3,9999,9999,9,1
true,41,106,26,2,0,1,99000,0,345,2023,2,2,17,25,21,6,42,17,7,1,3,1,0,7,0,0,0,0,0,0,20,70,0,4,41,45,0,4,75,31,0,1,0,1,0,11,0,10,0,30,0,3,0,2,0,2,0,4,0,363241827,1400341684,36.544952,140.061579,5,3,0,0,0,0
true,41,107,31,2,0,1,30000,0,208,2023,2,1,13,25,12,6,43,17,6,1,1,1,14,7,0,0,0,0,3,9,1,70,4,2,41,75,0,51,76,41,0,0,0,0,0,0,0,0,0,20,0,3,0,0,0,0,0,2,0,361915607,1394906017,36.321002,139.818338,4,3,0,0,0,0
true,41,107,32,2,0,1,30000,0,208,2023,1,28,14,40,12,6,46,17,1,1,2,1,1,7,9,22,9,22,15,9,30,70,5,2,21,65,45,4,51,31,41,1,0,1,0,11,0,2,0,70,10,3,3,2,0,2,0,4,2,361518353,1394528314,36.255098,139.757865,7,3,9999,0,9,0
true,41,107,33,2,0,1,22650,0,208,2023,1,23,13,36,12,6,49,16,56,2,1,1,14,1,0,0,0,0,3,9,1,70,4,2,21,55,35,3,3,31,31,1,1,1,1,11,11,3,3,10,30,3,3,2,2,2,2,4,2,361904098,1394819433,36.317805,139.805398,2,3,9999,9999,9,1
true,41,107,34,2,0,1,30000,0,208,2023,2,3,15,30,12,6,41,17,8,1,3,1,14,7,0,0,0,0,3,9,1,70,4,2,41,75,0,51,76,41,0,0,0,0,0,0,0,0,0,20,0,3,0,0,0,0,0,2,0,361640506,1394921971,36.277918,139.82277,6,3,0,0,0,0
true,41,107,35,2,0,2,41,776,208,2023,2,1,9,5,12,6,43,17,6,1,3,1,14,7,0,0,0,0,4,9,1,70,1,2,21,35,65,11,4,31,31,11,1,2,1,11,11,10,10,10,30,3,3,2,2,2,2,4,2,361949134,1395107935,36.330315,139.852204,4,3,9999,9999,1,9
true,41,107,36,2,0,1,40,708,208,2023,2,6,14,29,12,6,38,17,11,1,1,1,1,7,9,22,9,22,17,9,30,70,5,4,21,35,75,3,51,31,41,1,0,1,0,11,0,10,0,50,20,3,3,2,0,2,0,4,2,361532728,1394530035,36.259091,139.758343,2,3,9999,0,5,0