資料区分,都道府県コード,警察署等コード,本票番号,事故内容,死者数,負傷者数,路線コード,地点コード,市区町村コード,発生日時　　年,発生日時　　月,発生日時　　日,発生日時　　時,発生日時　　分,昼夜,日の出時刻　　時,日の出時刻　　分,日の入り時刻　　時,日の入り時刻　　分,天候,地形,路面状態,道路形状,信号機,一時停止規制　標識（当事者A）,一時停止規制　表示（当事者A）,一時停止規制　標識（当事者B）,一時停止規制　表示（当事者B）,車道幅員,道路線形,衝突地点,ゾーン規制,中央分離帯施設等,歩車道区分,事故類型,年齢（当事者A）,年齢（当事者B）,当事者種別（当事者A）,当事者種別（当事者B）,用途別（当事者A）,用途別（当事者B）,車両形状等（当事者A）,車両形状等（当事者B）,オートマチック車（当事者A）,オートマチック車（当事者B）,サポカー（当事者A）,サポカー（当事者B）,速度規制（指定のみ）（当事者A）,速度規制（指定のみ）（当事者B）,車両の衝突部位（当事者A）,車両の衝突部位（当事者B）,車両の損壊程度（当事者A）,車両の損壊程度（当事者B）,エアバッグの装備（当事者A）,エアバッグの装備（当事者B）,サイドエアバッグの装備（当事者A）,サイドエアバッグの装備（当事者B）,人身損傷程度（当事者A）,人身損傷程度（当事者B）,地点　緯度（北緯）,地点　経度（東経）,地点　緯度（北緯）_1,地点　経度（東経）_1,曜日(発生年月日),祝日(発生年月日),認知機能検査経過日数（当事者A）,認知機能検査経過日数（当事者B）,運転練習の方法（当事者A）,運転練習の方法（当事者B）
true,41,107,37,2,0,1,10500,0,208,2023,2,6,17,32,21,6,38,17,11,1,3,1,1,7,9,22,9,22,14,9,30,70,5,4,21,45,65,3,36,31,31,1,0,1,0,11,11,10,10,80,10,2,1,2,0,2,0,4,2,361539938,1394339994,36.261094,139.727776,2,3,9999,9999,9,9
true,41,107,38,2,0,1,41,701,208,2022,12,4,23,9,22,6,36,16,25,2,3,1,14,1,0,0,0,0,6,9,1,70,1,2,21,45,45,3,4,31,31,1,1,1,1,11,11,10,10,60,80,3,3,2,2,2,2,2,4,361559796,1394932207,36.26661,139.825613,1,3,9999,9999,1,9
true,41,107,39,2,0,1,30000,0,208,2023,2,3,16,30,13,6,41,17,8,2,3,1,14,7,0,0,0,0,3,9,1,70,5,4,41,1,0,51,76,41,0,0,0,0,0,0,0,0,0,40,0,3,0,0,0,0,0,2,0,362017419,1395057239,36.338172,139.849233,6,3,0,0,0,0
true,41,107,40,2,0,1,22640,0,208,2023,1,29,15,34,12,6,45,17,2,1,2,1,12,7,0,0,0,0,3,8,1,70,5,2,21,35,45,3,4,31,31,1,1,1,1,11,11,3,3,30,10,3,3,2,2,2,2,2,4,361901074,1394832324,36.316965,139.808979,1,3,9999,9999,1,1
true,41,107,41,2,0,2,500,760,208,2023,2,5,18,0,21,6,39,17,10,1,1,1,14,7,0,0,0,0,5,9,1,70,1,2,21,25,35,3,3,31,31,1,1,1,1,11,11,10,10,10,30,3,3,2,2,2,2,4,2,361751328,1394927656,36.297591,139.824349,1,3,9999,9999,1,5
true,41,107,42,2,0,1,30000,0,208,2023,2,9,7,34,11,6,36,17,14,1,2,1,14,7,0,0,0,0,3,9,1,70,5,2,21,25,25,4,36,31,31,1,0,1,0,11,11,10,10,18,30,3,3,2,0,2,0,4,2,361901610,1394946052,36.317114,139.829459,5,3,9999,9999,1,5
true,41,107,43,2,0,1,22640,0,208,2023,1,30,22,30,22,6,44,17,3,1,1,1,14,1,0,0,0,0,3,9,1,70,4,2,21,35,25,3,3,31,31,1,1,1,1,11,11,3,3,10,30,3,3,2,2,2,2,4,2,361839953,1394931570,36.311098,139.825436,2,3,9999,9999,1,1
true,41,107,44,2,0,1,30000,0,208,2023,2,12,9,43,12,6,32,17,17,1,1,1,1,7,9,22,1,21,11,9,30,70,5,4,21,65,65,2,51,31,41,1,0,1,0,11,0,10,0,10,40,3,3,2,0,2,0,4,2,361814706,1394847243,36.304085,139.813123,1,3,9999,0,9,0
true,41,107,45,2,0,1,30000,0,208,2023,2,12,13,17,12,6,32,17,17,1,1,1,14,7,0,0,0,0,3,9,1,70,4,2,41,45,0,51,76,41,0,0,0,0,0,0,0,0,0,20,0,3,0,0,0,0,0,2,0,361804612,1394704985,36.301281,139.784718,1,3,0,0,0,0
true,41,107,46,2,0,2,99000,0,208,2023,2,12,15,13,12,6,32,17,17,1,1,1,0,7,0,0,0,0,0,0,20,70,0,4,1,45,1,3,61,31,0,1,0,1,0,11,0,10,0,50,0,3,0,2,0,2,0,4,2,362002020,1394833059,36.333894,139.809183,1,3,9999,0,5,0
true,41,107,47,2,0,1,10330,0,208,2023,2,14,10,29,12,6,30,17,19,1,2,1,14,7,0,0,0,0,5,9,1,70,4,2,21,75,1,3,51,31,41,1,0,1,0,11,0,4,0,40,20,3,3,2,0,2,0,4,2,361708761,1394823720,36.285767,139.806589,3,3,109,0,9,0
true,41,107,48,2,0,1,40,699,208,2023,1,17,14,40,12,6,51,16,50,1,3,1,14,7,0,0,0,0,3,9,1,70,2,2,21,35,25,3,4,31,31,1,1,1,1,11,11,4,4,10,31,3,2,2,2,2,2,4,2,361515390,1394500713,36.254275,139.750198,3,3,9999,9999,1,1
true,41,107,49,2,0,1,95000,0,208,2023,2,17,10,19,12,6,27,17,22,1,1,5,14,7,0,0,0,0,3,8,20,70,5,4,1,65,65,17,61,31,0,11,0,2,0,11,0,10,0,33,0,3,0,2,0,2,0,4,2,361700794,1394915924,36.283554,139.82109,6,3,9999,0,9,0
true,41,107,50,2,0,1,41,698,208,2023,2,18,8,6,12,6,26,17,23,1,3,1,14,7,0,0,0,0,2,9,1,70,1,3,41,75,0,17,75,31,0,11,0,2,0,11,0,10,0,10,0,2,0,2,0,2,0,4,0,361553669,1394924935,36.264908,139.823593,7,3,171,0,9,0
true,41,107,51,2,0,1,22640,0,208,2023,2,19,15,50,12,6,25,17,24,1,2,1,1,1,9,22,0,0,18,9,30,70,4,2,1,65,75,3,61,31,0,1,0,1,0,11,0,4,0,10,0,3,0,2,0,2,0,4,2,361852121,1394857434,36.314478,139.815954,1,3,9999,0,9,0
true,41,107,52,2,0,1,30000,0,208,2023,2,19,21,30,22,6,25,17,24,1,2,1,14,7,0,0,0,0,3,9,1,70,5,2,41,1,0,51,76,41,0,0,0,0,0,0,0,0,0,20,0,3,0,0,0,0,0,2,0,361741813,1394820750,36.294948,139.805764,1,3,0,0,0,0
true,41,107,53,2,0,1,30000,0,208,2023,2,11,7,47,12,6,34,17,16,1,2,1,14,7,0,0,0,0,3,9,1,70,2,2,21,45,35,3,34,31,31,1,0,1,0,11,11,4,4,50,40,3,3,2,0,2,0,4,2,361719324,1394842736,36.288701,139.811871,7,1,9999,9999,9,1
true,41,107,54,2,0,1,40,650,364,2023,2,20,17,13,13,6,23,17,25,2,2,1,1,7,1,22,9,22,14,9,30,70,4,2,21,65,35,3,51,31,41,1,0,1,0,11,0,10,0,80,10,3,3,2,0,2,0,4,2,361324283,1394248010,36.223412,139.713336,2,3,9999,0,9,0
true,41,107,55,2,0,1,30000,0,208,2023,2,15,12,2,12,6,29,17,20,1,1,1,14,7,0,0,0,0,2,9,1,70,5,4,21,75,55,3,4,31,31,1,1,1,1,11,11,10,10,30,80,3,3,2,2,2,2,4,2,361801832,1394820830,36.300509,139.805786,4,3,9999,9999,9,9
true,41,107,56,2,0,1,30000,0,364,2023,2,16,17,40,21,6,28,17,21,1,3,1,1,7,1,21,9,22,15,9,30,70,2,2,21,75,55,3,51,31,41,1,0,1,0,11,0,10,0,50,20,3,3,2,0,2,0,4,2,361413877,1394517348,36.237188,139.754819,5,3,478,0,9,0
true,41,107,57,2,0,1,10330,0,208,2023,2,19,18,18,21,6,25,17,24,1,2,1,14,7,0,0,0,0,4,9,1,70,4,2,21,25,35,3,3,31,31,1,1,1,1,11,11,4,4,50,80,3,3,2,2,2,2,4,2,361714422,1394812725,36.287339,139.803535,1,3,9999,9999,5,5
true,41,107,58,2,0,2,41,773,208,2023,2,9,14,27,12,6,36,17,14,1,2,1,14,7,0,0,0,0,4,9,1,70,1,2,21,25,25,11,4,1,31,11,1,1,2,11,11,10,10,10,31,3,3,2,2,2,2,4,2,361937056,1395107823,36.32696,139.852173,5,3,9999,9999,1,1
true,41,107,59,2,0,1,30000,0,208,2023,1,10,13,13,12,6,53,16,43,1,3,1,1,7,1,22,9,22,11,9,30,70,5,4,21,65,25,3,3,31,31,1,1,1,1,11,11,2,2,80,51,3,3,2,1,2,2,4,2,361506473,1394602248,36.251798,139.767291,3,3,9999,9999,9,1
true,41,107,60,2,0,2,30000,0,208,2023,2,25,16,27,12,6,17,17,30,1,3,1,1,7,9,22,9,22,11,9,30,70,5,4,21,35,1,3,4,31,31,1,1,1,2,11,11,10,10,14,50,2,3,1,1,2,2,2,2,361720666,1395004196,36.289074,139.834499,7,3,9999,9999,1,5
true,41,107,61,2,0,1,30000,0,208,2023,2,24,17,44,21,6,18,17,29,3,2,2,1,7,8,22,1,21,14,9,30,70,4,2,21,65,25,3,36,31,31,1,0,1,0,11,11,4,10,50,10,3,3,2,0,2,0,4,2,361653350,1394956226,36.281486,139.832285,6,3,9999,9999,9,1
true,41,107,62,2,0,1,30000,0,208,2023,2,23,6,40,11,6,20,17,28,2,1,1,1,7,1,21,9,22,15,9,30,70,5,3,21,55,25,4,4,31,31,1,1,1,1,11,11,10,10,80,60,3,3,2,2,2,2,4,2,361807668,1394927012,36.30213,139.82417,5,1,0,9999,0,1
true,41,107,63,2,0,1,20000,0,364,2023,2,28,7,27,12,6,13,17,33,1,3,1,1,7,9,22,9,22,15,9,30,70,1,4,21,25,45,3,34,31,31,1,0,1,0,11,11,3,3,10,20,3,3,1,0,2,0,4,2,361215836,1394401223,36.204399,139.733673,3,3,9999,9999,1,9
true,41,107,64,2,0,1,41,774,208,2023,2,15,16,43,13,6,29,17,20,1,2,1,14,7,0,0,0,0,4,9,1,70,1,2,21,25,65,3,14,31,31,1,11,1,1,11,11,10,10,10,30,3,3,2,2,2,2,4,2,361942604,1395108258,36.328501,139.852294,4,3,9999,9999,1,9
true,41,108,7,2,0,2,40,1830,210,2023,2,1,10,22,12,6,43,17,6,1,3,1,1,7,1,22,1,22,14,9,30,70,4,2,21,55,75,17,3,31,31,11,1,1,1,11,11,4,4,10,20,3,2,2,2,2,2,2,2,365024575,1395712103,36.84016,139.953362,4,3,9999,239,9,9
true,41,108,8,2,0,3,4610,0,210,2023,1,25,8,50,12,6,47,16,58,5,1,4,14,7,0,0,0,0,1,9,1,70,4,2,21,45,35,3,3,31,31,1,1,1,1,11,11,3,3,11,31,1,2,2,2,2,2,4,2,365144575,1400109458,36.862382,140.019294,4,3,9999,9999,1,5
true,41,108,9,2,0,1,10530,0,210,2023,1,24,16,43,13,6,48,16,57,5,3,4,14,7,0,0,0,0,3,9,1,70,4,2,21,25,25,3,4,31,31,1,1,1,1,11,11,4,4,10,30,3,3,2,2,2,2,4,2,365342385,1400106438,36.895107,140.018455,3,3,9999,9999,1,1
true,41,108,10,2,0,1,20000,0,210,2023,1,21,9,15,12,6,50,16,54,1,3,1,14,7,0,0,0,0,3,9,1,70,4,3,21,45,45,3,14,31,31,1,11,1,2,11,11,3,3,80,60,3,3,2,2,2,2,4,2,365011724,1395745943,36.83659,139.962762,7,3,9999,9999,9,1
true,41,108,11,2,0,1,4000,0,210,2023,2,13,10,19,12,6,31,17,18,3,3,2,7,1,0,0,0,0,4,9,1,70,4,2,21,65,35,4,4,31,31,1,1,1,1,11,11,4,4,10,30,3,3,2,2,2,2,4,2,364841386,1400524878,36.811496,140.090244,2,3,9999,9999,9,5
true,41,108,12,2,0,1,4000,0,210,2023,2,14,7,25,11,6,30,17,19,1,2,1,1,1,9,22,0,0,19,9,30,70,4,1,41,75,0,51,76,41,0,0,0,0,0,0,0,0,0,20,0,3,0,0,0,0,0,2,0,365149651,1400031252,36.863792,140.008681,3,3,0,0,0,0
true,41,108,13,2,0,1,30000,0,210,2023,2,17,17,18,13,6,27,17,22,1,1,1,14,7,0,0,0,0,1,9,1,70,5,4,41,1,0,51,76,41,0,0,0,0,0,0,0,0,0,10,0,2,0,0,0,0,0,2,0,365118331,1400038905,36.855092,140.010807,6,3,0,0,0,0
true,41,108,14,2,0,1,10480,0,210,2023,2,10,18,12,21,6,35,17,15,5,3,4,13,7,0,0,0,0,3,2,1,70,4,3,21,45,35,11,3,1,31,11,1,2,1,11,11,3,3,60,20,3,3,2,2,2,2,4,2,364815116,1400053402,36.804199,140.014834,6,2,9999,9999,9,1
true,41,108,15,2,0,1,30000,0,210,2023,2,22,10,11,12,6,21,17,27,1,1,1,1,7,1,21,9,22,15,9,30,70,4,2,21,1,55,3,3,31,31,1,1,1,1,11,11,10,10,10,20,1,1,1,1,2,1,4,2,365147614,1395950816,36.863226,139.997449,4,2,9999,9999,1,9
true,41,108,16,2,0,1,30000,0,210,2023,2,22,13,10,12,6,21,17,27,1,1,1,1,7,9,22,1,22,15,9,30,70,4,2,21,65,1,3,4,31,31,1,1,1,1,11,11,3,3,80,50,3,3,2,2,2,2,2,4,365216972,1400029214,36.871381,140.008115,4,2,9999,9999,9,1
true,41,108,17,2,0,1,30000,0,210,2023,2,22,17,55,21,6,21,17,27,1,2,1,14,7,0,0,0,0,3,9,1,70,4,2,21,45,75,3,14,31,31,1,11,1,2,11,11,4,4,30,10,3,3,2,2,2,2,2,4,365104165,1400013378,36.851157,140.003716,4,2,9999,826,9,9
true,41,109,3,2,0,2,20000,0,206,2023,2,12,18,18,22,6,32,17,17,2,3,1,1,7,9,22,0,0,11,9,30,70,5,3,1,45,45,3,61,31,0,1,0,1,0,11,0,10,0,10,0,3,0,2,0,2,0,4,2,363812422,1392627924,36.636784,139.44109,1,3,9999,0,1,0
true,41,109,4,2,0,1,1190,0,206,2023,2,20,17,8,13,6,23,17,25,1,2,1,1,7,9,22,0,0,14,7,30,70,4,2,1,1,75,3,61,31,0,1,0,1,0,11,0,3,0,50,0,3,0,2,0,2,0,4,2,364451187,1393705556,36.747552,139.61821,2,3,9999,0,1,0
true,41,110,8,2,0,2,1210,0,206,2023,2,5,13,35,12,6,39,17,10,1,3,1,1,1,9,22,9,22,17,9,30,70,1,2,21,75,45,4,4,31,31,1,1,1,1,11,11,10,3,10,40,2,2,2,2,2,2,4,2,364528735,1394258518,36.757982,139.716255,1,3,870,9999,9,9
true,41,110,9,2,0,2,1190,0,206,2023,2,11,11,27,12,6,34,17,16,1,2,2,14,7,0,0,0,0,3,9,1,70,4,2,21,25,75,3,4,31,31,1,1,1,2,11,11,3,3,0,0,3,3,2,2,2,2,2,4,364315632,1394203175,36.721009,139.700882,7,1,9999,795,1,9
true,41,110,10,2,0,1,1210,0,206,2023,2,12,10,18,12,6,32,17,17,1,1,1,1,1,9,22,9,22,15,9,30,70,4,2,21,45,1,4,34,31,31,1,0,1,0,11,11,10,10,50,10,3,1,2,0,2,0,4,2,364625795,1394239589,36.773832,139.710997,1,3,0,9999,0,1
true,41,110,11,2,0,1,30000,0,206,2023,2,24,15,25,12,6,18,17,29,2,3,1,14,7,0,0,0,0,3,9,1,70,4,2,1,45,75,3,61,31,0,1,0,1,0,11,0,10,0,50,0,3,0,2,0,2,0,4,2,364124670,1394440150,36.690186,139.744486,6,3,9999,0,9,0
true,41,110,12,2,0,1,20000,0,206,2023,2,27,12,32,12,6,15,17,32,1,3,1,1,1,9,22,0,0,15,9,30,70,4,2,41,45,0,51,76,41,0,0,0,0,0,0,0,0,0,41,0,3,0,0,0,0,0,2,0,364330922,1394959077,36.725256,139.833077,2,3,0,0,0,0
true,41,111,19,2,0,1,4000,0,213,2023,2,1,13,14,12,6,43,17,6,1,3,1,13,7,0,0,0,0,2,4,20,70,5,4,21,75,65,4,4,31,31,1,1,1,1,11,11,10,10,50,50,2,2,1,1,2,2,4,2,365716758,1395303098,36.954655,139.884194,4,3,476,9999,9,9
true,41,111,20,2,0,1,30000,0,213,2023,2,2,16,0,12,6,42,17,7,2,3,3,14,7,0,0,0,0,3,9,1,70,4,3,41,75,0,51,76,41,0,0,0,0,0,0,0,0,0,10,0,3,0,0,0,0,0,2,0,365302134,1395820046,36.883926,139.972235,5,3,0,0,0,0
true,41,111,21,2,0,1,40,1576,213,2023,2,5,8,53,12,6,39,17,10,1,3,1,14,7,0,0,0,0,4,9,1,70,4,2,21,25,25,3,3,31,31,1,1,1,1,11,11,10,10,10,30,3,2,2,2,2,2,4,2,365536055,1400106694,36.926682,140.018526,1,3,9999,9999,1,1
true,41,111,22,2,0,1,4000,0,213,2023,2,7,11,42,12,6,37,17,12,2,3,1,1,7,9,22,9,22,11,9,30,70,5,2,21,25,1,3,51,31,41,1,0,1,0,11,0,10,0,70,10,3,3,2,0,2,0,4,2,365316321,1395814592,36.887867,139.97072,3,3,9999,0,1,0
true,41,111,23,2,0,1,30000,0,213,2023,2,11,20,0,22,6,34,17,16,1,3,2,1,7,1,22,0,0,15,9,30,70,5,4,41,45,0,3,75,31,0,1,0,1,0,11,0,4,0,10,0,2,0,2,0,2,0,2,0,365840447,1400102150,36.977902,140.017264,7,1,9999,0,9,0
true,41,111,24,2,0,1,30000,0,213,2023,2,1,16,5,12,6,43,17,6,1,2,1,1,7,1,21,9,22,14,9,30,70,5,2,21,55,65,4,4,31,31,1,1,1,1,11,11,10,4,10,50,2,2,1,1,2,2,4,2,365243932,1400009817,36.87887,140.002727,4,3,9999,9999,9,9
true,41,111,25,1,1,0,30000,0,213,2023,2,14,23,15,22,6,30,17,19,5,2,2,14,7,0,0,0,0,3,9,1,70,4,1,1,35,65,4,61,31,0,1,0,1,0,11,0,3,0,10,0,2,0,2,0,2,0,4,1,365847266,1400204070,36.979796,140.034464,3,3,9999,0,1,0
true,41,111,26,2,0,1,4610,0,213,2023,2,9,17,40,21,6,36,17,14,1,3,1,1,1,9,22,9,22,15,9,30,70,4,2,21,35,35,3,4,31,31,1,1,1,1,11,11,4,4,10,31,3,3,2,2,2,2,4,2,365106685,1395930660,36.851857,139.99185,5,3,9999,9999,1,5
true,41,111,27,2,0,1,99000,0,213,2023,2,13,10,59,12,6,31,17,18,3,3,2,0,7,0,0,0,0,0,0,20,70,0,4,21,75,35,3,4,31,31,1,1,1,1,11,11,10,10,10,60,3,3,2,2,2,2,4,2,365309841,1395905910,36.886067,139.984975,2,3,197,9999,9,1
true,41,111,28,2,0,1,10530,0,213,2023,2,20,14,49,12,6,23,17,25,1,3,1,14,7,0,0,0,0,3,9,1,70,4,2,21,65,45,12,17,31,31,11,11,2,1,11,11,10,10,10,31,1,2,1,2,2,2,4,2,365659788,1400018317,36.949941,140.005088,2,3,9999,9999,9,9
true,41,111,29,2,0,1,30000,0,213,2023,2,22,10,31,12,6,21,17,27,1,2,1,1,1,9,22,9,22,14,9,30,70,5,4,21,75,75,4,51,31,41,1,0,1,0,11,0,10,0,11,22,3,3,2,0,2,0,4,2,365323251,1395920825,36.889792,139.989118,4,2,1005,0,9,0
true,41,111,30,2,0,2,30000,0,213,2023,2,24,8,45,12,6,18,17,29,2,2,1,7,1,0,0,0,0,1,9,1,70,5,2,21,65,25,13,4,31,31,11,1,1,1,11,11,4,4,10,30,3,3,2,2,2,2,4,2,365720822,1400153353,36.955784,140.031487,6,3,9999,9999,9,1
true,41,111,31,2,0,1,30000,0,213,2023,2,24,16,28,12,6,18,17,29,2,1,1,14,7,0,0,0,0,3,9,1,70,4,2,1,35,1,3,61,31,0,1,0,1,0,11,0,4,0,10,0,3,0,2,0,2,0,4,2,365339174,1395830814,36.894215,139.975226,6,3,9999,0,1,0
true,41,111,32,2,0,1,30000,0,213,2023,2,26,12,45,12,6,16,17,31,1,2,1,14,7,0,0,0,0,3,9,1,70,5,2,41,65,0,51,75,41,0,0,0,0,0,0,0,0,0,10,0,3,0,0,0,0,0,2,0,365401886,1395810848,36.900524,139.96968,1,3,0,0,0,0
true,41,112,13,2,0,1,40,740,216,2023,1,28,10,45,12,6,46,17,1,1,2,1,14,7,0,0,0,0,3,9,1,70,5,2,21,45,65,3,4,31,31,1,1,1,1,0,0,4,4,30,10,3,3,2,2,2,2,2,4,362635167,1395151991,36.443102,139.864442,7,3,9999,9999,1,9
true,41,112,14,2,0,1,40,790,216,2023,2,2,17,43,21,6,42,17,7,1,1,1,14,7,0,0,0,0,3,9,1,70,1,4,21,35,25,4,4,31,31,1,1,1,1,0,11,4,4,10,30,3,3,2,2,2,2,4,2,362633828,1395151844,36.44273,139.864401,5,3,9999,9999,1,1
true,41,112,15,2,0,1,30000,0,216,2023,2,12,15,50,12,6,32,17,17,1,1,1,14,7,0,0,0,0,3,9,1,70,5,2,21,35,75,4,51,31,41,1,0,1,0,11,0,10,0,80,0,3,3,2,0,2,0,4,2,362734390,1395039080,36.459553,139.844189,1,3,9999,0,1,0
true,41,112,16,2,0,1,99000,0,216,2023,2,8,16,16,13,6,36,17,13,3,3,2,0,7,0,0,0,0,0,0,20,70,0,4,21,75,25,4,4,31,31,1,1,1,1,11,11,10,10,10,10,3,3,2,2,2,2,4,2,362814678,1395135896,36.470744,139.859971,4,3,877,9999,9,1
true,41,112,17,2,0,3,41,955,301,2023,2,11,8,10,12,6,34,17,16,1,3,1,14,7,0,0,0,0,2,9,1,70,1,2,21,1,25,3,3,31,31,1,1,1,1,11,11,5,5,0,0,1,1,2,2,2,2,4,2,362854106,1395431727,36.481696,139.908813,7,1,9999,9999,1,1
true,41,112,18,2,0,1,3520,0,216,2023,2,11,7,10,11,6,34,17,16,1,3,3,14,7,0,0,0,0,2,9,1,70,1,2,21,1,45,3,3,31,31,1,1,1,1,11,11,4,3,0,0,1,3,2,2,2,2,4,2,362525806,1395149108,36.423835,139.863641,7,1,9999,9999,1,1
true,41,112,19,2,0,1,30000,0,216,2023,1,22,11,30,12,6,49,16,55,1,1,1,14,7,0,0,0,0,3,9,1,70,5,2,21,75,75,3,51,31,41,1,0,1,0,0,0,10,0,80,20,3,3,2,0,2,0,4,2,362338058,1395128120,36.393905,139.857811,1,3,102,0,9,0
true,41,112,20,2,0,1,99000,0,216,2023,2,20,10,52,12,6,23,17,25,1,3,1,0,7,0,0,0,0,0,0,20,70,0,4,1,65,75,3,61,31,0,1,0,1,0,11,0,1,0,0,0,3,0,2,0,2,0,4,2,362556417,1395139283,36.432338,139.860912,2,3,9999,0,9,0
true,41,112,21,2,0,1,20000,0,216,2023,2,26,14,0,12,6,16,17,31,1,1,1,14,7,0,0,0,0,5,9,1,70,4,2,41,75,0,51,76,41,0,0,0,0,0,0,0,0,0,10,0,3,0,0,0,0,0,2,0,362313276,1395116250,36.387021,139.854514,1,3,0,0,0,0
true,41,112,22,2,0,6,41,750,301,2023,2,17,18,11,21,6,27,17,22,1,2,1,14,7,0,0,0,0,5,9,1,70,1,2,21,35,45,12,3,1,31,11,1,1,1,0,0,10,10,10,31,2,2,2,2,2,2,4,2,362524816,1395410177,36.42356,139.902827,6,3,9999,9999,1,1
true,41,113,10,2,0,1,40,1244,214,2023,1,22,19,45,22,6,49,16,55,1,3,1,7,1,0,0,0,0,1,9,1,70,1,2,21,25,1,3,3,31,31,1,1,1,1,11,11,5,5,50,70,3,3,2,2,2,2,4,2,364000487,1395743834,36.666802,139.962176,1,3,9999,9999,1,1
true,41,113,11,2,0,1,30000,0,386,2023,1,26,8,10,12,6,47,16,59,1,3,3,14,7,0,0,0,0,2,9,1,70,5,3,21,55,25,3,3,31,31,1,1,1,1,11,11,3,3,10,30,3,3,2,2,2,2,4,2,363827632,1395911040,36.641009,139.9864,5,3,9999,9999,9,1
true,41,113,12,2,0,2,10100,0,386,2023,1,15,15,35,12,6,52,16,48,3,2,2,14,7,0,0,0,0,4,8,1,70,1,2,21,35,25,3,13,31,31,1,11,1,1,11,11,10,10,31,10,3,3,2,2,2,2,2,4,363718782,1395931340,36.621884,139.992039,1,3,9999,9999,1,5
true,41,113,13,2,0,1,10100,0,386,2022,7,22,19,5,21,4,38,18,55,2,2,1,14,7,0,0,0,0,5,9,1,70,1,2,21,45,25,3,4,31,31,1,1,1,1,11,11,10,10,30,10,3,2,2,1,2,2,2,4,363818074,1395956022,36.638354,139.998895,6,3,9999,9999,1,1
true,41,113,14,2,0,1,2930,0,214,2023,2,3,9,31,12,6,41,17,8,1,3,1,14,7,0,0,0,0,3,9,1,70,4,3,21,45,35,3,3,31,31,1,1,1,1,11,11,4,4,10,30,3,2,1,2,2,2,4,2,364213403,1400058442,36.703723,140.016234,6,3,9999,9999,1,1
true,41,113,15,2,0,1,30000,0,214,2023,2,13,16,29,13,6,31,17,18,2,3,2,1,7,9,22,1,21,14,9,30,70,5,4,21,35,65,17,3,31,31,11,1,2,1,11,11,3,5,50,80,3,2,2,2,2,2,2,4,364130768,1395844882,36.69188,139.979134,2,3,9999,9999,1,9
true,41,113,16,2,0,1,10100,0,386,2023,1,20,19,55,22,6,50,16,53,2,2,1,14,7,0,0,0,0,5,9,1,70,1,2,21,35,1,3,4,31,31,1,1,1,1,11,11,10,10,30,10,3,3,2,2,2,2,2,4,363643078,1395852658,36.611966,139.981294,6,3,9999,9999,5,1
true,41,113,17,2,0,1,2930,0,214,2023,2,23,14,15,12,6,20,17,28,1,3,1,14,7,0,0,0,0,3,9,1,70,4,2,21,1,55,3,4,31,31,1,1,1,1,11,11,4,4,10,30,3,3,2,2,2,2,4,2,364230146,1400120964,36.708374,140.02249,5,1,9999,9999,1,9
true,41,113,18,2,0,1,10100,0,386,2023,2,9,13,0,12,6,36,17,14,1,3,1,14,7,0,0,0,0,4,9,1,70,1,2,21,55,75,12,3,1,31,11,1,2,1,11,11,10,10,10,30,3,2,2,2,2,2,4,2,363839772,1400020797,36.644381,140.005777,5,3,9999,343,9,9
true,41,114,7,2,0,2,10740,0,211,2023,2,4,15,15,12,6,40,17,9,1,3,1,7,1,0,0,0,0,4,9,1,70,4,2,21,45,75,12,4,31,31,11,1,2,1,11,11,4,4,80,66,2,2,2,2,2,2,4,2,364508406,1395601216,36.752335,139.933671,7,3,9999,188,1,1
true,41,114,8,2,0,1,40,1382,211,2023,2,11,11,32,12,6,34,17,16,1,1,1,1,1,9,22,9,22,19,9,30,70,4,2,21,25,55,11,4,1,31,11,1,2,1,11,11,10,4,50,10,3,2,2,1,2,1,4,2,364737702,1395642072,36.793806,139.94502,7,1,9999,9999,1,9
true,41,114,9,2,0,1,10300,0,211,2023,2,15,19,38,22,6,29,17,20,1,3,1,14,7,0,0,0,0,3,9,1,70,4,2,1,35,75,3,61,31,0,1,0,1,0,11,0,4,0,10,0,3,0,2,0,2,0,4,2,364503020,1395656512,36.750839,139.949031,4,3,9999,0,1,0
true,41,114,10,2,0,1,30000,0,211,2023,2,20,10,40,12,6,23,17,25,1,3,1,1,1,9,22,9,22,15,8,30,70,4,2,21,45,75,4,14,31,31,1,11,1,1,11,11,3,3,10,0,2,3,1,2,1,2,2,4,364813140,1395531177,36.80365,139.925327,2,3,9999,117,9,9
true,41,115,3,2,0,1,30000,0,215,2023,2,17,7,50,12,6,27,17,22,1,3,1,14,7,0,0,0,0,2,9,1,70,5,4,21,75,35,3,4,31,31,1,1,1,1,11,11,10,10,50,50,3,2,2,2,2,2,4,2,364302248,1400615109,36.717291,140.104197,6,3,85,9999,1,5
true,41,115,4,2,0,4,2940,0,215,2023,2,20,11,30,12,6,23,17,25,1,3,1,14,7,0,0,0,0,3,9,1,70,4,2,21,65,25,3,14,31,31,1,11,1,1,11,11,4,4,10,31,2,2,2,2,2,2,4,2,364319783,1400848012,36.722162,140.14667,2,3,9999,9999,9,1