資料区分,都道府県コード,警察署等コード,本票番号,事故内容,死者数,負傷者数,路線コード,地点コード,市区町村コード,発生日時　　年,発生日時　　月,発生日時　　日,発生日時　　時,発生日時　　分,昼夜,日の出時刻　　時,日の出時刻　　分,日の入り時刻　　時,日の入り時刻　　分,天候,地形,路面状態,道路形状,信号機,一時停止規制　標識（当事者A）,一時停止規制　表示（当事者A）,一時停止規制　標識（当事者B）,一時停止規制　表示（当事者B）,車道幅員,道路線形,衝突地点,ゾーン規制,中央分離帯施設等,歩車道区分,事故類型,年齢（当事者A）,年齢（当事者B）,当事者種別（当事者A）,当事者種別（当事者B）,用途別（当事者A）,用途別（当事者B）,車両形状等（当事者A）,車両形状等（当事者B）,オートマチック車（当事者A）,オートマチック車（当事者B）,サポカー（当事者A）,サポカー（当事者B）,速度規制（指定のみ）（当事者A）,速度規制（指定のみ）（当事者B）,車両の衝突部位（当事者A）,車両の衝突部位（当事者B）,車両の損壊程度（当事者A）,車両の損壊程度（当事者B）,エアバッグの装備（当事者A）,エアバッグの装備（当事者B）,サイドエアバッグの装備（当事者A）,サイドエアバッグの装備（当事者B）,人身損傷程度（当事者A）,人身損傷程度（当事者B）,地点　緯度（北緯）,地点　経度（東経）,地点　緯度（北緯）_1,地点　経度（東経）_1,曜日(発生年月日),祝日(発生年月日),認知機能検査経過日数（当事者A）,認知機能検査経過日数（当事者B）,運転練習の方法（当事者A）,運転練習の方法（当事者B）
true,41,116,3,2,0,1,99000,0,344,2023,1,16,18,20,22,6,51,16,49,2,3,1,0,7,0,0,0,0,0,0,20,70,0,4,21,55,35,3,3,31,31,1,1,1,1,11,11,10,10,30,50,3,3,2,2,2,2,4,2,363044838,1400340457,36.512455,140.061238,2,3,9999,9999,9,5
true,41,119,2,2,0,1,2930,0,411,2023,1,31,14,55,12,6,43,17,5,1,2,1,14,7,0,0,0,0,3,9,1,70,4,2,21,75,45,3,14,31,31,1,11,1,1,11,11,4,4,60,80,3,3,2,1,2,2,2,4,364417520,1400917550,36.7382,140.154875,3,3,580,9999,9,1
true,41,122,45,2,0,1,10630,0,201,2023,1,31,19,42,22,6,43,17,5,1,3,1,0,7,0,0,0,0,0,0,20,70,0,2,1,55,45,4,61,31,0,1,0,1,0,11,0,10,0,0,0,3,0,2,0,2,0,4,2,364044461,1395402376,36.679017,139.90066,3,3,9999,0,9,0
true,41,122,46,2,0,1,30000,0,201,2023,1,31,10,28,12,6,43,17,5,1,3,1,13,7,0,0,0,0,3,6,1,70,4,2,21,45,75,12,3,1,31,11,1,2,1,11,11,4,4,60,50,3,1,2,1,2,2,4,2,363249520,1395745932,36.547089,139.962759,3,3,9999,727,9,9
true,41,122,47,2,0,1,30000,0,201,2023,1,25,20,50,22,6,47,16,58,2,1,1,1,7,9,22,9,22,14,9,30,70,4,2,21,55,45,3,51,31,41,1,0,2,0,11,0,10,0,10,20,3,3,2,0,2,0,4,2,363417879,1395443258,36.571633,139.912016,4,3,9999,0,9,0
true,41,122,48,2,0,1,21250,0,201,2023,2,3,1,7,22,6,41,17,8,2,1,1,14,7,0,0,0,0,5,9,1,70,5,2,21,45,45,3,35,31,31,1,0,1,0,11,11,4,4,70,10,3,2,2,0,2,0,4,2,363409588,1395404630,36.56933,139.901286,6,3,9999,9999,1,5
true,41,122,49,2,0,2,21250,0,201,2023,2,3,8,9,12,6,41,17,8,2,1,1,1,1,9,22,9,22,18,9,30,70,5,2,21,65,1,3,51,1,41,1,0,1,0,11,0,2,0,10,40,3,3,2,0,2,0,4,2,363358093,1395357098,36.566137,139.899194,6,3,9999,0,1,0
true,41,122,50,2,0,1,41,1045,201,2023,1,26,9,50,12,6,47,16,59,1,2,1,12,7,0,0,0,0,3,7,1,70,1,4,21,1,55,3,3,31,31,1,1,1,1,11,11,10,10,80,68,2,2,2,2,2,2,4,2,363321010,1395627992,36.555836,139.941109,5,3,9999,9999,1,9
true,41,122,51,2,0,1,30000,0,201,2023,1,26,14,37,12,6,47,16,59,1,2,1,7,1,0,0,0,0,1,9,1,70,4,2,21,45,45,3,14,31,31,1,11,2,1,11,11,10,10,30,10,3,3,2,2,2,2,2,4,363241140,1395508152,36.544761,139.918931,5,3,9999,9999,1,9
true,41,122,52,2,0,1,30000,0,201,2023,2,4,20,5,22,6,40,17,9,1,1,1,14,7,0,0,0,0,1,9,1,70,5,2,41,55,0,51,76,41,0,0,0,0,0,0,0,0,0,10,0,3,0,0,0,0,0,2,0,363234548,1395413064,36.54293,139.903629,7,3,0,0,0,0
true,41,122,53,2,0,1,21570,0,201,2023,2,2,14,46,12,6,42,17,7,1,1,1,14,7,0,0,0,0,3,9,1,70,5,2,21,45,55,4,4,31,31,1,1,1,1,11,11,4,4,10,30,3,2,2,2,2,2,4,2,363604082,1395625883,36.601134,139.940523,5,3,9999,9999,1,9
true,41,122,54,2,0,1,1190,0,201,2023,2,6,17,22,21,6,38,17,11,1,2,1,1,1,9,22,0,0,15,9,30,70,1,2,41,75,0,51,76,41,0,0,0,0,0,0,0,0,0,40,0,3,0,0,0,0,0,2,0,363531016,1395436407,36.591949,139.910113,2,3,0,0,0,0
true,41,122,55,2,0,1,30000,0,201,2023,1,22,10,15,12,6,49,16,55,1,3,1,1,7,1,21,9,22,15,9,30,70,5,4,21,45,1,3,3,31,31,1,1,1,1,11,11,10,10,50,80,1,1,1,1,1,1,4,2,363359353,1395941323,36.566487,139.994812,1,3,9999,9999,9,1
true,41,122,56,2,0,1,30000,0,201,2023,2,8,7,45,12,6,36,17,13,1,1,2,13,7,0,0,0,0,2,5,1,70,5,2,41,25,0,51,76,41,0,0,0,0,0,0,0,0,0,40,0,3,0,0,0,0,0,2,0,363325196,1395926808,36.556999,139.99078,4,3,0,0,0,0
true,41,122,57,2,0,1,10100,0,201,2023,2,5,15,30,12,6,39,17,10,1,1,1,1,1,9,22,9,22,11,9,30,70,5,2,21,45,75,4,52,31,41,1,0,1,0,11,0,3,0,40,20,3,3,2,0,2,0,4,2,363428762,1395405749,36.574656,139.901597,1,3,9999,0,9,0
true,41,122,58,2,0,2,10640,0,201,2023,1,30,17,59,21,6,44,17,3,1,2,1,14,7,0,0,0,0,1,9,1,70,5,2,21,25,1,4,51,31,41,1,0,1,0,11,0,10,0,10,10,3,3,2,0,2,0,4,2,363333898,1395413036,36.559416,139.903621,2,3,9999,0,1,0
true,41,122,59,2,0,2,10630,0,201,2023,1,25,10,14,12,6,47,16,58,5,3,3,14,1,0,0,0,0,2,9,1,70,1,2,21,35,45,3,3,31,31,1,1,1,1,11,11,10,10,10,31,3,3,2,2,2,2,4,2,363710337,1395412424,36.619538,139.903451,4,3,9999,9999,5,1
true,41,122,60,2,0,1,99000,0,201,2023,2,5,19,16,22,6,39,17,10,1,1,1,0,7,0,0,0,0,0,0,20,70,0,4,41,75,0,51,76,41,0,0,0,0,0,0,0,0,0,10,0,3,0,0,0,0,0,2,0,363534624,1395513649,36.592951,139.920458,1,3,0,0,0,0
true,41,122,61,2,0,1,21250,0,201,2023,1,30,13,31,12,6,44,17,3,1,3,1,14,7,0,0,0,0,4,9,1,70,4,2,21,1,25,13,4,31,31,11,1,1,1,11,11,4,4,10,30,3,2,2,2,2,2,4,2,363457824,1395438761,36.582729,139.910767,2,3,9999,9999,1,1
true,41,122,62,2,0,2,1190,0,201,2023,2,7,16,21,13,6,37,17,12,2,2,1,7,1,0,0,0,0,1,9,1,70,1,2,21,35,25,4,14,31,31,1,11,1,1,11,11,10,10,10,30,3,3,2,2,2,2,4,2,363535117,1395540462,36.593088,139.927906,3,3,9999,9999,1,1
true,41,122,63,2,0,1,30000,0,201,2023,2,11,9,57,12,6,34,17,16,1,3,1,14,7,0,0,0,0,3,9,1,70,4,4,41,65,0,51,76,41,0,0,0,0,0,0,0,0,0,20,0,4,0,0,0,0,0,2,0,363756251,1395409547,36.632292,139.902652,7,1,0,0,0,0
true,41,122,64,2,0,1,30000,0,201,2023,2,3,20,53,22,6,41,17,8,1,1,1,14,7,0,0,0,0,3,9,1,70,4,2,21,25,35,3,4,31,1,1,1,1,1,11,11,3,3,70,80,3,3,2,2,2,2,4,2,363236575,1395322794,36.543493,139.889665,6,3,9999,9999,1,4
true,41,122,65,2,0,1,40,1059,201,2023,2,9,13,4,12,6,36,17,14,1,1,1,14,7,0,0,0,0,3,9,1,70,4,2,21,25,25,3,13,31,31,1,11,1,1,11,11,4,4,30,10,3,3,2,2,2,2,2,4,363239221,1395338119,36.544228,139.893922,5,3,9999,9999,1,5
true,41,122,66,2,0,1,30000,0,201,2023,2,1,17,36,21,6,43,17,6,1,2,1,1,1,9,22,0,0,18,9,30,70,1,2,1,75,55,4,61,31,0,1,0,1,0,11,0,5,0,10,0,3,0,2,0,2,0,4,2,363314126,1395846981,36.553924,139.979717,4,3,9999,0,9,0
true,41,122,67,2,0,1,30000,0,201,2023,2,17,12,39,12,6,27,17,22,1,1,1,1,7,9,22,9,22,14,9,30,70,4,2,21,75,65,3,51,31,41,1,0,1,0,11,0,3,0,80,20,3,3,2,0,2,0,4,2,363341015,1395349988,36.561393,139.897219,6,3,855,0,9,0
true,41,122,68,2,0,1,40,1111,201,2023,2,17,13,46,12,6,27,17,22,1,1,1,14,7,0,0,0,0,1,9,1,70,4,2,21,45,1,3,51,31,41,1,0,1,0,11,0,10,0,80,20,3,3,2,0,2,0,4,2,363452763,1395526886,36.581323,139.924135,6,3,9999,0,1,0
true,41,122,69,2,0,1,30000,0,201,2023,2,17,7,40,12,6,27,17,22,1,3,1,14,7,0,0,0,0,3,9,1,70,5,4,21,55,35,3,4,31,31,1,1,1,1,11,11,10,10,10,50,3,3,2,2,2,2,4,2,363519738,1395619820,36.588816,139.938839,6,3,9999,9999,9,1
true,41,122,70,2,0,1,41,1050,201,2023,2,4,16,43,13,6,40,17,9,1,3,1,14,7,0,0,0,0,2,9,1,70,1,4,21,1,45,4,14,31,31,1,11,1,1,11,11,10,10,10,31,2,1,1,1,2,2,4,2,363334946,1395630093,36.559707,139.941693,7,3,9999,0,1,0
true,41,122,71,2,0,1,30000,0,201,2022,8,8,9,16,12,4,52,18,40,1,1,1,14,7,0,0,0,0,2,9,1,70,5,3,21,35,25,3,51,31,41,1,0,1,0,11,0,10,0,10,20,3,3,2,0,2,0,4,2,363323162,1395412326,36.556434,139.903424,2,3,9999,0,9,0
true,41,122,72,2,0,1,22390,0,201,2023,2,16,16,13,12,6,28,17,21,1,3,1,1,7,9,22,9,22,15,9,30,70,5,3,21,65,25,3,3,31,31,1,1,1,1,11,11,10,10,50,50,3,3,2,2,2,2,4,2,363836697,1395623960,36.643527,139.939989,5,3,9999,9999,1,5
true,41,122,73,2,0,1,20000,0,201,2023,1,19,6,53,11,6,50,16,52,1,3,1,1,1,9,22,9,22,14,9,30,70,4,2,21,65,55,3,3,1,31,1,1,1,1,11,11,2,2,50,50,3,3,2,2,2,2,4,2,363346040,1395500577,36.562789,139.916827,5,3,9999,9999,9,9
true,41,122,74,2,0,1,30000,0,201,2022,12,8,9,9,12,6,39,16,25,1,1,1,1,7,9,22,0,0,14,9,30,70,5,2,1,45,55,3,61,1,0,1,0,1,0,11,0,10,0,10,0,3,0,2,0,2,0,4,2,363336004,1395402938,36.560001,139.900816,5,3,9999,0,9,0
true,41,122,75,2,0,2,99000,0,201,2023,2,5,8,48,12,6,39,17,10,1,3,1,0,7,0,0,0,0,0,0,20,70,0,4,21,1,55,3,3,31,31,1,1,1,1,11,0,10,10,10,30,3,3,2,2,2,2,4,2,363535844,1395442106,36.59329,139.911696,1,3,9999,9999,1,9
true,41,122,76,2,0,2,30000,0,201,2023,1,18,12,0,12,6,51,16,51,1,3,1,1,7,1,22,9,22,11,9,30,70,5,3,21,65,45,3,4,31,31,1,1,1,1,11,11,2,2,20,10,3,3,2,2,2,2,2,2,363600983,1395546488,36.600273,139.92958,4,3,9999,9999,9,1
true,41,122,77,2,0,1,10630,0,201,2023,2,23,11,45,12,6,20,17,28,2,3,1,14,1,0,0,0,0,5,8,1,70,1,2,21,35,45,3,3,31,31,1,1,1,1,11,11,5,5,10,30,3,3,2,2,2,2,4,2,363535585,1395343681,36.593218,139.895467,5,1,9999,9999,1,4
true,41,122,78,2,0,1,40,1300,201,2023,2,14,18,54,22,6,30,17,19,1,1,1,14,7,0,0,0,0,4,9,1,70,5,2,21,65,45,17,4,1,31,11,1,1,1,11,11,4,4,30,10,3,3,2,2,2,2,2,4,363503829,1395542168,36.584397,139.92838,3,3,9999,9999,9,1
true,41,123,31,2,0,1,40,1028,201,2023,1,28,6,27,23,6,46,17,1,1,2,1,1,1,9,22,9,22,15,9,30,70,4,2,21,45,45,3,4,31,31,1,1,1,1,11,11,10,3,50,10,3,2,2,2,2,2,2,4,363120212,1395244753,36.522281,139.879098,7,3,9999,9999,9,9
true,41,123,32,2,0,1,30000,0,201,2023,1,18,15,37,12,6,51,16,51,1,2,1,14,7,0,0,0,0,3,9,1,70,4,2,21,65,35,4,4,31,31,1,1,1,1,11,11,3,3,10,30,3,3,2,2,2,2,4,2,363021226,1395202676,36.505896,139.86741,4,3,9999,9999,9,5
true,41,123,33,2,0,1,30000,0,201,2023,1,28,19,11,22,6,46,17,1,1,1,1,14,7,0,0,0,0,3,9,1,70,5,2,41,75,0,4,75,31,0,1,0,1,0,11,0,3,0,10,0,2,0,1,0,2,0,2,0,363139828,1395154043,36.52773,139.865012,7,3,0,0,0,0
true,41,123,34,2,0,1,21580,0,201,2023,2,2,6,5,23,6,42,17,7,1,2,1,14,7,0,0,0,0,4,9,1,70,4,2,41,55,0,34,75,31,0,0,0,0,0,11,0,4,0,10,0,3,0,0,0,0,0,2,0,363059706,1395630635,36.516585,139.941843,5,3,9999,0,5,0
true,41,123,35,2,0,2,30000,0,201,2023,1,25,15,10,12,6,47,16,58,1,1,1,1,7,9,22,1,21,14,9,30,70,4,4,21,45,1,3,51,31,41,1,0,1,0,11,0,2,0,84,10,3,2,2,0,2,0,4,2,363152540,1395214646,36.531261,139.870735,4,3,9999,0,9,0
true,41,123,36,2,0,1,1210,0,201,2023,2,6,14,44,12,6,38,17,11,1,2,1,1,1,9,21,9,22,19,9,30,70,1,2,21,35,1,4,51,31,41,1,0,1,0,11,0,10,0,80,20,3,2,2,0,2,0,4,2,363057996,1395038551,36.51611,139.844042,2,3,9999,0,5,0
true,41,123,37,2,0,1,99000,0,201,2023,1,14,13,48,12,6,52,16,47,2,1,1,0,7,0,0,0,0,0,0,20,70,0,4,21,75,55,3,4,31,31,1,1,1,1,11,11,10,10,70,50,3,3,2,2,2,2,4,2,362933698,1395128714,36.492694,139.857976,7,3,921,9999,9,9
true,41,123,38,2,0,1,10030,0,201,2022,12,2,6,16,23,6,34,16,25,1,1,1,7,1,0,0,0,0,4,9,1,70,1,2,21,1,35,3,3,31,31,1,1,1,1,11,11,10,10,10,30,3,3,2,2,2,2,4,2,363148065,1395055846,36.530018,139.848846,6,3,9999,9999,5,9
true,41,123,39,2,0,1,30000,0,201,2023,1,30,18,22,22,6,44,17,3,1,1,1,1,7,1,21,9,22,17,9,30,70,1,2,21,45,35,3,51,31,41,1,0,1,0,11,0,10,0,80,20,3,2,2,0,2,0,4,2,363216004,1395440270,36.537779,139.911186,2,3,9999,0,9,0
true,41,123,40,2,0,1,1210,0,201,2023,2,8,17,55,21,6,36,17,13,2,2,2,7,1,0,0,0,0,4,9,1,70,1,2,21,25,0,4,0,31,0,1,0,1,0,11,0,4,0,30,0,3,0,2,0,2,0,2,0,363019858,1395204152,36.505516,139.86782,4,3,9999,0,1,0
true,41,123,41,2,0,1,10350,0,201,2023,2,8,13,2,12,6,36,17,13,1,2,1,14,7,0,0,0,0,2,9,1,70,4,2,21,65,75,3,14,31,31,1,11,1,1,11,11,4,4,60,60,3,3,2,2,2,2,2,4,363050684,1395343368,36.514079,139.89538,4,3,9999,106,9,9
true,41,123,42,1,1,0,41,1007,201,2023,2,14,21,35,22,6,30,17,19,1,3,1,14,7,0,0,0,0,3,9,1,70,1,2,21,1,55,3,35,31,31,1,0,1,0,11,11,10,10,10,30,1,1,2,0,2,0,4,1,363124161,1395517404,36.523378,139.921501,3,3,9999,9999,1,9
true,41,123,43,2,0,1,1210,0,201,2023,2,11,17,32,21,6,34,17,16,1,1,1,7,1,0,0,0,0,5,9,1,70,1,2,21,1,25,3,4,31,31,1,1,1,1,11,11,4,4,80,70,3,3,2,2,2,2,4,2,363019861,1395204742,36.505517,139.867984,7,1,9999,9999,1,5
true,41,123,44,2,0,2,30000,0,201,2023,2,15,11,0,12,6,29,17,20,1,1,1,14,7,0,0,0,0,3,9,1,70,5,2,21,65,1,4,4,31,31,1,1,1,1,11,11,3,3,70,70,3,3,2,2,2,2,4,2,363002995,1395139478,36.500832,139.860966,4,3,9999,9999,9,1
true,41,123,45,2,0,1,99000,0,201,2023,2,19,17,42,21,6,25,17,24,2,1,1,0,7,0,0,0,0,0,0,20,70,0,4,1,45,45,3,61,31,0,1,0,1,0,11,0,10,0,80,0,3,0,2,0,2,0,4,2,362929432,1395121895,36.491509,139.856082,1,3,9999,0,9,0
true,41,123,46,2,0,1,10460,0,201,2023,2,18,8,40,12,6,26,17,23,1,1,1,7,1,0,0,0,0,4,9,1,70,1,2,21,25,75,3,4,31,31,1,1,1,1,11,11,10,10,10,30,3,3,2,2,2,2,4,4,363141336,1395510333,36.528149,139.919537,7,3,9999,9999,1,9
true,41,123,47,2,0,1,99000,0,201,2023,2,11,12,28,12,6,34,17,16,1,3,1,0,7,0,0,0,0,0,0,20,70,0,4,21,55,45,4,4,31,31,1,1,1,1,11,11,10,10,50,80,3,1,2,2,2,2,4,2,362934656,1395432443,36.49296,139.909012,7,1,9999,9999,9,1
true,41,123,48,2,0,1,1210,0,201,2023,1,31,7,50,12,6,43,17,5,1,3,1,7,1,0,0,0,0,5,9,1,70,1,2,21,35,35,3,4,31,31,1,1,1,1,11,11,10,10,40,50,3,3,2,2,2,2,2,4,363002354,1395607037,36.500654,139.935288,3,3,9999,9999,1,1
true,41,123,49,2,0,2,40,1046,201,2023,2,23,5,32,23,6,20,17,28,1,1,1,7,1,0,0,0,0,5,9,1,70,4,2,21,45,1,4,4,31,31,1,1,1,1,11,11,4,4,10,70,2,2,1,2,2,2,4,2,363219514,1395255103,36.538754,139.881973,5,1,9999,9999,9,1
true,41,123,50,2,0,1,21550,0,201,2023,2,20,7,0,11,6,23,17,25,1,2,1,1,7,1,21,9,22,14,9,30,70,4,4,21,35,25,4,51,31,41,1,0,1,0,11,0,10,0,50,10,3,3,2,0,2,0,4,2,363213178,1395110418,36.536994,139.852894,2,3,9999,0,5,0
true,41,123,51,2,0,1,10020,0,201,2023,2,22,1,18,22,6,21,17,27,1,1,1,1,1,9,22,9,22,17,9,30,70,5,2,21,1,25,3,3,31,31,1,1,1,1,11,11,10,4,50,10,2,2,2,2,2,2,4,2,363207534,1395130377,36.535426,139.858438,4,2,9999,9999,5,5
true,41,123,52,2,0,1,10460,0,201,2023,2,24,17,59,21,6,18,17,29,2,3,2,7,7,0,0,0,0,2,9,1,70,4,2,1,55,55,14,61,31,0,11,0,1,0,11,0,3,0,80,0,3,0,2,0,2,0,4,2,363107633,1395535144,36.518787,139.926429,6,3,9999,0,9,0
true,41,123,53,2,0,1,30000,0,201,2023,2,27,14,47,12,6,15,17,32,1,1,1,1,7,9,22,0,0,11,9,30,1,5,4,41,75,0,51,76,41,0,0,0,0,0,0,0,0,0,40,0,3,0,0,0,0,0,2,0,362915540,1395141404,36.48765,139.861501,2,3,0,0,0,0
true,41,123,54,2,0,1,30000,0,201,2023,2,28,18,0,21,6,13,17,33,1,1,1,7,7,0,0,0,0,2,9,1,70,5,4,41,75,0,51,76,41,0,0,0,0,0,0,0,0,0,10,0,3,0,0,0,0,0,2,0,363158732,1395257770,36.532981,139.882714,3,3,0,0,0,0
true,41,59,6,2,0,1,41020,560,204,2023,2,20,13,15,12,6,23,17,25,1,3,1,14,7,0,0,0,0,5,9,1,70,1,4,21,35,25,3,13,31,31,1,11,1,1,11,11,8,8,20,30,2,2,2,2,2,2,2,4,361808338,1393703202,36.302316,139.617556,2,3,9999,9999,1,1
true,41,59,7,2,0,1,41010,1245,211,2023,3,3,13,47,12,6,9,17,36,1,3,1,14,7,0,0,0,0,3,9,1,70,1,4,21,35,55,12,3,31,31,11,1,2,1,11,11,10,10,60,45,3,3,2,2,2,2,4,2,364755063,1395454068,36.798629,139.915019,6,3,9999,9999,5,9
true,41,59,8,2,0,2,41010,796,203,2023,2,16,14,41,12,6,28,17,21,1,3,1,14,7,0,0,0,0,2,9,1,70,1,4,21,55,25,11,3,1,31,11,1,2,1,1,1,8,8,0,0,4,4,2,2,2,2,4,2,362740475,1394341455,36.461243,139.728182,5,3,9999,9999,9,5
true,41,59,9,2,0,3,41010,1189,211,2023,3,22,7,11,12,5,42,17,53,1,3,1,14,7,0,0,0,0,4,9,1,70,1,3,21,1,35,12,4,31,31,11,1,2,1,11,11,10,10,80,60,2,2,2,2,2,2,4,2,364524174,1395601450,36.756715,139.933736,4,3,9999,9999,1,1
true,41,59,10,2,0,1,41010,753,203,2023,3,17,16,41,12,5,50,17,49,2,3,1,14,7,0,0,0,0,4,9,1,70,1,3,21,45,25,3,4,31,31,1,1,1,1,11,11,10,8,88,66,2,2,2,1,2,2,4,2,362523734,1394310834,36.423259,139.719676,6,3,9999,9999,1,1
true,41,59,11,2,0,1,41020,548,203,2023,3,21,19,42,22,5,44,17,53,2,3,1,14,7,0,0,0,0,3,9,1,70,1,3,21,35,35,3,3,31,31,1,1,1,1,1,1,4,4,10,30,3,3,2,2,2,2,4,2,361729274,1393706719,36.291465,139.618533,3,1,9999,9999,1,1
true,41,101,56,2,0,1,10060,0,201,2023,1,30,21,15,22,6,44,17,3,2,3,1,7,1,0,0,0,0,5,9,1,70,1,2,21,25,45,3,4,31,31,1,1,1,1,11,11,10,10,30,10,3,3,2,2,2,2,2,4,363243951,1394920626,36.545542,139.822396,2,3,9999,9999,1,1
true,41,101,57,2,0,1,10100,0,201,2023,2,8,15,45,12,6,36,17,13,2,1,1,1,1,9,22,9,22,14,9,30,70,4,2,21,55,1,3,51,31,41,1,0,1,0,11,0,3,0,80,20,3,3,2,0,2,0,4,2,363413022,1395324119,36.570284,139.890033,4,3,9999,0,9,0
true,41,101,58,2,0,1,10100,0,201,2023,3,4,15,26,12,6,8,17,37,1,1,1,14,7,0,0,0,0,3,9,1,70,5,2,41,1,0,51,76,41,0,0,0,0,0,0,0,0,0,40,0,3,0,0,0,0,0,2,0,363335546,1395334422,36.559874,139.892895,7,3,0,0,0,0
true,41,101,59,2,0,1,10030,0,201,2023,3,1,8,14,12,6,12,17,34,1,3,1,14,7,0,0,0,0,3,9,1,70,1,2,21,45,35,12,3,1,31,11,1,2,1,11,11,10,10,30,10,3,3,2,2,2,2,2,4,363240265,1395059626,36.544518,139.849896,4,3,9999,9999,9,5
true,41,101,60,2,0,1,10060,0,201,2023,2,9,13,35,12,6,36,17,14,1,2,1,1,7,9,22,9,22,17,9,30,70,1,2,21,1,25,4,4,31,31,1,1,1,1,11,11,4,4,0,10,4,3,2,2,2,2,4,2,363259701,1395137634,36.549917,139.860454,5,3,9999,9999,1,1
true,41,101,61,2,0,1,1190,0,201,2023,2,4,20,0,22,6,40,17,9,1,1,1,14,1,0,0,0,0,3,9,1,70,4,3,21,1,45,3,3,31,31,1,1,1,1,11,11,3,3,40,20,3,3,2,2,2,2,4,2,363430360,1395215910,36.5751,139.871086,7,3,9999,9999,1,1
true,41,101,62,2,0,1,10700,0,201,2023,3,8,6,45,11,6,2,17,41,1,1,1,1,1,9,22,0,0,19,9,30,70,4,2,1,45,55,4,61,31,0,1,0,1,0,11,0,3,0,10,0,3,0,2,0,2,0,4,2,363439425,1395058117,36.577618,139.849477,4,3,9999,0,1,0
true,41,101,63,2,0,1,30000,0,201,2023,1,5,13,45,12,6,53,16,38,1,1,1,14,7,0,0,0,0,4,9,1,70,5,4,1,45,75,51,61,41,0,0,0,0,0,0,0,0,0,40,0,3,0,0,0,0,0,4,2,363337174,1395255870,36.560326,139.882186,5,3,0,0,0,0
true,41,101,64,2,0,1,20000,0,201,2023,3,9,11,29,12,6,1,17,42,1,1,1,14,7,0,0,0,0,1,9,1,70,4,2,41,75,0,51,76,41,0,0,0,0,0,0,0,0,0,10,0,3,0,0,0,0,0,2,0,363258963,1395233276,36.549712,139.87591,5,3,0,0,0,0
true,41,101,65,2,0,1,30040,0,201,2023,3,11,2,28,22,5,58,17,44,1,1,1,1,1,9,22,0,0,18,9,30,70,4,2,1,1,45,4,61,31,0,1,0,1,0,0,0,4,0,10,0,2,0,2,0,2,0,4,2,363303475,1395232191,36.550965,139.875609,7,3,9999,0,1,0
true,41,101,66,2,0,3,10060,0,201,2023,3,11,8,57,12,5,58,17,44,1,2,1,14,7,0,0,0,0,4,9,1,70,1,2,21,55,45,4,4,31,31,1,1,1,1,11,11,3,3,10,30,3,3,1,1,2,2,4,2,363258945,1395114969,36.549707,139.854158,7,3,9999,9999,9,9
true,41,101,67,2,0,1,30000,0,201,2023,3,10,19,13,22,6,0,17,43,1,2,1,14,7,0,0,0,0,1,7,1,70,5,4,41,65,0,52,76,41,0,0,0,0,0,0,0,0,0,40,0,3,0,0,0,0,0,2,0,363512138,1395012872,36.586705,139.836909,6,3,0,0,0,0
true,41,101,68,2,0,1,30000,0,201,2023,3,13,10,28,12,5,55,17,45,3,1,2,14,7,0,0,0,0,2,9,1,70,4,2,1,75,75,14,61,31,0,11,0,1,0,11,0,3,0,10,0,3,0,2,0,2,0,4,2,363512638,1395204793,36.586844,139.867998,2,3,9999,0,9,0
true,41,101,70,2,0,1,10060,0,201,2023,3,3,16,55,13,6,9,17,36,1,1,1,1,1,9,22,9,22,15,9,30,70,4,2,21,75,75,13,51,31,41,11,0,1,0,11,0,3,0,10,10,3,3,2,0,2,0,4,2,363301577,1395206794,36.550438,139.868554,6,3,890,0,9,0
true,41,101,71,2,0,1,30000,0,201,2023,3,16,7,45,12,5,51,17,48,1,1,1,1,7,1,21,9,22,11,9,30,70,4,2,21,55,1,3,51,31,41,1,0,1,0,11,0,10,0,50,10,3,3,2,0,2,0,4,2,363516310,1395315886,36.587864,139.887746,5,3,9999,0,9,0
true,41,101,72,2,0,1,10700,0,201,2023,3,16,9,15,12,5,51,17,48,1,1,1,14,7,0,0,0,0,5,9,1,70,1,2,41,1,0,51,76,41,0,0,0,0,0,0,0,0,0,0,0,3,0,0,0,0,0,2,0,363344903,1395220521,36.562473,139.872367,5,3,0,0,0,0
true,41,101,73,2,0,1,10700,0,201,2023,3,16,15,20,12,5,51,17,48,1,1,1,1,2,9,22,0,0,11,9,30,70,4,2,41,75,0,51,76,41,0,0,0,0,0,0,0,0,0,0,0,3,0,0,0,0,0,2,0,363444922,1395032852,36.579145,139.842459,5,3,0,0,0,0
true,41,101,74,2,0,1,1190,0,201,2023,1,14,8,32,12,6,52,16,47,2,3,1,7,1,0,0,0,0,2,9,1,70,1,2,21,1,65,3,4,31,31,1,1,1,1,11,11,10,10,10,30,2,2,1,1,2,2,4,2,363545416,1395253465,36.595949,139.881518,7,3,9999,9999,1,9
true,41,101,75,2,0,1,30000,0,201,2023,3,17,18,37,21,5,50,17,49,2,2,1,1,7,9,22,0,0,14,9,30,70,4,2,1,65,65,3,61,31,0,1,0,1,0,11,0,2,0,80,0,3,0,2,0,2,0,4,2,363236974,1395225680,36.543604,139.8738,6,3,9999,0,9,0