資料区分,都道府県コード,警察署等コード,本票番号,事故内容,死者数,負傷者数,路線コード,地点コード,市区町村コード,発生日時　　年,発生日時　　月,発生日時　　日,発生日時　　時,発生日時　　分,昼夜,日の出時刻　　時,日の出時刻　　分,日の入り時刻　　時,日の入り時刻　　分,天候,地形,路面状態,道路形状,信号機,一時停止規制　標識（当事者A）,一時停止規制　表示（当事者A）,一時停止規制　標識（当事者B）,一時停止規制　表示（当事者B）,車道幅員,道路線形,衝突地点,ゾーン規制,中央分離帯施設等,歩車道区分,事故類型,年齢（当事者A）,年齢（当事者B）,当事者種別（当事者A）,当事者種別（当事者B）,用途別（当事者A）,用途別（当事者B）,車両形状等（当事者A）,車両形状等（当事者B）,オートマチック車（当事者A）,オートマチック車（当事者B）,サポカー（当事者A）,サポカー（当事者B）,速度規制（指定のみ）（当事者A）,速度規制（指定のみ）（当事者B）,車両の衝突部位（当事者A）,車両の衝突部位（当事者B）,車両の損壊程度（当事者A）,車両の損壊程度（当事者B）,エアバッグの装備（当事者A）,エアバッグの装備（当事者B）,サイドエアバッグの装備（当事者A）,サイドエアバッグの装備（当事者B）,人身損傷程度（当事者A）,人身損傷程度（当事者B）,地点　緯度（北緯）,地点　経度（東経）,地点　緯度（北緯）_1,地点　経度（東経）_1,曜日(発生年月日),祝日(発生年月日),認知機能検査経過日数（当事者A）,認知機能検査経過日数（当事者B）,運転練習の方法（当事者A）,運転練習の方法（当事者B）
true,41,104,49,2,0,1,30000,0,204,2023,1,10,11,16,12,6,53,16,43,1,3,1,14,7,0,0,0,0,3,9,1,70,5,2,21,75,65,4,4,31,31,1,1,1,1,11,11,4,4,80,60,3,3,2,2,2,2,4,2,361923736,1393247587,36.32326,139.546552,3,3,9999,9999,9,9
true,41,104,50,2,0,1,22700,0,204,2023,3,11,20,10,22,5,58,17,44,1,3,1,14,7,0,0,0,0,4,9,1,70,1,2,21,35,35,3,3,31,31,1,1,1,1,11,11,4,4,10,10,3,3,2,2,2,2,4,2,361903256,1393353978,36.317571,139.564994,7,3,9999,9999,1,1
true,41,104,51,2,0,1,99000,0,204,2023,3,6,18,32,21,6,5,17,39,1,1,1,0,7,0,0,0,0,0,0,20,70,0,4,21,1,35,3,3,31,31,1,1,1,1,11,11,10,10,30,10,3,3,2,2,2,2,4,2,361756702,1393619483,36.299084,139.605412,2,3,9999,9999,1,1
true,41,104,52,2,0,1,2930,0,204,2023,3,11,8,50,12,5,58,17,44,1,3,1,1,1,9,22,9,22,15,9,30,70,5,2,21,65,1,12,51,31,41,11,0,1,0,11,0,10,0,50,40,3,3,2,0,2,0,4,2,362203313,1393354533,36.367587,139.565148,7,3,9999,0,9,0
true,41,104,53,2,0,1,2930,0,204,2023,3,9,16,3,12,6,1,17,42,2,3,1,14,7,0,0,0,0,3,9,1,70,5,2,21,35,55,17,4,31,31,11,1,2,1,11,11,10,10,11,31,2,2,1,1,2,2,4,2,362105702,1393049957,36.351584,139.513877,5,3,9999,9999,5,9
true,41,104,54,2,0,1,30000,0,204,2023,2,9,8,57,12,6,36,17,14,1,3,1,1,7,1,21,9,22,15,9,30,70,5,4,21,45,35,3,3,31,31,1,1,1,1,11,11,10,10,80,50,3,3,2,2,2,2,4,2,361822360,1393352034,36.306211,139.564454,5,3,9999,9999,1,1
true,41,104,55,2,0,1,30000,0,204,2023,3,9,14,35,12,6,1,17,42,1,2,1,1,1,9,22,9,22,15,9,30,70,5,4,21,35,35,3,4,31,31,1,1,1,1,11,11,3,3,84,15,2,2,2,2,2,2,4,2,361741896,1393548034,36.294971,139.596676,5,3,9999,9999,1,1
true,41,104,56,2,0,1,99000,0,204,2023,3,19,9,50,12,5,47,17,51,1,2,1,0,7,0,0,0,0,0,0,20,70,0,4,21,35,35,3,4,31,31,1,1,1,1,11,11,10,10,66,44,3,3,2,2,2,2,4,2,361758189,1393549794,36.299497,139.597165,1,3,9999,9999,1,1
true,41,104,57,2,0,1,99000,0,204,2023,3,17,11,17,12,5,50,17,49,1,1,1,0,7,0,0,0,0,0,0,20,70,0,4,21,75,25,3,4,31,31,1,1,1,1,11,11,10,10,60,80,3,3,2,2,2,2,4,2,361754254,1393617748,36.298404,139.60493,6,3,574,9999,9,1
true,41,104,58,2,0,1,20000,0,204,2023,3,22,17,5,13,5,42,17,53,1,1,1,14,7,0,0,0,0,3,9,1,70,4,2,21,65,1,4,51,31,41,1,0,1,0,11,0,3,0,10,40,3,3,2,0,2,0,4,2,361928726,1393413476,36.324646,139.57041,4,3,9999,0,1,0
true,41,104,59,2,0,1,22700,0,204,2023,3,24,8,45,12,5,39,17,55,2,3,1,1,7,1,22,9,22,11,9,30,70,5,2,21,25,55,3,4,31,31,1,1,1,1,11,11,10,4,18,47,3,2,2,2,2,2,4,2,361754964,1393432822,36.298601,139.575784,6,3,9999,9999,5,9
true,41,104,60,2,0,1,500,489,204,2023,1,20,3,35,22,6,50,16,53,1,3,1,14,7,0,0,0,0,3,9,1,70,1,2,21,55,35,11,11,1,1,11,11,2,2,11,11,10,10,11,37,1,3,1,2,2,2,4,2,361724418,1393248253,36.290116,139.546737,6,3,9999,9999,9,1
true,41,104,61,2,0,1,99000,0,204,2023,2,22,18,0,21,6,21,17,27,1,2,1,0,7,0,0,0,0,0,0,20,70,0,4,1,55,55,3,61,31,0,1,0,1,0,11,0,10,0,88,0,3,0,2,0,2,0,4,2,361823627,1393442280,36.306563,139.578411,4,2,9999,0,9,0
true,41,104,62,2,0,2,21410,0,204,2023,3,24,19,13,22,5,39,17,55,3,3,1,14,7,0,0,0,0,1,9,1,70,5,2,21,1,1,3,4,31,31,1,1,1,1,11,11,3,3,33,33,3,3,2,2,2,2,2,4,361927385,1393544344,36.324274,139.595651,6,3,9999,9999,1,1
true,41,104,63,2,0,1,10070,0,204,2023,3,25,6,21,11,5,38,17,56,3,3,2,14,7,0,0,0,0,1,9,1,70,1,2,21,25,55,3,4,31,31,1,1,1,1,11,11,4,4,44,55,3,3,2,2,2,2,2,4,361652777,1393333476,36.281327,139.559299,7,3,9999,9999,5,1
true,41,104,64,2,0,1,30000,0,204,2023,3,28,19,24,22,5,33,17,59,1,3,1,1,1,9,22,9,22,14,9,30,70,4,2,21,45,25,3,51,31,41,1,0,1,0,11,0,4,0,11,44,3,3,2,0,2,0,4,2,361654469,1393628904,36.281797,139.608029,3,3,9999,0,1,0
true,41,104,65,2,0,1,21410,0,204,2023,3,21,11,15,12,5,44,17,53,1,3,1,1,1,9,22,9,22,15,9,30,70,5,2,21,65,1,4,51,31,41,1,0,1,0,11,0,3,0,50,10,3,3,2,0,2,0,4,2,361928049,1393553261,36.324458,139.598128,3,1,9999,0,9,0
true,41,104,66,2,0,1,20000,0,204,2023,3,29,15,0,12,5,32,17,59,2,3,1,14,7,0,0,0,0,1,9,1,70,5,4,1,75,0,61,0,0,0,0,0,0,0,0,0,0,0,0,0,0,0,0,0,0,0,2,0,362038155,1393449458,36.343932,139.580405,4,3,0,0,0,0
true,41,105,32,2,0,2,30000,0,205,2023,3,3,13,38,12,6,9,17,36,1,2,1,1,7,1,21,1,21,15,9,30,70,5,3,21,35,75,3,14,31,31,1,11,1,1,11,11,10,10,10,50,3,3,2,2,2,2,4,2,363307387,1394604724,36.552052,139.767979,6,3,9999,353,1,9
true,41,105,33,2,0,1,10060,0,205,2023,2,28,7,29,12,6,13,17,33,1,2,1,1,1,9,22,9,22,19,9,30,70,1,2,21,25,35,3,3,31,31,1,1,1,1,1,1,4,10,60,50,2,2,2,2,2,2,4,2,363217866,1394835896,36.538296,139.809971,3,3,9999,9999,1,1
true,41,105,34,2,0,1,2930,0,205,2023,3,10,11,7,12,6,0,17,43,1,1,1,14,7,0,0,0,0,4,9,20,70,4,2,41,75,0,51,75,41,0,0,0,0,0,0,0,0,0,10,0,3,0,0,0,0,0,2,0,363333023,1394448577,36.559173,139.746827,6,3,0,0,0,0
true,41,105,35,2,0,1,10040,0,205,2023,2,25,11,50,12,6,17,17,30,1,3,1,14,7,0,0,0,0,3,9,1,70,4,2,21,1,65,3,3,31,31,1,1,1,1,11,11,10,4,55,44,3,3,2,2,2,2,4,2,363346948,1394801163,36.563041,139.800323,7,3,9999,9999,1,9
true,41,105,36,2,0,1,30000,0,205,2023,3,11,20,23,22,5,58,17,44,1,1,1,14,7,0,0,0,0,3,9,20,70,5,4,21,45,35,14,36,31,31,11,0,1,0,11,11,10,10,70,10,3,3,2,0,2,0,4,2,363334805,1394558932,36.559668,139.76637,7,3,9999,9999,1,1
true,41,105,37,2,0,1,22680,0,205,2023,3,11,14,33,12,5,58,17,44,1,2,1,14,7,0,0,0,0,3,9,1,70,4,3,21,45,35,3,4,31,31,1,1,1,1,1,1,4,4,30,50,3,3,2,2,2,2,2,4,363517891,1394506728,36.588303,139.751869,7,3,9999,9999,9,1
true,41,105,38,2,0,1,1210,0,205,2023,3,13,19,26,22,5,55,17,45,2,3,1,14,7,0,0,0,0,4,9,1,70,4,2,21,25,45,3,13,31,31,1,11,1,1,11,11,10,10,30,10,3,2,2,2,2,2,2,4,363157565,1394839600,36.532657,139.811,2,3,9999,9999,1,5
true,41,105,39,2,0,1,1210,0,205,2023,3,19,16,21,12,5,47,17,51,1,1,1,1,7,1,21,9,22,14,3,30,70,4,2,21,65,1,3,51,31,41,1,0,1,0,11,0,1,0,15,40,3,3,2,0,2,0,4,2,363322108,1394603353,36.556141,139.767598,1,3,9999,0,9,0
true,41,105,40,2,0,1,99000,0,205,2023,3,8,8,21,12,6,2,17,41,1,3,1,0,7,0,0,0,0,0,0,20,70,0,4,21,45,1,3,31,31,31,1,0,1,0,11,11,10,10,80,20,3,3,2,0,2,0,4,2,363034333,1394808104,36.509537,139.802251,4,3,9999,9999,1,5
true,41,105,41,2,0,1,30000,0,205,2023,3,23,17,0,13,5,41,17,54,2,1,2,1,7,9,22,1,21,14,9,30,70,5,2,21,1,65,17,4,31,31,11,1,1,1,11,11,4,10,10,10,3,3,2,2,2,2,2,4,363323124,1394552475,36.556423,139.764576,5,3,9999,9999,5,9
true,41,105,42,2,0,1,30000,0,205,2023,3,26,9,35,12,5,36,17,57,3,2,2,1,7,1,21,9,22,11,9,30,70,5,3,21,65,55,3,4,31,31,1,1,1,1,11,11,10,3,20,80,3,2,2,2,1,2,4,2,363121972,1394649411,36.52277,139.780392,1,3,9999,9999,5,9
true,41,105,43,2,0,1,30000,0,205,2023,3,11,18,0,21,5,58,17,44,1,3,1,1,1,9,22,0,0,14,9,30,70,5,3,41,25,0,3,75,31,0,1,0,1,0,11,0,3,0,16,0,2,0,2,0,2,0,4,0,363137999,1394617944,36.527222,139.771651,7,3,9999,0,1,0
true,41,106,27,2,0,1,23160,0,209,2023,3,3,7,52,12,6,9,17,36,2,3,1,1,7,1,21,9,22,15,9,30,70,4,3,21,45,35,3,3,31,31,1,1,1,1,11,11,5,4,10,50,1,2,1,1,2,2,4,2,362302101,1395643411,36.383917,139.945392,6,3,9999,9999,9,5
true,41,106,28,2,0,1,30000,0,342,2023,3,1,16,25,12,6,12,17,34,2,2,1,1,7,2,21,2,21,15,9,30,70,4,2,21,65,45,3,3,31,31,1,1,2,1,11,11,10,10,31,13,3,3,2,2,2,2,4,2,362933270,1400553412,36.492575,140.09817,4,3,9999,9999,9,9
true,41,106,29,2,0,1,4080,0,209,2023,2,14,12,35,12,6,30,17,19,1,2,1,14,1,0,0,0,0,4,9,1,70,1,2,21,25,25,12,3,1,31,11,1,2,1,11,11,5,5,10,30,3,3,2,2,2,2,4,2,362621840,1395826594,36.4394,139.974054,3,3,9999,9999,1,1
true,41,106,30,2,0,1,2940,0,209,2023,1,11,7,35,11,6,53,16,44,1,2,1,1,7,1,21,9,22,15,9,30,70,4,4,21,25,35,3,4,31,31,1,1,1,1,11,11,4,4,80,50,4,3,2,2,2,2,4,2,362722325,1400228315,36.456201,140.041199,4,3,9999,9999,5,1
true,41,106,31,2,0,1,10690,0,345,2023,3,10,13,40,12,6,0,17,43,1,3,1,14,7,0,0,0,0,5,7,1,70,1,2,41,1,0,51,76,41,0,0,0,0,0,0,0,0,0,40,0,3,0,0,0,0,0,2,0,363226131,1400429460,36.540592,140.07485,6,3,0,0,0,0
true,41,106,32,2,0,1,4080,0,209,2023,3,12,15,24,12,5,57,17,45,1,3,1,1,1,9,22,9,22,15,9,30,70,5,2,21,1,75,3,4,31,31,1,1,1,1,11,11,4,4,10,10,1,2,1,1,1,1,4,4,362931207,1395811708,36.492002,139.969919,1,3,9999,9999,5,1
true,41,106,33,2,0,4,20000,0,342,2022,6,26,20,50,22,4,24,19,3,1,3,1,14,7,0,0,0,0,2,9,1,70,5,3,21,25,1,3,3,31,31,1,1,1,1,11,11,5,5,50,60,3,3,2,2,2,2,4,2,363034272,1400447593,36.50952,140.079887,1,3,9999,9999,5,1
true,41,106,34,1,1,1,10460,0,209,2023,3,16,3,10,22,5,51,17,48,1,1,1,14,7,0,0,0,0,5,8,1,70,1,2,41,55,0,3,75,31,0,1,0,1,0,11,0,4,0,10,0,1,0,1,0,2,0,1,0,362622906,1395902256,36.439696,139.98396,5,3,9999,0,9,0
true,41,106,35,2,0,1,30000,0,209,2023,3,8,12,10,12,6,2,17,41,1,1,1,1,7,9,21,9,22,15,9,30,70,5,4,21,55,55,3,5,31,31,1,1,1,1,11,11,10,10,50,10,3,3,2,2,2,2,4,2,362550718,1395915983,36.430755,139.987773,4,3,9999,9999,4,9
true,41,106,36,2,0,1,30000,0,209,2023,3,20,10,26,12,5,45,17,52,1,1,1,1,7,1,21,9,22,15,9,30,70,4,3,21,55,55,3,34,31,31,1,0,1,0,11,11,3,3,80,20,2,2,2,0,2,0,4,2,362635304,1400054630,36.44314,140.015175,2,2,9999,9999,9,9
true,41,106,37,2,0,2,2940,0,342,2023,3,11,12,10,12,5,58,17,44,1,3,1,14,2,0,0,0,0,3,9,1,70,4,3,21,65,35,3,3,31,31,1,1,1,1,11,11,4,4,10,30,3,2,2,2,1,2,4,2,362943202,1400616985,36.495334,140.104718,7,3,9999,9999,9,5
true,41,106,38,2,0,1,70000,0,209,2023,3,22,6,15,11,5,42,17,53,1,3,1,1,7,1,21,1,21,17,9,30,70,4,3,21,35,75,3,3,31,31,1,1,1,1,11,0,4,4,50,40,2,2,1,2,2,2,4,2,362417730,1395942677,36.404925,139.995188,4,3,9999,266,1,9
true,41,106,39,2,0,1,10470,0,209,2023,3,20,12,47,12,5,45,17,52,1,1,1,1,1,1,22,9,22,18,9,30,70,1,2,21,65,45,3,3,31,31,1,1,1,1,11,11,4,10,10,20,3,3,2,2,2,2,4,2,362633774,1395957354,36.442715,139.999265,2,2,9999,9999,9,9
true,41,106,40,2,0,1,30000,0,209,2023,3,9,0,30,22,6,1,17,42,2,3,1,1,7,1,22,9,22,14,9,30,70,4,2,21,55,45,3,51,31,41,1,0,1,0,11,0,5,0,40,40,3,3,2,0,2,0,4,2,362549487,1395848594,36.430413,139.980165,5,3,9999,0,4,0
true,41,106,41,2,0,1,2940,0,209,2023,3,25,10,20,12,5,38,17,56,3,1,2,14,7,0,0,0,0,5,7,1,70,1,2,21,75,25,3,14,31,31,1,11,1,1,11,11,5,5,80,60,3,3,2,2,2,2,4,2,362540724,1395924752,36.427979,139.990209,7,3,872,9999,9,5
true,41,106,42,2,0,1,10690,0,345,2023,3,22,17,0,13,5,42,17,53,1,1,1,7,1,0,0,0,0,4,9,1,70,1,2,21,35,35,3,4,31,31,1,1,1,1,11,11,4,4,30,10,3,3,2,2,2,2,2,4,363357528,1400024473,36.56598,140.006798,4,3,9999,9999,1,1
true,41,106,43,2,0,1,10470,0,209,2023,3,22,15,17,12,5,42,17,53,1,2,1,14,7,0,0,0,0,3,9,1,70,4,2,21,35,1,13,51,31,41,11,0,1,0,11,0,3,0,80,10,3,3,2,0,2,0,4,2,362633850,1400008996,36.442736,140.002499,4,3,9999,0,1,0
true,41,107,65,2,0,1,40,807,208,2023,2,24,17,11,13,6,18,17,29,3,1,2,14,7,0,0,0,0,2,9,1,70,5,2,21,1,35,3,3,31,31,1,1,1,1,11,11,4,4,10,31,2,2,1,2,2,2,4,2,362004466,1394842581,36.334574,139.811828,6,3,9999,9999,1,1
true,41,107,66,2,0,1,30000,0,364,2023,2,24,17,1,13,6,18,17,29,3,3,2,1,7,1,21,9,22,14,9,30,70,4,2,21,35,35,3,3,31,31,1,1,1,1,11,11,10,4,80,50,3,3,2,1,2,2,4,2,361402771,1394406972,36.234103,139.73527,6,3,9999,9999,1,1
true,41,107,67,2,0,1,30000,0,208,2023,2,6,13,30,12,6,38,17,11,1,1,1,1,7,1,21,9,22,15,9,30,70,5,4,21,65,45,3,13,31,31,1,11,1,1,11,11,10,10,10,40,3,3,2,2,2,2,4,2,361804914,1394843996,36.301365,139.812221,2,3,9999,9999,9,1
true,41,107,68,2,0,1,40,737,208,2023,3,3,11,29,12,6,9,17,36,1,2,1,14,7,0,0,0,0,3,9,1,70,4,2,21,55,35,4,14,31,31,1,11,1,1,11,11,4,4,30,10,3,3,2,2,2,2,2,4,361649822,1394633524,36.280506,139.775979,6,3,9999,9999,9,1
true,41,107,69,2,0,1,20000,0,208,2023,3,4,11,10,12,6,8,17,37,1,1,1,14,7,0,0,0,0,5,9,1,70,4,4,21,45,45,4,14,31,31,1,11,1,1,11,11,4,4,50,40,3,2,2,2,2,2,4,2,361818144,1394834531,36.30504,139.809592,7,3,9999,9999,9,9
true,41,107,70,2,0,3,41,772,208,2023,3,4,12,0,12,6,8,17,37,1,3,1,14,7,0,0,0,0,6,9,1,70,1,3,21,45,1,17,3,31,31,11,1,2,1,11,11,10,10,10,35,3,2,2,2,1,2,4,4,361934223,1395107826,36.326173,139.852174,7,3,9999,9999,5,1
true,41,107,71,2,0,1,22640,0,208,2023,3,4,23,27,22,6,8,17,37,1,2,1,14,7,0,0,0,0,3,9,1,70,4,2,1,45,65,3,61,1,0,1,0,1,0,11,0,4,0,10,0,3,0,2,0,2,0,4,2,361843949,1394917872,36.312208,139.821631,7,3,9999,0,9,0
true,41,107,72,2,0,1,10330,0,208,2023,3,1,15,26,12,6,12,17,34,1,2,1,14,7,0,0,0,0,3,9,1,70,5,2,21,35,35,17,3,31,31,11,1,1,1,1,11,4,4,55,77,3,3,2,2,2,2,4,2,361656946,1394916720,36.282485,139.821311,4,3,9999,9999,1,1
true,41,107,73,2,0,1,10330,0,208,2023,3,9,11,8,12,6,1,17,42,1,3,1,14,7,0,0,0,0,2,9,1,70,4,2,21,45,35,13,22,31,0,11,0,1,0,11,11,4,4,61,80,2,3,2,0,2,0,2,4,362038360,1395025670,36.343989,139.840464,5,3,9999,9999,1,1
true,41,107,74,2,0,1,22040,0,208,2023,3,9,10,38,12,6,1,17,42,1,3,1,1,1,9,22,9,22,15,9,30,70,5,2,21,75,45,4,34,31,31,1,0,1,0,11,11,4,4,50,10,3,3,2,0,2,0,4,2,361906550,1395347180,36.318486,139.896439,5,3,108,9999,9,5
true,41,107,75,2,0,1,30000,0,208,2023,3,9,17,20,13,6,1,17,42,1,2,1,1,7,9,22,0,0,14,9,30,70,4,2,1,45,1,17,61,1,0,11,0,2,0,11,0,3,0,80,0,3,0,2,0,2,0,4,2,361637571,1394941488,36.277103,139.828191,5,3,9999,0,9,0
true,41,107,76,2,0,1,30000,0,208,2023,3,11,9,15,12,5,58,17,44,1,1,1,14,7,0,0,0,0,1,9,1,70,5,4,41,75,0,51,76,41,0,0,0,0,0,0,0,0,0,20,0,3,0,0,0,0,0,2,0,361847088,1394701586,36.31308,139.783774,7,3,0,0,0,0
true,41,107,77,2,0,1,30000,0,208,2023,2,17,7,14,11,6,27,17,22,1,1,1,14,7,0,0,0,0,3,9,1,70,4,2,21,45,1,3,4,31,31,1,1,1,1,1,11,4,4,10,30,3,3,2,2,2,2,4,2,361948356,1394814123,36.330099,139.803923,6,3,9999,9999,9,5
true,41,107,78,2,0,1,40,775,208,2023,1,15,18,15,22,6,52,16,48,3,1,2,14,1,0,0,0,0,3,9,1,70,4,2,21,25,35,3,3,31,31,1,1,1,1,11,11,4,4,0,30,3,3,2,2,2,2,4,2,361830614,1394748718,36.308504,139.796866,1,3,9999,9999,5,9
true,41,107,79,2,0,1,30000,0,364,2023,3,3,15,34,12,6,9,17,36,1,3,1,14,7,0,0,0,0,3,9,1,70,4,2,21,45,55,17,3,1,31,11,1,2,1,11,11,3,3,80,60,3,3,2,2,2,2,4,2,361454982,1394652439,36.248606,139.781233,6,3,9999,9999,1,9
true,41,107,80,2,0,1,10540,0,208,2023,3,8,17,30,13,6,2,17,41,1,2,1,14,1,0,0,0,0,3,9,1,70,4,2,21,45,25,17,3,31,31,11,1,1,1,11,11,4,4,10,30,3,3,2,2,2,2,4,2,361624215,1394618797,36.273393,139.771888,4,3,9999,9999,4,1
true,41,107,81,2,0,1,30000,0,208,2023,3,16,7,13,12,5,51,17,48,1,3,1,7,1,0,0,0,0,3,9,1,70,4,2,21,45,35,4,14,31,31,1,11,1,1,11,11,4,4,30,10,3,3,2,2,2,2,2,4,361952442,1394744117,36.331234,139.795588,5,3,9999,9999,9,9
true,41,107,82,2,0,1,500,770,208,2023,3,19,12,58,12,5,47,17,51,1,1,1,14,7,0,0,0,0,5,9,1,70,1,2,21,35,65,3,14,31,31,1,11,1,1,11,11,10,10,30,10,3,3,2,2,2,2,2,4,361751911,1394920348,36.297753,139.822319,1,3,9999,9999,5,9
true,41,107,83,2,0,1,10330,0,208,2023,3,14,12,45,12,5,54,17,46,1,2,1,1,7,8,22,1,21,15,9,30,70,4,2,21,35,65,3,4,31,31,1,1,1,1,11,11,4,4,70,10,2,2,2,2,2,2,2,4,361758200,1394948716,36.2995,139.830199,3,3,9999,9999,1,9
true,41,107,84,2,0,1,30000,0,208,2022,12,14,9,43,12,6,44,16,26,1,3,1,14,7,0,0,0,0,2,9,1,70,5,2,21,75,35,3,3,31,31,1,1,1,1,11,11,2,2,60,80,3,3,2,2,2,2,4,2,362127644,1394852283,36.357679,139.814523,4,3,1036,9999,9,5
true,41,107,85,2,0,1,500,720,208,2023,2,22,19,22,22,6,21,17,27,1,1,1,14,1,0,0,0,0,4,9,1,70,1,2,21,1,35,3,3,31,31,1,1,1,1,11,1,10,10,58,40,3,3,2,2,2,2,4,4,361752012,1394920201,36.297781,139.822278,4,2,9999,9999,1,1
true,41,107,86,2,0,1,40,749,208,2023,3,14,10,50,12,5,54,17,46,1,2,1,14,7,0,0,0,0,3,9,1,70,4,2,21,75,65,3,3,31,31,1,1,1,1,11,11,4,4,80,60,3,3,2,2,2,2,4,2,361721548,1394707422,36.289319,139.785395,3,3,35,9999,9,9
true,41,107,87,2,0,1,30000,0,208,2023,3,19,16,48,12,5,47,17,51,1,1,1,1,1,9,22,9,22,15,9,30,70,5,2,21,75,1,3,51,31,41,1,0,1,0,11,0,4,0,88,11,3,3,2,0,2,0,4,2,361915388,1395020188,36.320941,139.838941,1,3,522,0,9,0
true,41,107,88,2,0,1,30000,0,208,2023,3,22,19,30,22,5,42,17,53,2,3,1,14,7,0,0,0,0,3,9,1,70,5,1,21,55,1,3,51,31,41,1,0,1,0,11,0,10,0,10,40,3,3,2,0,2,0,4,2,361921875,1395035196,36.322743,139.84311,4,3,9999,0,9,0
true,41,107,89,2,0,1,500,780,208,2023,3,22,6,20,11,5,42,17,53,1,2,1,1,1,9,22,9,22,18,9,30,70,1,2,21,25,35,3,3,31,31,1,1,1,1,11,11,10,10,80,50,3,3,2,2,2,2,4,2,361751828,1394926766,36.29773,139.824102,4,3,9999,9999,9,5
true,41,107,90,2,0,1,30000,0,364,2023,3,23,10,0,12,5,41,17,54,3,3,1,1,7,9,21,1,22,11,9,30,70,5,4,21,35,75,3,51,31,41,1,0,1,0,11,0,10,0,0,0,3,3,2,0,2,0,4,2,361356006,1394439955,36.232224,139.744432,5,3,9999,0,1,0
true,41,107,91,2,0,1,30000,0,208,2023,3,10,14,8,12,6,0,17,43,1,2,1,13,7,0,0,0,0,2,6,1,70,5,4,21,75,35,3,3,31,31,1,1,1,1,11,11,10,10,50,20,3,3,2,2,2,2,4,2,361646441,1394905120,36.279567,139.818089,6,3,94,9999,9,1
true,41,107,92,2,0,2,30000,0,208,2023,3,14,19,22,22,5,54,17,46,1,1,1,14,7,0,0,0,0,2,9,1,70,5,2,21,55,1,4,34,31,31,1,0,1,0,11,11,10,10,30,10,3,3,2,0,2,0,2,4,361836043,1394943090,36.310012,139.828636,3,3,9999,9999,4,1
true,41,107,93,2,0,1,30000,0,208,2023,3,3,7,35,12,6,9,17,36,1,3,1,1,7,9,22,9,22,11,9,30,70,5,4,21,25,35,3,4,31,31,1,1,1,1,11,11,10,10,80,0,3,3,2,1,2,2,4,4,361720695,1395004222,36.289082,139.834506,6,3,9999,9999,1,1
true,41,107,94,2,0,1,30000,0,208,2023,3,17,7,45,12,5,50,17,49,2,3,1,1,7,9,22,9,22,14,9,30,70,4,3,21,45,1,4,51,31,41,1,0,1,0,11,0,3,0,80,20,3,3,2,0,2,0,4,2,361638104,1394937308,36.277251,139.82703,6,3,9999,0,1,0
true,41,107,95,2,0,1,21910,0,208,2023,3,16,19,46,22,5,51,17,48,1,2,1,1,7,9,22,8,22,14,9,30,70,4,2,21,75,45,3,35,31,31,1,0,1,0,11,11,3,3,10,30,3,3,2,0,2,0,4,2,361728925,1394824001,36.291368,139.806667,5,3,909,9999,9,5
true,41,107,96,2,0,1,20000,0,208,2023,3,22,14,10,12,5,42,17,53,1,2,1,14,1,0,0,0,0,3,9,1,70,4,2,21,75,25,3,3,31,31,1,1,1,1,11,11,4,4,40,60,3,3,2,2,2,2,4,2,361932732,1394906467,36.325759,139.818463,4,3,230,9999,9,1
true,41,107,97,2,0,1,500,720,208,2023,2,17,7,59,12,6,27,17,22,1,2,1,14,7,0,0,0,0,2,9,1,70,1,1,21,45,25,3,3,31,31,1,1,1,1,11,11,10,10,10,31,2,3,2,2,2,2,4,2,361826633,1394710914,36.307398,139.786365,6,3,9999,9999,9,1
true,41,107,98,2,0,1,22650,0,208,2023,3,31,11,6,12,5,29,18,1,1,1,1,14,7,0,0,0,0,3,9,1,70,4,2,41,65,0,51,76,41,0,0,0,0,0,0,0,0,0,40,0,3,0,0,0,0,0,2,0,361833019,1394805278,36.309172,139.801466,6,3,0,0,0,0
true,41,108,18,2,0,3,30000,0,210,2023,3,1,15,14,12,6,12,17,34,1,1,1,7,1,0,0,0,0,5,9,1,70,1,1,21,65,65,11,3,31,31,11,1,2,1,11,11,4,4,88,66,3,1,1,2,2,2,4,2,365117528,1400125500,36.854869,140.02375,4,3,9999,9999,9,9
true,41,108,19,2,0,1,30000,0,210,2023,3,2,12,0,12,6,11,17,35,2,2,1,14,7,0,0,0,0,2,9,1,70,5,2,21,65,25,4,51,31,41,1,0,1,0,1,0,10,0,30,40,3,3,2,0,2,0,4,2,365121629,1400120960,36.856008,140.022489,5,3,9999,0,9,0
true,41,108,20,2,0,4,30000,0,210,2023,2,19,15,42,12,6,25,17,24,1,1,1,1,1,9,22,9,22,15,9,30,70,4,2,21,25,35,3,3,31,31,1,1,1,1,11,11,3,4,55,88,2,2,1,2,1,1,4,2,365215136,1400035244,36.870871,140.00979,1,3,9999,9999,5,9
true,41,108,21,2,0,1,30000,0,210,2023,3,10,8,10,12,6,0,17,43,2,2,1,1,7,9,22,9,22,11,9,30,70,5,4,21,1,45,3,13,31,31,1,11,1,2,11,11,10,10,50,52,2,2,2,2,2,2,4,2,365242002,1400127354,36.878334,140.024265,6,3,9999,9999,1,5