資料区分,都道府県コード,警察署等コード,本票番号,事故内容,死者数,負傷者数,路線コード,地点コード,市区町村コード,発生日時　　年,発生日時　　月,発生日時　　日,発生日時　　時,発生日時　　分,昼夜,日の出時刻　　時,日の出時刻　　分,日の入り時刻　　時,日の入り時刻　　分,天候,地形,路面状態,道路形状,信号機,一時停止規制　標識（当事者A）,一時停止規制　表示（当事者A）,一時停止規制　標識（当事者B）,一時停止規制　表示（当事者B）,車道幅員,道路線形,衝突地点,ゾーン規制,中央分離帯施設等,歩車道区分,事故類型,年齢（当事者A）,年齢（当事者B）,当事者種別（当事者A）,当事者種別（当事者B）,用途別（当事者A）,用途別（当事者B）,車両形状等（当事者A）,車両形状等（当事者B）,オートマチック車（当事者A）,オートマチック車（当事者B）,サポカー（当事者A）,サポカー（当事者B）,速度規制（指定のみ）（当事者A）,速度規制（指定のみ）（当事者B）,車両の衝突部位（当事者A）,車両の衝突部位（当事者B）,車両の損壊程度（当事者A）,車両の損壊程度（当事者B）,エアバッグの装備（当事者A）,エアバッグの装備（当事者B）,サイドエアバッグの装備（当事者A）,サイドエアバッグの装備（当事者B）,人身損傷程度（当事者A）,人身損傷程度（当事者B）,地点　緯度（北緯）,地点　経度（東経）,地点　緯度（北緯）_1,地点　経度（東経）_1,曜日(発生年月日),祝日(発生年月日),認知機能検査経過日数（当事者A）,認知機能検査経過日数（当事者B）,運転練習の方法（当事者A）,運転練習の方法（当事者B）
true,41,108,22,2,0,1,4610,0,210,2023,3,10,11,45,12,6,0,17,43,1,2,1,14,7,0,0,0,0,3,9,1,70,4,2,21,55,35,13,51,31,41,11,0,1,0,11,0,3,0,10,20,3,4,2,0,2,0,4,2,365129725,1400032206,36.858257,140.008946,6,3,9999,0,9,0
true,41,108,23,2,0,1,10720,0,210,2023,3,14,11,16,12,5,54,17,46,1,3,1,14,7,0,0,0,0,3,9,1,70,4,2,21,35,45,3,3,31,31,1,1,1,1,11,11,4,4,10,30,3,3,2,2,2,2,4,2,365357962,1400303874,36.899434,140.051076,3,3,9999,9999,1,1
true,41,108,24,2,0,1,4000,0,210,2023,3,26,9,30,12,5,36,17,57,3,1,2,14,7,0,0,0,0,3,9,1,70,4,2,21,45,35,3,14,31,31,1,11,1,2,11,11,3,3,33,11,2,3,2,2,2,2,2,4,365151991,1400147917,36.864442,140.029977,1,3,9999,9999,1,1
true,41,109,5,2,0,1,1190,0,206,2023,3,18,7,0,12,5,48,17,50,3,3,2,1,1,9,22,9,22,15,8,30,70,4,2,21,35,45,3,13,31,31,1,11,1,1,11,11,3,3,80,10,2,2,2,2,2,2,4,2,364449963,1393708764,36.747212,139.619101,7,3,9999,9999,1,1
true,41,109,6,2,0,1,1200,0,206,2023,3,24,18,14,21,5,39,17,55,2,3,1,1,1,9,22,9,22,18,2,30,70,2,2,21,35,65,4,4,31,31,1,1,1,1,11,11,3,3,80,10,2,2,1,1,2,2,4,2,364515610,1393546464,36.754336,139.59624,6,3,9999,9999,1,9
true,41,110,13,2,0,1,30000,0,206,2022,12,24,8,20,12,6,50,16,30,5,3,4,7,7,0,0,0,0,3,8,1,70,4,4,21,65,25,3,4,31,31,1,1,1,1,11,11,10,10,10,30,3,3,2,2,2,2,4,2,364632592,1394242523,36.77572,139.711812,7,3,9999,9999,9,1
true,41,110,14,2,0,1,22790,0,206,2023,2,20,6,0,23,6,23,17,25,1,3,1,14,7,0,0,0,0,3,9,1,70,4,2,21,35,65,3,3,31,31,1,1,1,1,11,11,3,3,80,76,2,2,2,2,2,2,4,2,364329075,1394454658,36.724743,139.748516,2,3,9999,9999,1,9
true,41,110,15,2,0,1,20000,0,206,2023,3,2,16,59,13,6,11,17,35,1,2,1,14,7,0,0,0,0,3,9,1,70,4,2,21,1,1,3,4,31,31,1,1,1,1,11,11,4,4,10,50,2,2,2,2,2,2,4,2,364353065,1394038435,36.731407,139.677343,5,3,9999,9999,1,1
true,41,110,16,2,0,1,1210,0,206,2023,3,24,8,5,12,5,39,17,55,1,3,2,14,7,0,0,0,0,3,9,1,70,4,4,21,65,45,3,4,31,31,1,1,1,1,11,11,3,4,10,30,3,3,1,2,2,2,4,2,363836730,1394328646,36.643536,139.724624,6,3,9999,9999,9,1
true,41,110,17,2,0,2,1210,0,206,2023,3,7,16,30,12,6,4,17,40,1,3,1,14,5,0,0,0,0,5,9,1,70,1,2,21,25,55,3,3,31,31,1,1,1,1,11,11,10,10,10,30,3,3,2,2,2,2,4,2,364624313,1394241082,36.77342,139.711412,3,3,9999,9999,1,9
true,41,110,18,2,0,1,30000,0,206,2023,3,28,16,20,12,5,33,17,59,2,3,1,1,7,9,22,9,22,14,9,30,70,4,2,21,65,75,11,4,31,31,11,1,2,1,11,11,4,4,10,38,3,3,2,2,2,2,4,2,364309229,1394339687,36.71923,139.727691,3,3,9999,105,9,9
true,41,110,19,2,0,1,30000,0,206,2023,3,30,10,40,12,5,30,18,0,1,3,1,14,7,0,0,0,0,2,9,20,70,5,3,41,75,0,4,76,31,0,1,0,2,0,11,0,2,0,10,0,2,0,1,0,2,0,2,0,364112703,1394508744,36.686862,139.752429,5,3,1040,0,9,0
true,41,110,20,2,0,1,1210,0,206,2023,3,25,7,43,12,5,38,17,56,3,1,2,1,1,9,22,9,22,18,9,30,70,1,2,21,65,25,3,3,31,31,1,1,1,1,11,11,4,10,10,40,3,3,2,2,2,2,4,2,364556750,1394300826,36.765764,139.716896,7,3,9999,9999,9,1
true,41,110,21,2,0,1,30000,0,206,2023,3,31,7,20,12,5,29,18,1,1,3,1,1,7,9,22,0,0,11,9,30,70,5,3,1,25,1,3,61,31,0,1,0,1,0,11,0,10,0,80,0,3,0,2,0,2,0,4,2,364311881,1394113542,36.719967,139.687095,6,3,9999,0,9,0
true,41,111,33,2,0,1,10680,0,407,2023,2,11,11,12,12,6,34,17,16,1,3,2,14,7,0,0,0,0,3,9,1,70,4,2,21,35,45,3,4,31,31,1,1,1,1,11,11,4,4,30,10,3,3,2,2,2,2,2,4,370235524,1400052272,37.043201,140.01452,7,1,9999,9999,5,1
true,41,111,34,2,0,1,30000,0,407,2023,3,2,11,10,12,6,11,17,35,2,3,1,1,7,1,21,9,22,14,9,30,70,4,2,21,1,65,3,4,31,31,1,1,1,1,11,11,10,4,50,40,3,2,2,2,2,2,4,2,370203246,1400225933,37.034235,140.040537,5,3,9999,9999,1,9
true,41,111,35,2,0,1,30000,0,213,2023,3,3,17,55,21,6,9,17,36,1,3,1,14,7,0,0,0,0,2,9,1,70,5,2,1,55,75,4,61,31,0,1,0,1,0,1,0,10,0,10,0,3,0,2,0,2,0,4,2,365205038,1395757550,36.868066,139.965986,6,3,9999,0,9,0
true,41,111,36,2,0,1,4610,0,213,2023,3,2,9,49,12,6,11,17,35,1,3,1,14,7,0,0,0,0,3,9,1,70,4,2,21,65,35,3,13,31,31,1,11,1,1,11,11,4,4,30,10,3,3,2,2,2,2,2,4,365047990,1395840498,36.846664,139.977916,5,3,9999,9999,9,1
true,41,111,37,2,0,2,30000,0,213,2023,2,17,22,0,22,6,27,17,22,1,1,1,14,7,0,0,0,0,3,9,1,70,4,2,21,1,1,3,4,31,31,1,1,1,1,11,11,4,4,31,10,3,3,2,1,2,2,2,4,365255481,1395956130,36.882078,139.998925,6,3,9999,9999,1,1
true,41,111,38,2,0,1,10550,0,213,2023,3,10,9,17,12,6,0,17,43,1,3,1,1,1,9,21,9,22,15,9,30,70,4,2,21,65,25,3,51,31,41,1,0,1,0,11,0,4,0,50,40,3,3,2,0,2,0,4,2,365455008,1395750328,36.91528,139.96398,6,3,9999,0,9,0
true,41,111,39,2,0,1,30000,0,213,2023,3,13,7,15,12,5,55,17,45,2,3,1,1,7,1,22,0,0,14,9,30,70,4,2,1,45,65,3,61,31,0,1,0,1,0,11,0,10,0,11,0,3,0,2,0,2,0,4,2,365540534,1400129338,36.927926,140.024816,2,3,9999,0,5,0
true,41,111,40,2,0,2,30000,0,213,2023,3,14,14,48,12,5,54,17,46,1,3,1,1,8,9,22,1,22,14,9,30,70,4,2,21,55,1,3,36,31,31,1,0,1,0,11,11,10,10,10,20,2,2,2,0,2,0,4,2,365832066,1400201266,36.975574,140.033685,3,3,9999,9999,9,5
true,41,111,41,2,0,1,10280,0,407,2023,3,15,19,30,22,5,52,17,47,1,3,1,1,1,9,22,0,0,15,9,30,70,5,2,41,65,0,52,76,41,0,0,0,0,0,0,0,0,0,40,0,3,0,0,0,0,0,2,0,370111654,1400710884,37.019904,140.11969,4,3,0,0,0,0
true,41,111,42,2,0,2,40,1686,407,2023,3,20,15,22,12,5,45,17,52,1,3,1,13,7,0,0,0,0,3,4,1,70,4,2,21,65,65,3,4,31,31,1,1,1,1,1,1,4,4,80,80,2,1,1,1,2,2,4,2,370026424,1400409408,37.00734,140.06928,2,2,9999,9999,1,9
true,41,111,43,2,0,1,40,1510,213,2023,3,13,19,10,22,5,55,17,45,1,1,1,14,7,0,0,0,0,4,9,1,70,2,2,21,45,55,3,14,31,31,1,11,1,2,1,11,4,4,30,10,2,2,2,2,2,2,2,4,365310414,1395813940,36.886226,139.970539,2,3,9999,9999,9,9
true,41,111,44,2,0,2,4610,0,213,2023,2,26,17,57,21,6,16,17,31,1,2,1,14,7,0,0,0,0,3,9,1,70,4,2,21,35,75,3,14,31,31,1,11,1,1,1,1,4,4,31,10,2,3,2,1,2,2,2,4,365056321,1395902900,36.848978,139.984139,1,3,9999,488,1,9
true,41,111,45,2,0,1,40,1643,213,2023,3,20,0,26,22,5,45,17,52,1,2,1,1,1,8,21,8,21,18,9,30,70,1,2,21,1,25,3,4,31,31,1,1,1,1,1,1,3,5,10,40,2,1,2,1,2,1,4,2,365808868,1400405448,36.96913,140.06818,2,2,9999,9999,1,1
true,41,111,46,2,0,1,40,1637,213,2023,3,23,23,12,22,5,41,17,54,3,2,2,14,7,0,0,0,0,5,9,1,70,1,2,21,65,45,3,3,31,31,1,1,1,1,11,1,5,5,50,60,2,2,1,2,2,1,4,2,365747185,1400401063,36.963107,140.066962,5,3,9999,9999,9,9
true,41,111,47,2,0,1,10550,0,213,2023,3,24,9,44,12,5,39,17,55,2,2,1,1,1,9,22,9,22,15,9,30,70,5,2,21,1,65,3,4,31,31,1,1,1,1,11,11,10,10,80,50,2,2,1,1,2,2,4,2,365827937,1400221656,36.974427,140.039349,6,3,9999,9999,1,1
true,41,111,49,2,0,1,30000,0,213,2023,2,24,17,26,13,6,18,17,29,2,2,1,1,7,1,21,9,22,11,9,30,70,5,4,21,55,45,3,3,31,31,1,1,1,1,11,11,10,10,10,40,3,3,2,2,2,2,4,2,365326984,1395828164,36.890829,139.97449,6,3,9999,9999,9,1
true,41,111,50,2,0,1,30000,0,213,2023,3,22,17,25,13,5,42,17,53,1,1,1,0,7,0,0,0,0,0,0,20,70,0,4,21,55,25,4,4,31,31,1,1,1,1,1,11,10,2,10,20,3,3,2,2,2,2,4,2,365312451,1395909931,36.886792,139.986092,4,3,9999,9999,9,5
true,41,111,51,2,0,1,20000,0,213,2023,3,10,8,37,12,6,0,17,43,1,1,1,14,7,0,0,0,0,3,9,1,70,4,2,21,35,35,3,13,31,31,1,11,1,1,11,11,3,3,10,30,3,3,2,2,2,2,4,2,365329321,1395842812,36.891478,139.978559,6,3,9999,9999,1,1
true,41,111,52,2,0,1,30000,0,213,2023,3,30,10,45,12,5,30,18,0,1,3,1,1,1,9,21,9,22,15,9,30,70,4,3,21,55,25,3,51,31,41,1,0,1,0,11,0,3,0,10,40,3,2,2,0,2,0,4,2,365759245,1400248894,36.966457,140.046915,5,3,9999,0,9,0
true,41,111,53,2,0,1,30000,0,213,2023,3,7,11,5,12,6,4,17,40,1,2,1,14,1,0,0,0,0,1,9,1,70,4,2,21,25,65,3,14,31,31,1,11,1,1,11,11,10,10,10,30,3,3,2,2,2,2,4,4,365742574,1400127059,36.961826,140.024183,3,3,9999,9999,5,9
true,41,112,23,2,0,1,40,853,216,2023,2,21,8,40,12,6,22,17,26,1,1,1,14,7,0,0,0,0,4,9,1,70,4,2,21,25,35,3,4,31,31,1,1,1,1,0,0,4,4,31,10,3,3,2,1,2,2,2,4,362216298,1395015533,36.371194,139.837648,3,3,9999,9999,1,1
true,41,112,24,2,0,1,30000,0,301,2023,3,2,7,40,12,6,11,17,35,1,2,1,1,7,1,21,1,21,11,9,30,70,5,2,21,25,1,3,51,31,41,1,0,1,0,11,0,10,0,10,0,3,3,2,0,2,0,4,2,362550819,1395533164,36.430783,139.925879,5,3,9999,0,5,0
true,41,112,25,1,1,0,41,857,216,2023,3,2,21,32,22,6,11,17,35,1,3,1,14,7,0,0,0,0,5,8,1,70,1,4,1,25,55,3,61,31,0,1,0,1,0,11,0,10,0,0,0,2,0,2,0,2,0,4,1,362350215,1395256834,36.397282,139.882454,5,3,9999,0,1,0
true,41,112,26,2,0,1,41,921,301,2023,2,27,9,16,12,6,15,17,32,1,2,1,14,7,0,0,0,0,3,9,1,70,1,2,21,1,25,12,4,1,31,11,1,1,1,0,0,10,10,50,70,3,3,2,2,2,2,4,2,362700785,1395427860,36.450218,139.907739,2,3,9999,9999,5,1
true,41,112,27,2,0,2,41,881,216,2023,2,8,11,57,12,6,36,17,13,2,2,1,14,7,0,0,0,0,4,9,1,70,1,2,21,25,65,12,3,1,31,11,1,2,1,11,11,10,10,10,30,3,2,2,2,2,2,4,2,362131684,1395134693,36.358801,139.859637,4,3,9999,9999,5,9
true,41,112,28,2,0,1,10440,0,216,2023,2,23,11,9,12,6,20,17,28,2,2,1,1,7,9,22,0,0,11,8,30,70,4,1,1,45,1,3,61,31,0,1,0,1,0,11,0,4,0,80,0,3,0,2,0,2,0,4,2,362322384,1394943187,36.389551,139.828663,5,1,9999,0,9,0
true,41,112,29,2,0,1,41,912,301,2023,2,17,20,39,22,6,27,17,22,1,3,1,14,7,0,0,0,0,3,9,1,70,1,2,21,35,25,3,4,31,31,1,1,1,1,0,0,10,10,10,31,3,3,2,2,2,2,4,2,362628889,1395423425,36.441358,139.906507,6,3,9999,9999,1,1
true,41,112,30,2,0,1,10440,0,216,2023,2,16,8,0,12,6,28,17,21,1,3,1,14,7,0,0,0,0,1,9,1,70,5,4,21,45,65,3,3,31,31,1,1,1,1,11,11,3,10,0,0,3,3,2,2,2,2,4,2,362156383,1395100810,36.365662,139.850225,5,3,9999,9999,9,9
true,41,112,31,2,0,1,30000,0,301,2023,3,8,12,8,12,6,2,17,41,1,1,1,14,7,0,0,0,0,3,9,1,70,4,2,41,75,0,51,76,41,0,0,0,0,0,0,0,0,0,10,0,3,0,0,0,0,0,2,0,362608390,1395435759,36.435664,139.909933,4,3,0,0,0,0
true,41,112,32,2,0,1,30000,0,216,2023,3,8,15,44,12,6,2,17,41,1,2,1,1,7,9,22,1,22,14,9,30,70,5,3,21,65,1,4,51,31,41,1,0,1,0,11,0,10,0,10,40,2,2,2,0,2,0,4,2,362625843,1395007339,36.440512,139.835372,4,3,9999,0,9,0
true,41,112,33,2,0,2,21930,0,301,2023,2,28,0,10,22,6,13,17,33,1,2,1,14,7,0,0,0,0,3,9,1,70,5,2,21,1,55,3,4,31,31,1,1,1,1,0,0,4,4,10,10,3,3,2,2,2,2,2,2,362822174,1395639368,36.472826,139.944269,3,3,9999,9999,1,9
true,41,112,34,2,0,1,41,857,216,2023,3,2,21,45,22,6,11,17,35,1,3,1,14,7,0,0,0,0,2,9,1,70,1,4,21,35,25,3,3,31,31,1,1,1,1,11,11,1,1,0,0,3,3,2,2,2,2,4,2,362347213,1395252914,36.396448,139.881365,5,3,9999,9999,1,5
true,41,112,35,2,0,1,41,857,216,2023,3,2,21,45,22,6,11,17,35,1,3,1,14,7,0,0,0,0,2,9,1,70,1,4,21,35,35,11,3,1,31,11,1,2,1,11,11,5,1,0,0,3,2,2,2,2,2,4,4,362347188,1395252910,36.396441,139.881364,5,3,9999,9999,9,1
true,41,112,36,2,0,1,40,965,216,2023,3,9,17,54,21,6,1,17,42,1,2,1,14,7,0,0,0,0,3,9,1,70,5,2,21,1,55,3,3,31,31,1,1,1,1,0,0,4,4,10,31,3,3,2,2,2,2,4,2,362807241,1395212824,36.468678,139.870229,5,3,9999,9999,1,9
true,41,112,37,2,0,1,30000,0,301,2023,3,16,16,30,12,5,51,17,48,1,3,1,1,1,9,22,0,0,11,9,30,70,5,3,41,65,0,51,76,41,0,0,0,0,0,0,0,0,0,40,0,3,0,0,0,0,0,2,0,362544659,1395208450,36.429072,139.869014,5,3,0,0,0,0
true,41,112,38,2,0,1,10350,0,301,2023,3,7,19,39,22,6,4,17,40,1,3,1,1,7,9,22,9,22,11,9,30,70,5,4,21,25,35,3,35,31,31,1,0,1,0,11,11,1,2,0,0,2,1,2,0,2,0,4,2,362624241,1395430499,36.440067,139.908472,3,3,9999,9999,1,5
true,41,112,39,2,0,1,40,640,216,2023,2,25,7,3,11,6,17,17,30,1,1,1,1,1,9,22,9,22,15,9,30,70,4,2,21,1,35,3,4,31,31,1,1,1,1,11,11,3,4,10,60,3,3,2,2,2,2,4,2,362556942,1395149885,36.432484,139.863857,7,3,9999,9999,1,1
true,41,112,40,2,0,2,41,650,301,2023,3,16,20,9,22,5,51,17,48,2,3,1,1,1,9,22,9,22,18,9,30,70,1,2,21,1,25,3,3,31,31,1,1,1,1,11,1,5,5,10,10,3,3,2,1,1,2,2,2,362439276,1395346471,36.41091,139.896242,5,3,9999,9999,1,1
true,41,113,19,2,0,1,2930,0,214,2023,3,1,16,30,12,6,12,17,34,1,3,1,14,7,0,0,0,0,3,9,1,70,4,1,41,45,0,51,76,41,0,0,0,0,0,0,0,0,0,10,0,3,0,0,0,0,0,2,0,364040555,1395754194,36.677932,139.965054,4,3,0,0,0,0
true,41,113,20,2,0,1,30000,0,386,2023,3,1,13,45,12,6,12,17,34,1,3,1,14,7,0,0,0,0,3,9,1,70,4,2,21,65,35,4,14,31,31,1,11,1,2,11,11,10,10,0,30,3,3,2,2,2,2,4,2,363908651,1400025517,36.652403,140.007088,4,3,9999,9999,1,5
true,41,113,21,2,0,1,30000,0,386,2023,3,7,14,22,12,6,4,17,40,1,2,1,1,7,9,22,9,22,11,9,30,70,5,4,21,25,55,3,4,31,31,1,1,1,1,11,0,10,10,40,80,3,3,2,2,2,2,2,4,363731112,1395838410,36.625309,139.977336,3,3,9999,0,1,0
true,41,113,22,2,0,1,10100,0,386,2023,3,10,13,26,12,6,0,17,43,2,2,1,1,1,9,22,9,22,15,9,30,70,1,2,21,65,1,4,51,31,41,1,0,1,0,11,0,4,0,40,10,3,3,2,0,2,0,4,2,363715380,1395930894,36.620939,139.991915,6,3,9999,0,9,0
true,41,113,23,2,0,1,10100,0,386,2023,3,16,18,40,21,5,51,17,48,1,2,1,1,7,1,22,9,22,14,9,30,70,1,2,21,45,25,4,33,31,31,1,0,1,0,11,11,10,10,60,10,3,2,2,0,2,0,4,2,363816969,1395954895,36.638047,139.998582,5,3,9999,9999,1,5
true,41,113,24,2,0,3,40,1430,214,2023,3,30,10,22,12,5,30,18,0,1,2,1,14,7,0,0,0,0,4,9,1,70,1,2,21,35,45,17,3,31,31,11,1,2,1,11,0,5,5,10,30,2,2,2,2,2,2,4,2,363858924,1395741537,36.649701,139.961538,5,3,9999,9999,5,1
true,41,114,11,2,0,1,10630,0,384,2023,2,27,18,20,21,6,15,17,32,1,2,1,14,7,0,0,0,0,3,9,1,70,5,3,21,55,1,3,14,31,31,1,11,1,2,11,11,4,4,30,10,2,2,2,2,2,2,2,4,364611071,1395108082,36.769742,139.852245,2,3,9999,9999,9,5
true,41,114,12,2,0,1,10300,0,211,2023,2,28,9,2,12,6,13,17,33,1,3,1,14,7,0,0,0,0,1,9,1,70,5,2,21,25,35,4,4,31,31,1,1,1,1,11,11,4,4,10,31,3,2,2,2,2,2,4,2,364540957,1395621775,36.761377,139.939382,3,3,9999,9999,5,1
true,41,114,13,2,0,1,30000,0,211,2023,3,13,11,13,12,5,55,17,45,3,1,2,14,7,0,0,0,0,1,9,1,70,4,2,41,45,0,51,75,41,0,0,0,0,0,0,0,0,0,10,0,3,0,0,0,0,0,2,0,364851790,1395605726,36.814386,139.934924,2,3,0,0,0,0
true,41,114,14,2,0,1,40,1393,211,2023,3,19,11,0,12,5,47,17,51,1,2,1,14,7,0,0,0,0,3,9,1,70,5,2,21,55,25,3,13,31,31,1,11,1,1,11,11,5,5,10,30,2,2,1,2,2,2,4,4,364814540,1395631520,36.804039,139.942089,1,3,9999,9999,9,1
true,41,114,15,2,0,1,40,1397,211,2023,3,23,7,49,12,5,41,17,54,1,2,1,14,7,0,0,0,0,4,9,1,70,4,2,21,75,35,3,4,31,31,1,1,1,1,11,11,10,10,10,20,3,3,2,2,2,2,4,2,364828526,1395629771,36.807924,139.941603,5,3,98,9999,9,5
true,41,114,16,2,0,1,4610,0,211,2023,3,24,9,49,12,5,39,17,55,2,2,1,7,1,0,0,0,0,3,9,1,70,5,2,41,65,0,51,76,41,0,0,0,0,0,0,0,0,0,40,0,3,0,0,0,0,0,2,0,364833401,1395612948,36.809278,139.93693,6,3,0,0,0,0
true,41,114,17,2,0,1,10300,0,211,2023,3,14,15,1,12,5,54,17,46,1,3,1,13,7,0,0,0,0,1,6,20,70,5,2,21,55,75,3,4,31,31,1,1,1,1,1,1,4,4,40,40,3,3,2,2,2,2,4,2,364904206,1395505480,36.817835,139.918189,3,3,9999,467,9,9
true,41,114,18,2,0,1,40,1340,211,2023,3,22,23,23,22,5,42,17,53,1,3,1,7,1,0,0,0,0,5,9,1,70,1,2,21,55,45,11,4,31,31,11,1,2,1,11,11,10,10,10,30,3,3,2,2,2,2,4,2,364528568,1395648295,36.757936,139.946749,4,3,9999,9999,9,9
true,41,114,19,2,0,1,10300,0,211,2023,3,31,10,42,12,5,29,18,1,1,3,1,14,7,0,0,0,0,3,9,1,70,4,2,21,75,45,3,51,31,41,1,0,1,0,11,0,4,0,40,20,3,3,2,0,2,0,4,2,364458754,1395659672,36.749654,139.949909,6,3,282,0,9,0
true,41,115,5,2,0,2,30000,0,215,2023,3,1,16,10,12,6,12,17,34,1,3,1,1,1,9,22,9,22,15,2,30,70,4,1,21,75,75,3,14,31,31,1,11,1,2,1,11,4,4,30,10,2,2,2,2,2,2,2,2,364315067,1400850626,36.720852,140.147396,4,3,83,451,9,9
true,41,115,6,2,0,1,30000,0,215,2023,3,14,13,30,12,5,54,17,46,1,3,1,14,7,0,0,0,0,3,9,1,70,4,2,21,25,65,13,14,1,31,11,11,1,2,11,11,4,4,30,10,2,2,2,2,2,2,2,4,364001369,1400902668,36.667047,140.150741,3,3,9999,9999,1,9
true,41,115,7,2,0,1,10100,0,215,2023,3,24,7,30,12,5,39,17,55,2,3,2,1,7,1,21,9,22,14,9,30,70,4,2,21,65,1,4,51,31,41,1,0,1,0,11,0,10,0,80,10,3,3,2,0,2,0,4,2,363920120,1400452914,36.655589,140.081365,6,3,9999,0,9,0
true,41,115,8,2,0,1,10100,0,215,2023,3,27,8,43,12,5,35,17,58,1,2,1,14,7,0,0,0,0,4,9,1,70,4,2,21,55,55,11,3,31,31,11,1,2,1,11,11,4,4,50,10,2,1,2,1,2,2,4,2,363922918,1400904036,36.656366,140.151121,2,3,9999,9999,9,1
true,41,116,4,2,0,2,30000,0,343,2023,3,2,11,30,12,6,11,17,35,2,3,1,13,7,0,0,0,0,1,2,1,70,5,4,41,75,0,3,76,31,0,1,0,1,0,11,0,10,0,11,0,1,0,2,0,2,0,2,0,363433186,1401216661,36.575885,140.204628,5,3,1075,0,9,0
true,41,116,5,2,0,1,1230,0,343,2023,3,19,13,55,12,5,47,17,51,1,3,1,14,7,0,0,0,0,3,9,1,70,4,2,21,55,45,3,31,31,31,1,0,1,0,11,11,10,10,47,11,3,2,2,0,2,0,4,2,363143954,1400931100,36.528876,140.158639,1,3,9999,9999,9,5
true,41,116,6,2,0,2,10010,0,343,2023,3,18,13,46,12,5,48,17,50,3,3,2,13,7,0,0,0,0,3,1,1,70,4,3,41,75,0,14,75,31,0,11,0,2,0,11,0,4,0,11,0,2,0,1,0,2,0,2,0,362753165,1401000343,36.464768,140.166762,7,3,786,0,9,0
true,41,116,7,2,0,2,30000,0,344,2023,3,9,18,24,21,6,1,17,42,2,3,1,1,7,9,22,1,21,11,9,30,70,5,4,21,25,25,13,4,31,31,11,1,2,1,11,11,3,10,84,12,2,2,1,1,2,2,2,4,363051307,1400424496,36.514252,140.073471,5,3,9999,9999,5,1
true,41,119,3,2,0,2,2930,0,411,2023,3,19,15,47,12,5,47,17,51,1,3,1,1,1,9,22,9,22,15,9,30,70,4,2,21,55,65,3,4,31,31,1,1,1,1,11,11,4,3,10,46,3,2,2,2,2,1,4,2,364358559,1400938894,36.732933,140.160804,1,3,9999,9999,9,5
true,41,119,4,2,0,2,20000,0,411,2023,3,17,10,57,12,5,50,17,49,2,2,1,1,7,1,21,9,22,14,9,30,70,5,2,21,65,75,3,4,31,31,1,1,1,1,11,11,10,4,80,50,3,3,2,2,2,2,4,2,364402368,1400910346,36.733991,140.152874,6,3,9999,656,9,9
true,41,122,79,2,0,1,30000,0,201,2023,2,23,5,26,23,6,20,17,28,1,3,1,7,1,0,0,0,0,4,9,1,70,5,4,21,45,35,3,14,31,31,1,11,2,1,11,11,3,3,10,30,3,1,2,2,2,2,4,2,363642073,1395318971,36.611687,139.888603,5,1,9999,9999,9,1
true,41,122,80,2,0,1,95000,0,201,2023,3,1,20,26,22,6,12,17,34,1,2,1,14,7,0,0,0,0,1,9,1,70,5,2,41,35,0,51,76,41,0,0,0,0,0,0,0,0,0,40,0,3,0,0,0,0,0,2,0,363325132,1395545962,36.556981,139.929434,4,3,0,0,0,0
true,41,122,81,2,0,1,30000,0,201,2023,2,21,17,41,21,6,22,17,26,1,1,1,1,7,9,22,1,21,15,9,30,70,5,4,21,35,35,3,4,31,31,1,1,1,1,11,11,10,10,50,80,3,2,2,2,2,2,2,4,363440112,1395407600,36.577809,139.902111,3,3,9999,9999,1,1
true,41,122,82,2,0,1,30000,0,201,2023,3,2,13,55,12,6,11,17,35,2,1,2,14,7,0,0,0,0,1,9,1,70,4,2,41,35,0,51,76,41,0,0,0,0,0,0,0,0,0,40,0,3,0,0,0,0,0,2,0,363328516,1395412074,36.557921,139.903354,5,3,0,0,0,0
true,41,122,83,2,0,1,21570,0,201,2023,3,3,7,31,12,6,9,17,36,1,2,1,1,1,9,22,0,0,15,3,30,70,4,2,1,55,45,17,61,31,0,11,0,1,0,11,0,4,0,50,0,3,0,2,0,2,0,4,2,363602866,1395630044,36.600796,139.941679,6,3,9999,0,9,0
true,41,122,84,2,0,1,99000,0,201,2023,3,3,16,47,13,6,9,17,36,1,1,1,0,7,0,0,0,0,0,0,20,70,0,4,41,75,0,51,76,41,0,0,0,0,0,0,0,0,0,0,0,3,0,0,0,0,0,2,0,363302390,1395319046,36.550664,139.888624,6,3,0,0,0,0
true,41,122,85,2,0,1,30000,0,201,2023,3,4,15,46,12,6,8,17,37,1,2,1,1,7,9,22,9,22,14,6,30,70,5,4,21,65,65,3,4,31,31,1,1,1,1,11,11,10,4,10,50,2,2,1,1,2,2,4,2,363650699,1395426809,36.614083,139.907447,7,3,9999,9999,9,9