資料区分,都道府県コード,警察署等コード,本票番号,事故内容,死者数,負傷者数,路線コード,地点コード,市区町村コード,発生日時　　年,発生日時　　月,発生日時　　日,発生日時　　時,発生日時　　分,昼夜,日の出時刻　　時,日の出時刻　　分,日の入り時刻　　時,日の入り時刻　　分,天候,地形,路面状態,道路形状,信号機,一時停止規制　標識（当事者A）,一時停止規制　表示（当事者A）,一時停止規制　標識（当事者B）,一時停止規制　表示（当事者B）,車道幅員,道路線形,衝突地点,ゾーン規制,中央分離帯施設等,歩車道区分,事故類型,年齢（当事者A）,年齢（当事者B）,当事者種別（当事者A）,当事者種別（当事者B）,用途別（当事者A）,用途別（当事者B）,車両形状等（当事者A）,車両形状等（当事者B）,オートマチック車（当事者A）,オートマチック車（当事者B）,サポカー（当事者A）,サポカー（当事者B）,速度規制（指定のみ）（当事者A）,速度規制（指定のみ）（当事者B）,車両の衝突部位（当事者A）,車両の衝突部位（当事者B）,車両の損壊程度（当事者A）,車両の損壊程度（当事者B）,エアバッグの装備（当事者A）,エアバッグの装備（当事者B）,サイドエアバッグの装備（当事者A）,サイドエアバッグの装備（当事者B）,人身損傷程度（当事者A）,人身損傷程度（当事者B）,地点　緯度（北緯）,地点　経度（東経）,地点　緯度（北緯）_1,地点　経度（東経）_1,曜日(発生年月日),祝日(発生年月日),認知機能検査経過日数（当事者A）,認知機能検査経過日数（当事者B）,運転練習の方法（当事者A）,運転練習の方法（当事者B）
true,41,122,86,2,0,1,10640,0,201,2023,2,24,17,32,21,6,18,17,29,3,3,2,14,7,0,0,0,0,2,9,1,70,4,2,21,25,35,3,4,31,31,1,1,1,1,11,11,10,10,10,30,3,3,2,2,2,2,4,2,363456662,1395749630,36.582406,139.963786,6,3,9999,9999,1,1
true,41,122,87,2,0,4,10630,0,201,2023,2,24,17,33,21,6,18,17,29,3,2,2,12,7,0,0,0,0,4,9,1,70,4,2,21,75,45,3,3,31,31,1,1,1,1,11,11,4,4,10,31,3,3,1,2,2,2,4,2,363501223,1395329987,36.583673,139.891663,6,3,9999,9999,9,5
true,41,122,88,2,0,1,10010,0,201,2023,2,28,9,39,12,6,13,17,33,1,2,1,1,1,9,22,9,22,19,9,30,70,5,2,21,45,25,3,35,31,31,1,0,1,0,11,11,4,4,40,10,2,2,2,0,2,0,4,2,363311434,1395409202,36.553176,139.902556,3,3,9999,9999,5,5
true,41,122,89,2,0,1,10640,0,201,2023,3,6,23,54,22,6,5,17,39,1,2,1,14,7,0,0,0,0,2,9,1,70,1,2,1,35,75,4,61,31,0,1,0,1,0,11,0,5,0,50,0,2,0,2,0,2,0,4,2,363325891,1395531127,36.557192,139.925313,2,3,9999,0,5,0
true,41,122,90,2,0,1,30000,0,201,2021,7,26,19,45,21,4,42,18,52,1,3,1,14,7,0,0,0,0,3,9,1,70,4,4,21,35,35,3,51,31,41,1,0,1,0,11,0,10,0,80,40,3,3,2,0,2,0,4,2,363454458,1395538723,36.581794,139.927423,2,3,9999,0,5,0
true,41,122,91,2,0,1,30000,0,201,2023,3,13,10,44,12,5,55,17,45,3,2,2,1,7,9,22,0,0,14,9,30,70,4,2,1,65,75,4,61,31,0,1,0,1,0,11,0,3,0,40,0,3,0,2,0,2,0,4,2,363354130,1395522591,36.565036,139.922942,2,3,9999,0,1,0
true,41,122,92,2,0,1,40,1300,201,2022,10,21,18,34,22,5,53,16,57,1,2,1,14,7,0,0,0,0,2,9,1,70,4,2,21,25,45,3,3,31,31,1,1,1,1,11,11,4,4,10,30,3,3,2,2,2,2,4,2,363513459,1395555049,36.587072,139.931958,6,3,9999,9999,1,1
true,41,122,93,2,0,1,30000,0,201,2023,3,7,8,18,12,6,4,17,40,1,3,1,14,7,0,0,0,0,2,9,1,70,5,4,21,35,1,3,51,31,41,1,0,1,0,11,0,10,0,40,20,3,3,2,0,2,0,4,2,363443165,1395520222,36.578657,139.922284,3,3,9999,0,5,0
true,41,122,94,2,0,1,99000,0,201,2023,2,17,7,36,12,6,27,17,22,1,3,1,0,7,0,0,0,0,0,0,20,70,0,4,21,45,1,17,4,31,31,11,1,1,1,11,11,10,10,30,10,3,2,2,2,2,2,4,2,363154998,1395837952,36.531944,139.977209,6,3,9999,9999,1,1
true,41,122,95,2,0,1,30000,0,201,2023,3,14,12,10,12,5,54,17,46,1,2,1,1,1,9,22,0,0,15,6,30,70,1,2,41,65,0,51,76,41,0,0,0,0,0,0,0,0,0,40,0,3,0,0,0,0,0,2,0,363227146,1395454580,36.540874,139.915161,3,3,0,0,0,0
true,41,122,96,2,0,1,30000,0,201,2023,3,14,19,29,22,5,54,17,46,1,2,1,1,1,9,22,0,0,15,6,30,70,4,2,41,55,0,51,76,41,0,0,0,0,0,0,0,0,0,40,0,3,0,0,0,0,0,2,0,363326572,1395536703,36.557381,139.926862,3,3,0,0,0,0
true,41,122,97,2,0,1,30000,0,201,2023,3,15,17,25,13,5,52,17,47,1,2,1,14,7,0,0,0,0,1,9,1,70,5,1,41,1,0,51,75,41,0,0,0,0,0,0,0,0,0,10,0,2,0,0,0,0,0,2,0,363320844,1395921833,36.55579,139.989398,4,3,0,0,0,0
true,41,122,98,2,0,1,1230,0,201,2023,3,15,22,22,22,5,52,17,47,1,2,1,1,1,9,22,9,22,17,9,30,70,4,2,21,45,1,4,51,31,41,1,0,1,0,11,0,4,0,10,30,3,2,2,0,2,0,4,2,363303467,1395455040,36.550963,139.915289,4,3,9999,0,5,0
true,41,122,99,2,0,1,30000,0,201,2023,3,16,8,46,12,5,51,17,48,1,1,1,13,7,0,0,0,0,1,6,1,70,5,2,21,45,25,3,3,31,31,1,1,1,1,11,11,3,3,10,10,2,2,1,1,2,2,4,2,363219594,1395434902,36.538776,139.909695,5,3,9999,9999,1,1
true,41,122,100,2,0,1,20000,0,201,2023,1,16,20,0,22,6,51,16,49,1,1,1,14,7,0,0,0,0,3,9,1,70,4,2,21,35,35,3,3,31,31,1,1,1,1,11,11,5,5,10,31,3,3,2,2,2,2,4,2,363326683,1395504289,36.557412,139.917858,2,3,9999,9999,1,1
true,41,122,101,2,0,1,30000,0,201,2023,3,3,8,50,12,6,9,17,36,1,3,1,14,7,0,0,0,0,2,9,1,70,4,1,21,25,25,11,3,31,31,11,1,2,1,11,11,3,3,60,52,3,3,2,2,2,2,4,2,363609441,1395646492,36.602623,139.946248,6,3,9999,9999,1,1
true,41,122,102,2,0,2,1230,0,201,2023,3,18,15,3,12,5,48,17,50,3,2,2,1,1,9,22,9,22,15,9,30,70,5,3,21,25,65,3,3,31,31,1,1,1,1,11,11,4,4,10,50,2,2,2,2,2,2,4,2,363311246,1395409274,36.553124,139.902576,7,3,9999,9999,1,9
true,41,122,103,2,0,1,1230,0,201,2023,3,18,19,44,22,5,48,17,50,2,3,2,14,7,0,0,0,0,4,9,1,70,1,4,21,55,55,3,4,31,31,1,1,1,1,11,11,4,4,30,10,2,3,2,2,2,2,2,4,363221682,1395753842,36.539356,139.964956,7,3,9999,9999,9,9
true,41,122,104,2,0,1,30000,0,201,2023,3,19,19,20,22,5,47,17,51,1,3,1,1,7,9,22,0,0,17,9,30,70,4,2,41,1,0,51,76,41,0,0,0,0,0,0,0,0,0,40,0,3,0,0,0,0,0,2,0,363245798,1395509613,36.546055,139.919337,1,3,0,0,0,0
true,41,122,105,2,0,1,1230,0,201,2023,3,16,7,26,12,5,51,17,48,1,2,1,7,1,0,0,0,0,4,9,1,70,1,2,21,25,35,3,3,31,31,1,1,1,1,11,11,4,4,10,0,3,3,2,2,2,2,4,2,363247630,1395602990,36.546564,139.934164,5,3,9999,9999,1,5
true,41,122,106,2,0,1,10640,0,201,2023,3,23,13,50,12,5,41,17,54,3,3,1,14,7,0,0,0,0,4,9,1,70,1,2,21,65,25,3,4,31,31,1,1,1,1,11,11,5,5,30,10,3,3,2,2,2,2,2,4,363358972,1395822663,36.566381,139.972962,5,3,9999,9999,9,1
true,41,122,107,2,0,1,20000,0,201,2023,3,25,16,34,12,5,38,17,56,3,3,2,1,2,9,22,0,0,17,9,30,70,5,2,21,35,0,4,0,31,0,1,0,1,0,11,0,5,0,10,0,1,0,1,0,2,0,2,0,363707864,1395631708,36.618851,139.942141,7,3,9999,0,1,0
true,41,122,108,1,1,0,1230,0,201,2023,3,25,23,50,22,5,38,17,56,3,1,2,14,7,0,0,0,0,3,9,1,70,1,2,41,55,0,3,75,31,0,1,0,1,0,11,0,4,0,20,0,1,0,2,0,2,0,1,0,363233727,1395631985,36.542702,139.942218,7,3,9999,0,9,0
true,41,122,109,2,0,1,30000,0,201,2023,3,26,15,38,12,5,36,17,57,3,2,2,1,7,9,22,9,22,11,3,30,70,5,4,21,45,35,3,51,31,41,1,0,1,0,11,0,10,0,10,40,3,3,2,0,2,0,4,2,363301742,1395949186,36.550484,139.996996,1,3,9999,0,9,0
true,41,122,110,2,0,1,30000,0,201,2023,3,27,10,20,12,5,35,17,58,1,1,1,14,7,0,0,0,0,1,9,1,70,5,2,41,1,0,51,76,41,0,0,0,0,0,0,0,0,0,40,0,3,0,0,0,0,0,2,0,363435292,1395551730,36.57647,139.931036,2,3,0,0,0,0
true,41,122,111,2,0,1,20000,0,201,2023,3,23,19,18,22,5,41,17,54,3,1,2,1,7,1,22,9,22,15,9,30,70,4,2,21,55,25,3,36,31,31,1,0,1,0,11,11,10,10,10,20,3,3,2,0,2,0,4,2,363244830,1400004658,36.545786,140.001294,5,3,9999,9999,9,1
true,41,122,112,2,0,1,30000,0,201,2023,3,7,7,50,12,6,4,17,40,1,3,1,1,7,9,22,0,0,11,9,30,70,5,4,1,25,1,4,61,31,0,1,0,1,0,11,0,2,0,40,0,3,0,2,0,2,0,4,2,363219525,1395538608,36.538757,139.927391,3,3,9999,0,1,0
true,41,122,113,2,0,1,10640,0,201,2023,3,27,18,40,21,5,35,17,58,1,2,1,14,7,0,0,0,0,1,8,1,70,5,2,41,1,0,51,76,41,0,0,0,0,0,0,0,0,0,20,0,3,0,0,0,0,0,2,0,363356351,1395831498,36.565653,139.975416,2,3,0,0,0,0
true,41,122,114,2,0,1,10630,0,201,2023,3,20,19,0,22,5,45,17,52,1,2,1,14,7,0,0,0,0,2,9,1,70,4,2,21,25,35,3,3,31,31,1,1,1,1,11,11,10,10,10,30,2,3,2,2,2,2,4,2,363532564,1395342482,36.592379,139.895134,2,2,9999,9999,1,1
true,41,122,115,2,0,2,99000,0,201,2023,3,19,4,40,22,5,47,17,51,1,1,1,0,7,0,0,0,0,0,0,20,70,0,4,21,35,1,3,3,31,31,1,1,1,1,11,11,10,10,70,80,3,3,2,2,2,2,4,2,363321071,1395406142,36.555853,139.901706,1,3,9999,9999,1,1
true,41,122,116,2,0,3,40,1083,201,2023,3,22,7,40,12,5,42,17,53,1,1,1,14,7,0,0,0,0,2,9,1,70,5,2,21,45,35,12,17,1,31,11,11,2,2,11,11,4,4,10,31,2,2,2,2,2,2,4,2,363332403,1395448185,36.559001,139.913385,4,3,9999,9999,9,5
true,41,122,117,2,0,1,40,1068,201,2023,3,29,23,55,22,5,32,17,59,1,1,1,1,1,9,22,0,0,18,9,30,70,5,2,41,55,0,51,76,41,0,0,0,0,0,0,0,0,0,40,0,3,0,0,0,0,0,2,0,363253502,1395410292,36.548195,139.902859,4,3,0,0,0,0
true,41,122,118,2,0,1,99000,0,201,2023,3,23,17,10,13,5,41,17,54,3,2,2,0,7,0,0,0,0,0,0,20,70,0,4,21,25,45,3,3,31,31,1,1,1,1,11,11,10,10,30,10,3,3,2,2,2,2,4,2,363240711,1395623719,36.544642,139.939922,5,3,9999,9999,1,9
true,41,122,119,2,0,1,10690,0,201,2023,3,29,22,58,22,5,32,17,59,1,1,1,1,1,9,22,9,22,15,9,30,70,5,2,21,25,55,3,4,31,31,1,1,1,1,11,11,5,5,40,10,2,2,2,2,1,2,2,4,363402694,1395912682,36.567415,139.986856,4,3,9999,9999,1,9
true,41,122,120,2,0,1,1230,0,201,2023,3,30,11,10,12,5,30,18,0,1,3,1,14,1,0,0,0,0,2,9,1,70,1,2,21,45,65,3,4,31,31,1,1,1,1,11,11,5,5,30,10,3,3,2,2,2,2,2,4,363157115,1395917509,36.532532,139.988197,5,3,9999,9999,5,9
true,41,122,121,2,0,1,10640,0,201,2023,3,22,15,54,12,5,42,17,53,1,2,1,1,1,9,22,9,22,19,9,30,70,5,2,21,35,55,3,3,31,31,1,1,1,1,11,11,5,5,10,30,2,2,2,2,2,2,4,2,363401236,1395858634,36.56701,139.982954,4,3,9999,9999,5,9
true,41,122,122,2,0,1,30000,0,201,2023,3,31,13,0,12,5,29,18,1,2,1,1,14,7,0,0,0,0,2,9,1,70,5,4,41,75,0,51,76,41,0,0,0,0,0,0,0,0,0,20,0,3,0,0,0,0,0,2,0,363551655,1395639883,36.597682,139.944412,6,3,0,0,0,0
true,41,123,55,2,0,1,30000,0,201,2023,3,2,7,35,12,6,11,17,35,1,1,1,1,1,9,22,9,22,15,9,30,70,1,2,21,45,1,4,51,31,41,1,0,1,0,11,0,4,0,80,20,3,2,2,0,2,0,4,2,363213708,1395437411,36.537141,139.910392,5,3,9999,0,1,0
true,41,123,56,2,0,3,20000,0,201,2023,2,27,14,55,12,6,15,17,32,1,2,1,14,7,0,0,0,0,3,9,1,70,5,2,21,35,35,3,3,31,31,1,1,1,1,11,11,4,4,10,30,3,3,2,2,2,2,4,2,363206958,1395352778,36.535266,139.897994,2,3,9999,9999,1,1
true,41,123,57,2,0,1,30000,0,201,2023,2,20,6,44,11,6,23,17,25,1,2,1,1,7,9,22,9,22,14,9,30,70,5,4,21,45,25,3,3,31,31,1,1,1,1,11,11,10,10,70,10,3,3,2,2,2,2,4,2,363140411,1395457431,36.527892,139.915953,2,3,9999,9999,1,1
true,41,123,58,2,0,1,99000,0,201,2023,2,18,9,13,12,6,26,17,23,1,2,1,0,7,0,0,0,0,0,0,20,70,0,4,21,1,25,3,3,31,31,1,1,1,1,11,11,10,10,10,40,2,2,1,2,2,2,4,2,363157961,1395203439,36.532767,139.867622,7,3,9999,9999,1,5
true,41,123,59,2,0,2,30000,0,201,2023,2,9,19,38,22,6,36,17,14,1,1,1,1,7,1,21,9,22,14,9,30,70,5,4,21,45,45,3,3,31,31,1,1,1,1,11,11,10,2,10,40,3,4,2,2,2,2,4,2,363059198,1395243234,36.516444,139.878676,5,3,9999,9999,9,1
true,41,123,60,2,0,1,30000,0,201,2023,3,6,7,25,12,6,5,17,39,2,1,2,1,7,9,22,0,0,11,5,30,70,5,4,41,1,0,51,76,41,0,0,0,0,0,0,0,0,0,10,0,3,0,0,0,0,0,2,0,363153430,1395130609,36.531508,139.858503,2,3,0,0,0,0
true,41,123,61,2,0,1,30000,0,201,2023,3,4,14,50,12,6,8,17,37,1,2,1,14,7,0,0,0,0,2,9,1,70,4,2,21,55,35,3,4,31,31,1,1,1,1,11,11,3,3,60,80,3,3,2,2,2,1,2,4,363016751,1395142055,36.504653,139.861682,7,3,9999,9999,9,1
true,41,123,62,2,0,1,30000,0,201,2023,2,17,18,10,21,6,27,17,22,1,1,1,1,7,1,21,9,22,11,9,30,70,5,2,21,45,1,4,51,31,41,1,0,1,0,11,0,10,0,50,20,3,2,2,0,2,0,4,2,363204290,1395256615,36.534525,139.882393,6,3,9999,0,1,0
true,41,123,63,2,0,1,40,1000,201,2023,3,3,20,55,22,6,9,17,36,2,2,1,14,7,0,0,0,0,4,9,1,70,4,2,21,1,55,3,3,31,31,1,1,1,2,11,11,4,4,10,30,3,3,2,2,2,2,4,2,363115049,1395242305,36.520847,139.878418,6,3,9999,9999,1,9
true,41,123,64,2,0,1,1210,0,201,2023,3,8,18,48,22,6,2,17,41,1,3,1,1,1,9,22,9,22,18,9,30,70,4,3,21,65,65,4,4,31,31,1,1,1,1,11,11,4,4,10,50,2,2,1,1,2,2,2,4,363012766,1395303649,36.503546,139.884347,4,3,9999,9999,9,9
true,41,123,65,2,0,1,30000,0,201,2022,11,29,7,16,11,6,31,16,26,1,3,1,7,7,0,0,0,0,1,7,1,70,5,3,21,45,65,3,14,31,31,1,11,1,1,11,11,10,10,50,30,3,3,2,2,2,2,4,2,363119682,1395327377,36.522134,139.890938,3,3,9999,9999,9,9
true,41,123,66,2,0,1,30000,0,201,2023,3,9,21,52,22,6,1,17,42,2,2,1,14,7,0,0,0,0,4,9,1,70,4,2,21,1,25,3,3,31,31,1,1,1,1,1,11,3,3,10,30,3,3,2,2,2,2,4,2,363158220,1395200487,36.532839,139.866802,5,3,9999,9999,1,1
true,41,123,67,2,0,1,30000,0,201,2023,3,10,15,49,12,6,0,17,43,1,2,1,1,7,9,22,1,21,15,9,30,70,5,3,21,45,45,3,4,31,31,1,1,1,1,11,11,2,3,40,10,2,2,2,2,2,2,4,4,363115571,1395156621,36.520992,139.865728,6,3,9999,9999,1,9
true,41,123,68,2,0,2,41,997,201,2023,3,12,15,38,12,5,57,17,45,2,1,1,1,1,9,22,9,22,15,9,30,70,1,2,21,45,45,3,4,31,31,1,1,1,1,11,11,10,10,80,50,2,2,2,1,2,1,4,2,363024901,1395503202,36.506917,139.917556,1,3,9999,9999,9,9
true,41,123,69,2,0,1,30000,0,201,2023,3,10,16,20,12,6,0,17,43,1,1,1,1,7,9,22,1,21,15,9,30,70,5,3,21,65,1,4,51,31,41,1,0,1,0,11,0,10,0,80,10,3,2,2,0,2,0,4,2,362956818,1395131363,36.499116,139.858712,6,3,9999,0,9,0
true,41,123,70,2,0,1,10350,0,201,2023,3,10,19,12,22,6,0,17,43,1,2,1,14,7,0,0,0,0,2,9,1,70,4,2,21,75,55,3,3,31,31,1,1,1,1,11,11,4,4,10,30,3,3,2,2,2,2,4,2,363006185,1395348926,36.501718,139.896924,6,3,938,9999,9,9
true,41,123,71,2,0,1,1210,0,201,2022,7,8,23,10,22,4,29,19,2,1,1,1,1,1,9,22,9,22,15,9,20,70,1,2,21,65,1,3,4,31,31,1,1,1,1,11,11,10,10,30,10,3,3,2,2,2,2,2,4,363057510,1395036870,36.515975,139.843575,6,3,9999,9999,9,5
true,41,123,72,2,0,5,1210,0,201,2023,3,15,9,5,12,5,52,17,47,1,2,1,14,7,0,0,0,0,4,9,1,70,4,2,21,65,75,3,4,31,31,1,1,1,1,11,11,10,10,31,10,2,2,2,1,2,2,2,2,363015876,1395659309,36.50441,139.949808,4,3,9999,700,9,9
true,41,123,73,2,0,1,30000,0,201,2023,3,15,18,24,21,5,52,17,47,2,2,1,14,7,0,0,0,0,3,9,1,70,4,2,1,25,75,3,61,31,0,1,0,1,0,11,0,2,0,10,0,3,0,2,0,2,0,4,2,363124164,1395145353,36.523379,139.862598,4,3,9999,0,1,0
true,41,123,74,2,0,1,30000,0,201,2023,3,17,17,20,13,5,50,17,49,2,1,1,1,7,1,21,9,22,11,9,30,70,5,4,21,45,55,3,33,31,31,1,0,1,0,11,11,2,2,50,40,2,2,2,0,2,0,4,2,362855445,1395230126,36.482068,139.875035,6,3,9999,9999,9,9
true,41,123,75,2,0,1,10020,0,201,2023,3,12,14,31,12,5,57,17,45,1,1,1,14,7,0,0,0,0,5,9,1,70,4,2,21,45,65,3,14,31,31,1,11,1,1,11,11,4,4,10,30,3,3,2,2,2,2,4,2,363146214,1395118119,36.529504,139.855033,1,3,9999,9999,9,9
true,41,123,76,2,0,1,20000,0,201,2023,3,21,13,12,12,5,44,17,53,2,1,1,1,7,9,22,0,0,14,9,30,70,4,2,41,75,0,51,75,41,0,0,0,0,0,0,0,0,0,10,0,3,0,0,0,0,0,2,0,363031918,1395156131,36.508866,139.865592,3,1,0,0,0,0
true,41,123,77,2,0,1,30000,0,201,2023,3,22,7,7,12,5,42,17,53,1,1,1,1,1,9,22,9,22,15,9,30,70,1,2,21,25,55,4,51,31,41,1,0,1,0,11,0,3,0,10,20,2,1,2,0,2,0,4,2,363202321,1395236145,36.533978,139.876707,4,3,9999,0,1,0
true,41,123,78,2,0,1,30000,0,201,2023,3,7,7,21,12,6,4,17,40,1,1,1,1,7,9,22,1,21,15,9,30,70,5,4,21,35,45,3,4,31,31,1,1,1,1,11,11,4,4,47,51,3,3,2,2,2,2,2,4,363014353,1395304063,36.503987,139.884462,3,3,9999,9999,1,1
true,41,123,79,2,0,1,1210,0,201,2023,3,24,5,52,11,5,39,17,55,2,1,1,1,1,9,22,9,22,18,9,30,70,1,1,21,75,35,3,51,31,41,1,0,1,0,11,0,3,0,50,33,3,3,2,0,2,0,4,2,363019318,1395144064,36.505366,139.86224,6,3,687,0,9,0
true,41,123,80,2,0,1,30000,0,201,2023,2,21,7,58,12,6,22,17,26,1,2,1,1,7,9,22,9,22,14,9,30,70,4,2,21,65,1,4,51,31,41,1,0,1,0,11,0,2,0,40,10,3,3,2,0,2,0,4,2,362925647,1395250920,36.490458,139.880811,3,3,9999,0,9,0
true,41,123,81,2,0,1,30000,0,201,2023,2,6,12,5,12,6,38,17,11,1,3,1,1,7,1,21,9,22,18,9,30,70,4,4,21,45,65,3,51,31,41,1,0,1,0,11,0,10,0,10,20,3,3,2,0,2,0,4,2,362910136,1395416286,36.486149,139.904524,2,3,9999,0,1,0
true,41,123,82,2,0,1,10020,0,201,2023,3,24,7,33,12,5,39,17,55,1,1,1,7,1,0,0,0,0,5,9,1,70,5,2,21,65,65,13,4,31,31,11,1,1,1,11,11,4,4,10,30,3,3,2,2,2,2,4,2,363211803,1395134103,36.536612,139.859473,6,3,9999,9999,9,9
true,41,123,83,2,0,1,1210,0,201,2022,8,11,9,13,12,4,54,18,37,1,1,1,14,7,0,0,0,0,4,9,1,70,1,2,21,45,55,3,3,31,31,1,1,1,1,11,11,4,4,10,30,3,3,1,2,1,2,4,2,363057161,1395039743,36.515878,139.844373,5,1,9999,9999,1,9
true,41,123,84,2,0,1,30000,0,201,2023,2,6,16,55,13,6,38,17,11,1,1,1,14,7,0,0,0,0,4,9,1,70,1,2,21,55,55,4,4,31,31,1,1,1,1,11,11,3,3,80,20,3,3,2,2,2,2,4,2,363201903,1395232826,36.533862,139.875785,2,3,9999,9999,9,9
true,41,123,85,2,0,1,30000,0,201,2023,3,22,13,44,12,5,42,17,53,1,2,1,7,7,0,0,0,0,3,9,1,70,4,2,21,45,35,4,14,31,31,1,11,1,1,11,11,4,4,30,10,3,3,2,2,2,2,2,4,363019861,1395431064,36.505517,139.908629,4,3,9999,9999,1,5
true,41,123,86,2,0,2,99000,0,201,2023,3,26,10,55,12,5,36,17,57,3,3,1,0,7,0,0,0,0,0,0,20,70,0,4,21,75,45,3,4,31,31,1,1,1,1,11,11,10,10,30,0,3,3,2,2,2,2,4,2,362947242,1395420621,36.496456,139.905728,1,3,289,9999,1,1
true,41,101,89,2,0,1,30000,0,201,2023,4,1,12,45,12,5,28,18,2,1,2,1,14,5,0,0,0,0,2,8,20,70,5,4,41,1,0,51,76,41,0,0,0,0,0,0,0,0,0,40,0,3,0,0,0,0,0,2,0,363522902,1395219704,36.589695,139.87214,7,3,0,0,0,0
true,41,101,90,2,0,1,30000,0,201,2023,4,3,7,32,12,5,25,18,4,1,1,1,14,7,0,0,0,0,2,9,1,70,5,4,21,35,25,3,51,31,41,1,0,1,0,11,0,10,0,50,10,3,3,2,0,2,0,4,2,363522045,1395121686,36.589457,139.856024,2,3,9999,0,1,0
true,41,101,91,2,0,1,30000,0,201,2023,3,28,12,41,12,5,33,17,59,2,2,1,1,7,9,22,9,22,14,9,30,70,5,4,21,75,45,14,14,31,31,11,11,2,1,11,11,5,5,60,50,3,3,2,2,2,2,4,2,363443536,1395324004,36.57876,139.890001,3,3,9999,9999,5,5
true,41,101,92,2,0,1,30000,0,201,2023,3,23,14,30,12,5,41,17,54,3,2,1,1,7,9,22,1,21,11,9,30,70,5,3,21,55,1,4,14,31,31,1,11,1,1,11,11,3,5,10,40,3,3,2,2,2,2,2,4,363331543,1395113928,36.558762,139.853869,5,3,9999,9999,1,1
true,41,101,93,2,0,2,99000,0,201,2023,4,5,9,20,12,5,22,18,6,1,3,1,0,7,0,0,0,0,0,0,20,70,0,4,21,45,45,3,4,31,31,1,1,1,1,11,11,10,10,47,50,2,3,2,2,2,2,2,4,363252321,1395206085,36.547867,139.868357,4,3,9999,9999,1,1
true,41,101,94,2,0,2,2930,0,201,2023,4,3,16,37,12,5,25,18,4,1,3,1,14,7,0,0,0,0,3,9,1,70,4,2,21,65,25,12,3,1,31,11,1,1,1,11,11,3,3,10,70,3,2,2,2,2,2,4,2,363543645,1394759874,36.595457,139.799965,2,3,9999,9999,9,1
true,41,101,95,2,0,1,10020,0,201,2023,4,7,11,52,12,5,19,18,7,2,2,1,14,7,0,0,0,0,1,9,1,70,5,2,21,45,1,4,51,31,41,1,0,1,0,11,0,10,0,0,0,3,3,2,0,2,0,4,2,363257096,1395156380,36.549193,139.865661,6,3,9999,0,1,0
true,41,101,96,2,0,1,1190,0,201,2023,4,7,7,55,12,5,19,18,7,2,2,1,14,7,0,0,0,0,1,9,1,70,5,2,21,35,75,4,51,31,41,1,0,1,0,11,0,10,0,30,40,3,3,2,0,2,0,4,2,363557332,1395146458,36.599259,139.862905,6,3,9999,0,5,0
true,41,101,97,2,0,1,30000,0,201,2023,3,29,12,52,12,5,32,17,59,1,1,1,1,7,1,21,9,22,11,9,30,70,5,3,21,25,45,3,3,31,31,1,1,1,1,11,11,10,10,10,20,3,3,1,2,2,2,4,2,363315880,1395234975,36.554411,139.876382,4,3,9999,9999,1,5
true,41,101,98,2,0,1,10030,0,201,2023,4,8,14,7,12,5,17,18,8,3,1,2,14,1,0,0,0,0,3,9,1,70,1,2,21,45,45,13,4,31,31,11,1,1,1,11,11,4,4,30,10,3,3,2,2,2,2,2,4,363522614,1395132548,36.589615,139.859041,7,3,9999,9999,9,1
true,41,101,99,2,0,1,30000,0,201,2023,4,6,17,3,12,5,20,18,6,1,1,1,1,7,9,22,9,22,14,6,30,70,4,3,21,25,65,13,4,31,31,11,1,2,1,11,11,2,2,50,10,2,2,2,1,2,2,2,4,363515590,1395325051,36.587664,139.890292,5,3,9999,9999,1,9
true,41,101,100,2,0,1,30000,0,201,2023,4,11,17,40,13,5,13,18,11,1,2,1,7,1,0,0,0,0,3,9,1,70,1,2,21,65,1,3,51,31,41,1,0,1,0,11,0,5,0,84,41,3,3,2,0,2,0,4,2,363551176,1395314813,36.597549,139.887448,3,3,9999,0,9,0
true,41,101,101,2,0,1,30000,0,201,2023,4,12,11,42,12,5,12,18,12,2,2,1,1,7,9,22,9,22,11,3,30,70,5,4,21,55,65,14,51,31,41,11,0,2,0,11,0,10,0,50,10,3,2,2,0,2,0,4,2,363511108,1395002357,36.586419,139.833988,4,3,9999,0,9,0
true,41,101,102,2,0,1,30000,0,201,2023,4,12,14,50,12,5,12,18,12,2,1,2,1,7,9,22,0,0,11,9,30,70,5,3,41,75,0,51,76,41,0,0,0,0,0,0,0,0,0,40,0,3,0,0,0,0,0,2,0,363234836,1395243496,36.54301,139.878749,4,3,0,0,0,0
true,41,101,103,2,0,1,10040,0,201,2023,3,15,12,48,12,5,52,17,47,1,1,1,1,7,9,22,9,22,17,9,30,70,5,4,21,1,75,3,52,31,41,1,0,1,0,1,0,10,0,0,0,4,3,2,0,2,0,4,2,363342361,1395124948,36.561767,139.85693,4,3,9999,0,1,0
true,41,101,104,2,0,1,20000,0,201,2023,4,5,17,39,13,5,22,18,6,1,1,1,14,7,0,0,0,0,4,9,1,70,4,2,1,55,1,4,61,31,0,1,0,1,0,11,0,3,0,11,0,3,0,2,0,2,0,4,2,363514324,1395215304,36.587312,139.870918,4,3,9999,0,9,0