資料区分,都道府県コード,警察署等コード,本票番号,事故内容,死者数,負傷者数,路線コード,地点コード,市区町村コード,発生日時　　年,発生日時　　月,発生日時　　日,発生日時　　時,発生日時　　分,昼夜,日の出時刻　　時,日の出時刻　　分,日の入り時刻　　時,日の入り時刻　　分,天候,地形,路面状態,道路形状,信号機,一時停止規制　標識（当事者A）,一時停止規制　表示（当事者A）,一時停止規制　標識（当事者B）,一時停止規制　表示（当事者B）,車道幅員,道路線形,衝突地点,ゾーン規制,中央分離帯施設等,歩車道区分,事故類型,年齢（当事者A）,年齢（当事者B）,当事者種別（当事者A）,当事者種別（当事者B）,用途別（当事者A）,用途別（当事者B）,車両形状等（当事者A）,車両形状等（当事者B）,オートマチック車（当事者A）,オートマチック車（当事者B）,サポカー（当事者A）,サポカー（当事者B）,速度規制（指定のみ）（当事者A）,速度規制（指定のみ）（当事者B）,車両の衝突部位（当事者A）,車両の衝突部位（当事者B）,車両の損壊程度（当事者A）,車両の損壊程度（当事者B）,エアバッグの装備（当事者A）,エアバッグの装備（当事者B）,サイドエアバッグの装備（当事者A）,サイドエアバッグの装備（当事者B）,人身損傷程度（当事者A）,人身損傷程度（当事者B）,地点　緯度（北緯）,地点　経度（東経）,地点　緯度（北緯）_1,地点　経度（東経）_1,曜日(発生年月日),祝日(発生年月日),認知機能検査経過日数（当事者A）,認知機能検査経過日数（当事者B）,運転練習の方法（当事者A）,運転練習の方法（当事者B）
true,41,101,105,2,0,1,30000,0,201,2023,4,4,11,35,12,5,23,18,5,1,1,1,14,7,0,0,0,0,2,9,1,70,5,2,21,75,65,4,51,31,41,1,0,1,0,11,0,2,0,40,10,3,3,2,0,2,0,4,2,363328526,1395308066,36.557924,139.885574,3,3,131,0,9,0
true,41,101,106,2,0,1,10030,0,201,2023,4,11,8,25,12,5,13,18,11,1,2,1,14,7,0,0,0,0,4,9,1,70,1,2,21,1,25,3,4,31,31,1,1,1,1,11,11,10,10,10,30,3,3,2,2,2,2,4,2,363451078,1395059510,36.580855,139.849864,3,3,9999,9999,1,1
true,41,101,107,2,0,1,30000,0,201,2023,4,16,14,11,12,5,6,18,15,1,1,1,14,7,0,0,0,0,2,9,1,70,5,4,41,35,0,3,75,31,0,1,0,1,0,11,0,2,0,80,0,2,0,1,0,2,0,4,0,363353525,1395223336,36.564868,139.873149,1,3,9999,0,1,0
true,41,101,108,2,0,1,30000,0,201,2023,4,17,10,49,12,5,5,18,16,1,1,1,14,7,0,0,0,0,3,9,1,70,5,4,21,45,1,36,51,31,41,0,0,0,0,11,0,10,0,11,12,3,3,0,0,0,0,4,2,363410088,1395113979,36.569469,139.853883,2,3,9999,0,1,0
true,41,101,109,2,0,1,1190,0,201,2023,4,18,14,15,12,5,4,18,17,2,3,2,14,7,0,0,0,0,3,9,1,70,5,2,21,25,45,3,3,31,31,1,1,1,1,11,11,4,4,10,30,3,3,2,2,2,2,4,2,363813956,1395057541,36.63721,139.849317,3,3,0,9999,0,9
true,41,101,110,2,0,1,30000,0,201,2023,4,8,22,0,22,5,17,18,8,1,1,1,14,7,0,0,0,0,2,9,20,70,5,4,21,45,0,51,0,41,0,0,0,0,0,0,0,0,0,20,0,3,0,0,0,0,0,2,0,363232402,1395254386,36.542334,139.881774,7,3,0,0,0,0
true,41,101,111,2,0,1,30000,0,201,2023,4,18,12,56,12,5,4,18,17,3,3,2,14,7,0,0,0,0,3,9,1,70,5,4,41,75,0,51,76,41,0,0,0,0,0,0,0,0,0,20,0,3,0,0,0,0,0,2,0,363557710,1395127688,36.599364,139.857691,3,3,0,0,0,0
true,41,101,112,2,0,1,10030,0,201,2023,3,31,21,57,22,5,29,18,1,1,2,1,14,7,0,0,0,0,4,9,1,70,1,2,21,35,45,3,3,31,31,1,1,1,1,11,11,4,4,10,30,3,3,2,2,2,2,4,2,363333350,1395103470,36.559264,139.850964,6,3,9999,9999,1,9
true,41,101,113,2,0,1,99000,0,201,2023,4,15,16,0,12,5,8,18,14,1,3,2,0,7,0,0,0,0,0,0,20,70,0,4,1,45,65,4,61,31,0,1,0,1,0,11,0,10,0,80,0,3,0,2,0,2,0,4,2,363401783,1395058366,36.567162,139.849546,7,3,9999,0,9,0
true,41,101,114,2,0,1,10220,0,201,2023,4,20,8,55,12,5,1,18,19,1,1,1,14,7,0,0,0,0,1,9,20,70,4,2,21,25,55,3,14,31,31,1,11,2,1,11,11,4,4,0,31,3,3,2,2,2,2,4,2,363548509,1395107686,36.596808,139.852135,5,3,9999,9999,5,9
true,41,101,115,2,0,1,10220,0,201,2023,4,20,17,25,13,5,1,18,19,1,1,1,1,1,9,22,9,22,17,7,30,70,5,4,21,55,1,4,51,31,41,1,0,2,0,1,0,10,0,0,0,3,3,2,0,2,0,4,2,363619040,1395041849,36.605289,139.844958,5,3,9999,0,1,0
true,41,101,116,2,0,1,10640,0,201,2023,4,21,7,19,12,5,0,18,19,1,1,1,1,1,9,22,9,22,14,9,30,70,5,2,21,55,25,3,3,31,31,1,1,1,1,1,1,3,4,80,0,2,1,2,2,2,2,4,2,363351991,1395303822,36.564442,139.884395,6,3,9999,9999,9,1
true,41,101,117,2,0,1,30000,0,201,2023,4,21,7,50,12,5,0,18,19,1,2,1,1,7,9,22,9,22,11,9,30,70,5,4,21,35,1,4,51,31,41,1,0,1,0,1,0,10,0,80,20,2,2,2,0,2,0,4,2,363635140,1395047911,36.609761,139.846642,6,3,9999,0,1,0
true,41,101,118,2,0,1,10060,0,201,2023,4,13,23,15,22,5,10,18,12,1,2,1,1,2,9,22,9,22,14,9,30,70,1,2,21,55,35,3,35,31,31,1,0,1,0,11,11,5,5,50,20,3,3,2,0,2,0,4,2,363300576,1395151199,36.55016,139.864222,5,3,9999,9999,9,9
true,41,101,119,2,0,1,30000,0,201,2023,4,13,21,5,22,5,10,18,12,1,2,1,7,7,0,0,0,0,3,9,1,70,1,2,1,45,35,3,61,31,0,1,0,1,0,11,0,4,0,50,0,4,0,2,0,2,0,4,2,363334445,1395158284,36.559568,139.86619,5,3,9999,0,9,0
true,41,101,120,2,0,1,1190,0,201,2023,4,22,9,22,12,4,59,18,20,1,2,1,14,7,0,0,0,0,1,9,1,70,4,4,21,55,35,17,3,31,31,11,1,1,1,1,1,4,4,11,33,3,2,2,2,2,2,4,2,363539545,1395141029,36.594318,139.861397,7,3,9999,9999,9,1
true,41,101,121,2,0,1,30000,0,201,2023,4,25,12,10,12,4,55,18,23,1,2,1,14,1,0,0,0,0,3,9,1,70,5,2,41,65,0,51,76,41,0,0,0,0,0,0,0,0,0,20,0,3,0,0,0,0,0,2,0,363254852,1395207439,36.54857,139.868733,3,3,0,0,0,0
true,41,101,122,2,0,1,99000,0,201,2023,4,20,15,50,12,5,1,18,19,1,1,1,0,7,0,0,0,0,0,0,20,70,0,4,41,75,0,14,75,31,0,11,0,1,0,1,0,10,0,30,0,3,0,2,0,2,0,4,0,363515814,1395308023,36.587726,139.885562,5,3,169,0,9,0
true,41,101,123,2,0,1,30000,0,201,2023,4,13,19,15,22,5,10,18,12,1,1,1,14,1,0,0,0,0,3,7,1,70,5,2,21,45,55,3,3,31,31,1,1,1,1,11,1,3,3,30,10,3,3,2,2,2,2,4,2,363331655,1395258760,36.558793,139.882989,5,3,9999,9999,1,9
true,41,101,124,2,0,2,1190,0,201,2023,3,25,8,35,12,5,38,17,56,3,1,2,14,7,0,0,0,0,2,9,1,70,4,2,21,65,35,3,3,31,31,1,1,1,1,11,11,4,4,10,30,2,2,2,2,2,2,4,2,363232216,1395249731,36.542282,139.880481,7,3,9999,9999,1,1
true,41,101,125,2,0,1,10030,0,201,2023,4,12,11,55,12,5,12,18,12,2,1,1,14,7,0,0,0,0,4,9,1,70,1,2,21,35,25,4,5,31,31,1,1,1,1,11,11,10,10,30,10,3,3,2,2,2,2,2,4,363320484,1395104291,36.55569,139.851192,4,3,9999,9999,1,1
true,41,101,126,2,0,1,30000,0,201,2023,4,30,3,16,22,4,49,18,27,2,3,2,14,7,0,0,0,0,3,9,1,70,4,3,21,1,75,3,36,31,31,1,0,1,0,11,11,3,10,40,20,3,3,2,0,2,0,4,2,363523770,1394932380,36.589936,139.825661,1,3,9999,1062,5,9
true,41,102,85,2,0,1,99000,0,203,2023,3,31,11,36,12,5,29,18,1,1,2,1,0,7,0,0,0,0,0,0,20,70,0,4,41,75,0,51,76,41,0,0,0,0,0,0,0,0,0,10,0,3,0,0,0,0,0,2,0,362331963,1394333017,36.392212,139.725838,6,3,0,0,0,0
true,41,102,86,2,0,1,30000,0,203,2023,4,1,20,10,22,5,28,18,2,2,3,1,13,7,0,0,0,0,3,3,1,70,5,3,21,25,45,4,4,31,31,1,1,1,1,11,11,3,3,10,10,2,2,1,1,2,2,4,2,362620810,1394315960,36.439114,139.7211,7,3,9999,9999,1,1
true,41,102,87,2,0,1,3520,0,361,2023,4,3,2,15,22,5,25,18,4,2,3,1,14,7,0,0,0,0,3,9,1,70,5,2,21,1,55,3,4,31,31,1,1,1,1,11,11,4,4,80,60,2,2,2,2,2,2,4,2,362643847,1394654973,36.445513,139.781937,2,3,9999,9999,1,9
true,41,102,88,2,0,1,30000,0,203,2021,7,27,19,32,21,4,42,18,51,1,1,1,1,7,1,21,0,0,14,9,20,70,5,2,1,45,75,3,61,31,0,1,0,1,0,11,0,10,0,50,0,3,0,2,0,2,0,4,2,362325220,1394446014,36.390339,139.746115,3,3,9999,0,9,0
true,41,102,89,2,0,3,30000,0,203,2023,4,3,15,55,12,5,25,18,4,1,2,1,1,7,1,22,9,22,15,9,30,70,4,3,21,75,1,3,34,31,31,1,0,1,0,11,11,4,4,20,10,2,1,2,0,2,0,2,2,362511212,1394550803,36.419781,139.764112,2,3,110,9999,9,5
true,41,102,90,2,0,1,10670,0,203,2023,4,4,7,54,12,5,23,18,5,1,3,1,1,1,9,21,9,22,11,6,30,1,5,2,21,1,75,51,51,41,41,0,0,0,0,0,0,0,0,10,10,4,3,0,0,0,0,4,2,361909170,1393920094,36.319214,139.655582,3,3,0,0,0,0
true,41,102,91,2,0,1,10710,0,361,2023,4,1,11,49,12,5,28,18,2,1,2,1,14,7,0,0,0,0,4,7,1,70,4,3,21,1,25,3,4,31,31,1,1,2,1,11,11,4,4,10,30,2,2,2,2,2,2,4,2,362743913,1394943554,36.462198,139.828765,7,3,9999,9999,1,1
true,41,102,92,2,0,1,10440,0,203,2023,3,29,17,44,13,5,32,17,59,3,1,1,14,7,0,0,0,0,3,9,1,70,5,4,21,25,25,3,3,31,31,1,1,1,1,11,11,2,3,50,50,4,3,2,2,2,2,4,2,362305986,1394441590,36.384996,139.744886,4,3,9999,9999,1,1
true,41,102,93,2,0,1,23090,0,203,2023,4,8,10,28,12,5,17,18,8,2,1,1,7,1,0,0,0,0,4,9,1,70,1,2,21,35,0,3,0,31,0,1,0,1,0,11,0,4,0,0,0,3,0,2,0,2,0,2,0,362228063,1394256167,36.374462,139.715602,7,3,9999,0,1,0
true,41,102,94,2,0,1,10110,0,203,2023,4,11,14,53,12,5,13,18,11,1,2,1,1,1,9,22,0,0,14,9,30,70,4,2,41,75,0,51,76,41,0,0,0,0,0,0,0,0,0,10,0,3,0,0,0,0,0,2,0,362222238,1394338010,36.372844,139.727225,3,3,0,0,0,0
true,41,102,95,2,0,1,30000,0,203,2023,4,11,23,35,22,5,13,18,11,1,2,1,14,7,0,0,0,0,3,9,1,70,4,3,1,75,55,4,61,31,0,1,0,1,0,11,0,3,0,80,0,3,0,2,0,2,0,4,2,362241351,1394413967,36.378153,139.737213,3,3,446,0,1,0
true,41,102,96,2,0,1,10030,0,203,2023,3,31,11,50,12,5,29,18,1,1,1,1,14,7,0,0,0,0,5,9,1,70,5,2,21,75,65,3,52,31,41,1,0,1,0,11,0,10,0,80,20,3,3,2,0,2,0,4,2,362338724,1394413524,36.39409,139.73709,6,3,392,0,9,0
true,41,102,97,2,0,1,500,585,203,2023,4,10,12,49,12,5,15,18,10,1,3,1,14,1,0,0,0,0,4,9,1,70,1,2,21,55,45,4,4,31,31,1,1,1,1,11,11,10,10,10,30,2,2,1,2,2,2,4,2,361835766,1393841035,36.309935,139.644732,2,3,9999,9999,9,9
true,41,102,98,2,0,1,30000,0,203,2023,4,14,8,13,12,5,9,18,13,1,2,1,1,7,9,22,0,0,14,9,30,70,5,2,41,65,0,51,76,41,0,0,0,0,0,0,0,0,0,20,0,3,0,0,0,0,0,2,0,362217054,1394313994,36.371404,139.720554,6,3,0,0,0,0
true,41,102,99,2,0,2,21530,0,203,2023,4,13,6,38,12,5,10,18,12,1,2,1,7,1,0,0,0,0,3,9,1,70,5,4,21,25,65,3,3,31,31,1,1,1,1,11,11,3,3,80,31,3,2,2,2,2,2,4,2,362129847,1394359425,36.358291,139.733174,5,3,9999,9999,5,9
true,41,102,100,2,0,1,99000,0,203,2023,4,17,13,45,12,5,5,18,16,1,2,5,0,7,0,0,0,0,0,0,20,70,0,4,41,65,0,51,76,41,0,0,0,0,0,0,0,0,0,40,0,3,0,0,0,0,0,2,0,361923394,1393919577,36.323165,139.655438,2,3,0,0,0,0
true,41,102,101,2,0,3,21530,0,203,2023,4,11,17,53,13,5,13,18,11,1,2,1,14,3,0,0,0,0,2,9,1,70,4,2,21,1,55,3,3,31,31,1,1,1,1,11,11,3,3,10,30,3,4,2,2,2,2,4,2,362208368,1394359383,36.368991,139.733162,3,3,9999,9999,1,9
true,41,102,102,2,0,1,23090,0,203,2023,4,4,11,0,12,5,23,18,5,1,2,1,7,1,0,0,0,0,3,9,1,70,1,2,21,55,45,4,4,31,31,1,1,1,1,11,11,4,4,10,30,3,3,2,2,2,2,4,2,362239950,1394257240,36.377764,139.7159,3,3,9999,9999,9,1
true,41,102,103,2,0,1,10020,0,361,2023,4,25,13,25,12,4,55,18,23,1,2,1,14,7,0,0,0,0,3,9,1,70,1,2,21,45,35,3,34,31,31,1,0,1,0,11,11,10,10,20,40,3,3,2,0,2,0,4,2,362724764,1394928942,36.456879,139.824706,3,3,9999,9999,1,5
true,41,102,104,2,0,1,99000,0,361,2023,4,24,18,40,21,4,56,18,22,2,3,1,0,7,0,0,0,0,0,0,20,70,0,4,1,55,45,3,61,31,0,1,0,1,0,11,0,10,0,50,0,4,0,2,0,2,0,4,2,362742134,1395031762,36.461704,139.842156,2,3,9999,0,9,0
true,41,102,105,2,0,1,21600,0,203,2023,4,22,21,44,22,4,59,18,20,1,3,1,13,7,0,0,0,0,3,3,1,70,5,4,1,35,45,3,61,31,0,1,0,1,0,11,0,10,0,80,0,3,0,2,0,2,0,4,2,361839161,1394137543,36.310878,139.693762,7,3,9999,0,1,0
true,41,102,106,2,0,6,500,586,203,2023,4,23,9,34,12,4,57,18,21,2,3,1,14,1,0,0,0,0,4,9,1,70,1,2,21,25,35,3,3,31,31,1,1,1,1,11,11,5,5,10,30,3,3,2,2,2,2,4,2,361836029,1393843724,36.310008,139.645479,1,3,9999,9999,1,4
true,41,102,107,2,0,3,500,640,203,2023,4,22,22,30,22,4,59,18,20,1,2,1,7,1,0,0,0,0,5,9,1,70,1,2,21,1,55,4,4,31,31,1,1,1,1,11,11,10,10,50,70,2,2,1,2,2,2,4,2,361812085,1394139491,36.303357,139.694303,7,3,9999,9999,1,9
true,41,102,108,2,0,1,21600,0,203,2023,4,28,14,50,12,4,51,18,25,1,3,1,1,7,1,21,9,22,15,9,30,70,5,4,21,1,75,3,4,31,31,1,1,1,1,1,11,10,10,10,24,3,2,2,2,2,2,4,2,361855897,1394059711,36.315527,139.683253,6,2,9999,367,1,9
true,41,103,75,2,0,1,10400,0,202,2023,3,27,18,7,21,5,35,17,58,1,2,1,7,7,0,0,0,0,1,9,1,70,5,2,21,65,55,4,14,31,31,1,11,1,1,11,1,4,4,10,30,3,3,2,2,2,2,4,2,361939169,1392543428,36.327547,139.42873,2,3,9999,9999,9,9
true,41,103,76,2,0,2,30000,0,202,2023,3,19,17,52,21,5,47,17,51,1,3,1,1,7,9,22,9,22,14,9,30,70,5,3,21,25,35,3,3,31,31,1,1,1,1,11,11,2,2,80,50,3,3,1,2,2,2,2,2,362048016,1392509527,36.346671,139.419313,1,3,9999,9999,1,5
true,41,103,77,2,0,1,10400,0,202,2023,3,18,10,10,12,5,48,17,50,3,1,2,1,1,9,22,9,22,18,9,30,70,4,2,21,25,35,3,14,31,31,1,11,1,1,11,11,3,3,60,80,3,3,2,2,2,2,4,2,362016372,1392640938,36.337881,139.444705,7,3,9999,9999,1,1
true,41,103,78,2,0,2,2930,0,202,2023,3,25,22,17,22,5,38,17,56,3,1,2,14,7,0,0,0,0,3,9,1,70,4,2,21,35,45,3,4,31,31,1,1,1,1,11,11,4,4,30,10,3,3,2,2,2,2,2,4,361928776,1392701462,36.32466,139.450406,7,3,9999,9999,1,1
true,41,103,79,2,0,1,30000,0,202,2023,4,5,9,10,12,5,22,18,6,2,2,1,14,7,0,0,0,0,3,9,1,70,4,2,41,1,0,51,76,41,0,0,0,0,0,0,0,0,0,10,0,3,0,0,0,0,0,2,0,361908231,1392853602,36.318953,139.481556,4,3,0,0,0,0
true,41,103,80,2,0,1,10200,0,202,2023,4,3,20,2,22,5,25,18,4,1,2,1,14,7,0,0,0,0,2,9,1,70,4,2,21,25,1,3,4,31,31,1,1,1,1,1,1,3,3,30,10,3,3,2,2,2,2,2,4,361652595,1392817238,36.281276,139.471455,2,3,9999,9999,1,1
true,41,103,81,2,0,1,30000,0,202,2023,4,6,11,55,12,5,20,18,6,2,3,1,14,7,0,0,0,0,4,9,1,70,4,2,41,55,0,51,76,41,0,0,0,0,0,0,0,0,0,40,0,3,0,0,0,0,0,2,0,361921090,1392954766,36.322525,139.498546,5,3,0,0,0,0
true,41,103,82,2,0,1,500,372,202,2023,4,4,19,3,21,5,23,18,5,1,3,1,1,1,9,22,9,22,17,9,30,70,1,2,21,55,45,3,3,31,31,1,1,1,1,11,11,3,10,40,10,3,3,2,2,2,2,4,2,361850173,1392546405,36.313937,139.429557,3,3,9999,9999,9,1
true,41,103,83,2,0,1,500,368,202,2023,4,9,22,8,22,5,16,18,9,1,3,1,1,1,9,22,9,22,17,9,30,70,1,2,21,45,1,3,34,31,31,1,0,2,0,11,11,10,10,80,10,1,1,2,0,2,0,4,2,361855703,1392530662,36.315473,139.425184,1,3,9999,9999,9,1
true,41,103,84,2,0,1,10670,0,202,2023,4,5,17,47,13,5,22,18,6,1,1,1,14,7,0,0,0,0,2,9,1,70,5,2,21,65,25,3,4,31,31,1,1,1,1,11,11,3,3,80,80,3,3,2,2,2,2,4,2,361959520,1392719948,36.3332,139.455541,4,3,9999,9999,9,5
true,41,103,85,2,0,1,21280,0,202,2023,3,29,14,40,12,5,32,17,59,1,2,1,14,1,0,0,0,0,2,9,1,70,4,2,21,55,65,3,4,31,31,1,1,1,1,11,11,3,3,30,10,3,3,2,2,2,2,2,4,361836824,1393009554,36.310229,139.502654,4,3,9999,9999,9,9
true,41,103,86,2,0,1,20000,0,202,2023,4,3,19,29,22,5,25,18,4,1,2,1,1,1,9,22,9,22,14,9,30,70,4,3,21,65,45,3,14,31,31,1,11,1,1,11,11,3,3,10,50,3,3,2,2,2,2,4,2,362034886,1392714202,36.343024,139.453945,2,3,9999,9999,9,9
true,41,103,87,2,0,1,30000,0,202,2023,4,13,15,40,12,5,10,18,12,1,2,1,14,7,0,0,0,0,2,9,1,70,5,1,41,45,0,51,76,41,0,0,0,0,0,0,0,0,0,0,0,3,0,0,0,0,0,2,0,362047886,1392751221,36.346635,139.464228,5,3,0,0,0,0
true,41,103,88,2,0,1,30000,0,202,2023,4,13,17,30,13,5,10,18,12,1,3,1,14,7,0,0,0,0,2,9,1,70,5,3,41,1,0,51,76,41,0,0,0,0,0,0,0,0,0,40,0,3,0,0,0,0,0,2,0,362221432,1392243702,36.37262,139.378806,5,3,0,0,0,0
true,41,103,89,2,0,1,10200,0,202,2023,4,10,12,25,12,5,15,18,10,1,2,1,14,7,0,0,0,0,3,9,1,70,4,1,21,35,45,11,3,31,31,11,1,2,1,11,11,5,4,70,50,3,3,2,2,2,2,2,4,361732662,1392907782,36.292406,139.485495,2,3,9999,9999,5,9
true,41,103,90,2,0,3,500,403,202,2023,4,15,12,16,12,5,8,18,14,3,3,2,14,7,0,0,0,0,2,9,1,70,1,2,21,25,25,4,4,31,31,1,1,1,1,11,11,10,10,10,31,2,2,1,2,2,2,4,2,361827572,1392746915,36.307659,139.463032,7,3,9999,9999,1,1
true,41,103,91,2,0,1,30000,0,202,2023,4,2,10,0,12,5,26,18,3,1,2,1,14,7,0,0,0,0,4,9,1,70,4,2,21,75,35,4,4,31,31,1,1,1,1,11,11,10,10,30,20,3,3,2,2,2,2,4,2,361916367,1392703161,36.321213,139.450878,1,3,481,9999,9,5
true,41,103,92,2,0,1,30000,0,202,2023,4,22,14,52,12,4,59,18,20,1,1,1,1,7,1,21,9,22,15,9,30,70,5,3,21,65,1,3,4,31,31,1,1,1,1,11,11,3,3,50,80,3,2,2,1,2,1,4,2,362003682,1392843727,36.334356,139.478813,7,3,9999,9999,9,1
true,41,103,93,2,0,1,30000,0,202,2023,4,24,17,25,13,4,56,18,22,1,2,1,14,7,0,0,0,0,3,9,1,70,5,4,21,75,25,3,14,31,31,1,11,1,1,11,11,2,2,30,40,3,3,2,2,2,2,4,2,361948594,1392755188,36.330165,139.46533,2,3,9999,9999,9,5
true,41,103,94,2,0,1,30000,0,202,2023,4,26,20,30,22,4,54,18,24,1,2,1,14,7,0,0,0,0,3,9,1,70,5,2,1,65,35,3,61,31,0,1,0,1,0,11,0,10,0,50,0,3,0,2,0,2,0,4,2,362010212,1392650626,36.33617,139.447396,4,3,9999,0,9,0
true,41,103,95,2,0,1,30000,0,202,2023,4,24,14,10,12,4,56,18,22,2,2,1,14,7,0,0,0,0,3,9,1,70,5,4,21,75,65,3,35,31,31,1,0,1,0,11,11,10,10,80,40,3,3,2,0,2,0,4,2,361951323,1392644419,36.330923,139.445672,2,3,1039,9999,9,9
true,41,103,96,2,0,1,30000,0,202,2023,4,29,13,27,12,4,50,18,26,1,3,1,14,7,0,0,0,0,1,8,20,70,5,4,41,45,0,51,75,41,0,0,0,0,0,0,0,0,0,10,0,3,0,0,0,0,0,2,0,362549660,1392711444,36.430461,139.453179,7,1,0,0,0,0
true,41,103,97,1,1,0,10670,0,202,2023,4,30,16,41,12,4,49,18,27,2,2,1,1,7,9,22,0,0,15,9,30,70,5,2,1,45,75,3,61,31,0,1,0,1,0,11,0,3,0,10,0,3,0,2,0,2,0,4,1,362039442,1392451797,36.344289,139.414388,1,3,9999,0,1,0
true,41,104,67,2,0,3,22700,0,204,2023,4,1,11,11,12,5,28,18,2,1,1,1,14,7,0,0,0,0,3,9,1,70,4,2,21,55,45,3,4,31,31,1,1,1,1,11,11,3,3,10,31,2,2,2,2,2,2,4,2,361930374,1393610310,36.325104,139.602864,7,3,9999,9999,9,9
true,41,104,68,2,0,2,30000,0,204,2023,3,28,18,57,21,5,33,17,59,1,1,1,1,7,1,21,9,22,15,9,30,70,5,4,21,1,45,3,4,31,31,1,1,1,1,11,11,10,10,85,11,2,2,2,1,2,2,2,2,361829354,1393400005,36.308154,139.566668,3,3,9999,9999,5,1
true,41,104,69,2,0,1,500,350,204,2023,4,1,15,25,12,5,28,18,2,1,3,1,14,1,0,0,0,0,5,9,1,70,1,2,21,1,25,4,34,31,31,1,0,1,0,11,11,10,10,10,31,3,3,2,0,2,0,4,2,361725778,1393245078,36.290494,139.545855,7,3,9999,9999,1,5
true,41,104,70,2,0,2,500,531,204,2023,3,29,14,12,12,5,32,17,59,1,2,1,14,7,0,0,0,0,2,9,1,70,1,4,21,25,35,11,4,1,31,11,1,2,1,11,11,5,5,22,44,3,3,2,2,2,2,4,2,361735056,1393528774,36.293071,139.591326,4,3,9999,9999,1,1
true,41,104,71,2,0,2,10090,0,204,2023,3,25,19,15,22,5,38,17,56,2,1,1,14,7,0,0,0,0,2,9,1,70,4,2,21,35,55,3,13,31,31,1,11,1,1,11,11,4,4,33,11,3,3,2,2,2,2,2,4,361757397,1393531618,36.299277,139.592116,7,3,9999,9999,9,9
true,41,104,72,2,0,1,30000,0,204,2023,4,10,13,30,12,5,15,18,10,1,3,1,1,7,9,22,0,0,11,9,30,70,5,4,41,65,0,51,76,41,0,0,0,0,0,0,0,0,0,20,0,3,0,0,0,0,0,2,0,362748658,1393334319,36.463516,139.559533,2,3,0,0,0,0
true,41,104,73,2,0,1,30000,0,204,2023,4,11,6,30,12,5,13,18,11,1,3,1,1,7,9,22,1,21,14,9,30,70,5,4,21,25,1,3,4,31,31,1,1,2,2,11,11,3,3,55,55,2,2,1,1,1,1,4,2,361817885,1393649050,36.304968,139.613625,3,3,9999,9999,1,1
true,41,104,74,2,0,1,99000,0,204,2023,3,31,1,26,22,5,29,18,1,1,2,1,0,7,0,0,0,0,0,0,20,70,0,4,41,1,0,3,75,31,0,1,0,1,0,11,0,10,0,36,0,3,0,2,0,2,0,4,0,361850393,1393356905,36.313998,139.565807,6,3,9999,0,5,0
true,41,104,75,2,0,1,30000,0,204,2023,4,11,16,30,12,5,13,18,11,1,3,1,1,7,9,22,0,0,11,9,30,70,5,4,41,45,0,51,76,41,0,0,0,0,0,0,0,0,0,20,0,3,0,0,0,0,0,2,0,362004099,1393509884,36.334472,139.586079,3,3,0,0,0,0
true,41,104,76,2,0,2,2930,0,204,2023,4,16,13,28,12,5,6,18,15,1,3,1,14,7,0,0,0,0,3,9,1,70,4,2,21,1,55,3,4,31,31,1,1,1,1,11,11,4,4,80,80,3,3,2,2,2,2,2,2,362203529,1393415614,36.367647,139.571004,1,3,9999,9999,1,9
true,41,104,77,2,0,1,22700,0,204,2023,4,16,10,36,12,5,6,18,15,1,1,1,14,7,0,0,0,0,1,9,1,70,5,2,41,45,0,51,76,41,0,0,0,0,0,0,0,0,0,20,0,3,0,0,0,0,0,2,0,361758236,1393609432,36.29951,139.60262,1,3,0,0,0,0
true,41,104,78,2,0,1,21410,0,204,2023,4,5,18,3,13,5,22,18,6,1,3,1,14,1,0,0,0,0,3,9,1,70,5,2,21,1,35,3,4,31,31,1,1,1,1,11,11,4,4,10,30,3,3,2,1,2,2,4,2,361919128,1393453630,36.32198,139.581564,4,3,9999,9999,1,1
true,41,104,79,2,0,2,30000,0,204,2023,4,17,13,16,12,5,5,18,16,1,2,1,1,1,9,22,9,22,15,9,30,70,4,2,21,45,45,3,3,31,31,1,1,1,1,11,11,4,4,28,10,2,2,1,1,1,2,4,2,361726534,1393601505,36.290704,139.600418,2,3,9999,9999,1,1
true,41,104,80,2,0,2,30000,0,204,2023,4,13,17,50,13,5,10,18,12,2,1,1,1,7,9,22,1,21,14,9,30,70,5,2,21,25,25,3,4,31,31,1,1,2,2,11,11,10,10,55,88,2,2,2,2,2,2,2,4,361839456,1393537374,36.31096,139.593715,5,3,9999,9999,1,1
true,41,104,81,2,0,1,30000,0,204,2023,4,20,12,4,12,5,1,18,19,1,3,1,14,7,0,0,0,0,3,9,1,70,5,2,41,75,0,51,76,41,0,0,0,0,0,0,0,0,0,10,0,3,0,0,0,0,0,2,0,361810530,1393347671,36.302925,139.563242,5,3,0,0,0,0
true,41,104,82,2,0,1,30000,0,204,2023,4,22,6,38,12,4,59,18,20,2,3,1,1,7,9,22,9,22,14,9,30,70,5,4,21,1,45,3,36,31,31,1,0,1,0,11,11,10,10,20,40,3,2,2,0,2,0,4,2,361620669,1393328580,36.272408,139.557939,7,3,9999,9999,5,9