資料区分,都道府県コード,警察署等コード,本票番号,事故内容,死者数,負傷者数,路線コード,地点コード,市区町村コード,発生日時　　年,発生日時　　月,発生日時　　日,発生日時　　時,発生日時　　分,昼夜,日の出時刻　　時,日の出時刻　　分,日の入り時刻　　時,日の入り時刻　　分,天候,地形,路面状態,道路形状,信号機,一時停止規制　標識（当事者A）,一時停止規制　表示（当事者A）,一時停止規制　標識（当事者B）,一時停止規制　表示（当事者B）,車道幅員,道路線形,衝突地点,ゾーン規制,中央分離帯施設等,歩車道区分,事故類型,年齢（当事者A）,年齢（当事者B）,当事者種別（当事者A）,当事者種別（当事者B）,用途別（当事者A）,用途別（当事者B）,車両形状等（当事者A）,車両形状等（当事者B）,オートマチック車（当事者A）,オートマチック車（当事者B）,サポカー（当事者A）,サポカー（当事者B）,速度規制（指定のみ）（当事者A）,速度規制（指定のみ）（当事者B）,車両の衝突部位（当事者A）,車両の衝突部位（当事者B）,車両の損壊程度（当事者A）,車両の損壊程度（当事者B）,エアバッグの装備（当事者A）,エアバッグの装備（当事者B）,サイドエアバッグの装備（当事者A）,サイドエアバッグの装備（当事者B）,人身損傷程度（当事者A）,人身損傷程度（当事者B）,地点　緯度（北緯）,地点　経度（東経）,地点　緯度（北緯）_1,地点　経度（東経）_1,曜日(発生年月日),祝日(発生年月日),認知機能検査経過日数（当事者A）,認知機能検査経過日数（当事者B）,運転練習の方法（当事者A）,運転練習の方法（当事者B）
true,41,104,83,2,0,1,22700,0,204,2023,4,22,17,30,13,4,59,18,20,1,1,1,14,7,0,0,0,0,3,9,1,70,4,2,41,1,0,51,76,41,0,0,0,0,0,0,0,0,0,10,0,3,0,0,0,0,0,2,0,361754960,1393435306,36.2986,139.576474,7,3,0,0,0,0
true,41,104,84,2,0,1,21150,0,204,2023,4,19,8,31,12,5,2,18,18,1,1,1,1,7,1,21,9,22,14,9,30,70,4,2,21,45,1,4,51,31,41,1,0,1,0,11,0,10,0,55,11,3,3,2,0,2,0,4,2,361924773,1393529479,36.323548,139.591522,4,3,9999,0,5,0
true,41,104,85,2,0,1,30000,0,204,2023,4,14,12,47,12,5,9,18,13,1,3,1,1,1,9,22,9,22,11,9,30,70,5,2,21,55,35,17,4,1,31,11,1,2,1,11,11,3,3,88,11,3,1,2,1,2,2,4,2,361741899,1393548016,36.294972,139.596671,6,3,9999,9999,9,5
true,41,104,86,2,0,1,30000,0,204,2023,4,26,18,2,13,4,54,18,24,3,3,1,14,7,0,0,0,0,3,9,1,70,5,4,21,45,35,3,4,31,31,1,1,1,1,11,11,10,10,10,80,2,3,2,2,2,2,4,2,361934759,1393420752,36.326322,139.572431,4,3,9999,9999,1,1
true,41,104,87,2,0,1,2930,0,204,2023,4,28,16,21,12,4,51,18,25,1,3,1,14,7,0,0,0,0,1,9,1,70,5,2,1,65,55,14,61,31,0,11,0,2,0,11,0,4,0,88,0,3,0,2,0,2,0,4,2,362148301,1393233623,36.363417,139.542673,6,2,9999,0,9,0
true,41,105,44,2,0,1,22680,0,205,2023,3,31,15,50,12,5,29,18,1,1,1,1,14,7,0,0,0,0,3,9,1,70,4,3,21,25,75,3,4,31,31,1,1,1,1,1,1,4,4,10,30,3,3,2,2,2,2,4,2,363304792,1394641020,36.551331,139.778061,6,3,9999,542,1,9
true,41,105,45,2,0,1,99000,0,205,2023,4,1,20,30,22,5,28,18,2,1,2,1,0,7,0,0,0,0,0,0,20,70,0,4,41,55,0,4,75,31,0,1,0,1,0,11,0,10,0,84,0,3,0,2,0,2,0,4,0,363310285,1394604296,36.552857,139.76786,7,3,9999,0,9,0
true,41,105,46,2,0,1,30000,0,205,2023,4,6,13,52,12,5,20,18,6,1,1,1,14,7,0,0,0,0,4,9,1,70,4,2,21,65,35,3,51,31,41,1,0,1,0,11,0,4,0,84,11,3,3,2,0,2,0,4,2,363307960,1394613850,36.552211,139.770514,5,3,9999,0,9,0
true,41,105,47,2,0,2,22410,0,205,2023,4,8,13,45,12,5,17,18,8,2,3,1,13,7,0,0,0,0,3,3,1,70,4,2,41,55,0,3,75,31,0,1,0,1,0,11,0,3,0,51,0,1,0,1,0,2,0,2,0,363309518,1394319823,36.552644,139.722173,7,3,9999,0,9,0
true,41,105,48,2,0,1,30000,0,205,2023,4,10,7,5,12,5,15,18,10,1,3,1,1,7,9,22,9,22,14,9,30,70,5,4,21,35,75,3,36,31,31,1,0,1,0,11,11,10,10,10,40,2,3,2,0,2,0,4,2,363348758,1394625561,36.563544,139.773767,2,3,9999,88,1,9
true,41,105,49,2,0,2,22680,0,205,2023,4,10,8,25,12,5,15,18,10,1,3,1,1,1,9,22,9,22,17,9,30,70,4,3,21,25,75,17,3,31,31,11,1,1,1,1,1,4,4,50,0,3,3,2,2,2,2,2,4,363522092,1394524995,36.58947,139.756943,2,3,9999,95,5,9
true,41,105,50,2,0,1,1210,0,205,2023,4,12,10,21,12,5,12,18,12,2,3,1,14,7,0,0,0,0,3,9,1,70,4,3,21,45,65,12,12,31,31,11,11,2,2,11,11,3,3,10,30,3,3,2,2,2,2,4,2,363233612,1394719579,36.54267,139.788772,4,3,9999,9999,9,9
true,41,105,51,2,0,2,1210,0,205,2023,4,7,18,43,21,5,19,18,7,3,2,2,14,7,0,0,0,0,3,9,1,70,4,3,21,35,45,3,4,31,31,1,1,1,1,11,11,3,10,70,80,3,3,2,2,2,2,2,4,363321114,1394624434,36.555865,139.773454,6,3,9999,9999,1,9
true,41,105,52,2,0,1,30000,0,205,2023,4,15,12,40,12,5,8,18,14,3,1,2,1,7,1,21,9,22,11,9,30,70,5,4,21,45,35,3,3,31,31,1,1,2,1,11,11,10,10,10,10,2,3,2,2,2,2,4,2,363318886,1394602107,36.555246,139.767252,7,3,9999,9999,5,5
true,41,105,53,2,0,1,1210,0,205,2023,4,7,22,31,22,5,19,18,7,3,3,2,1,3,9,22,9,22,15,9,30,70,4,2,21,45,25,3,4,31,31,1,1,1,1,11,11,3,3,40,10,2,2,2,2,1,2,2,4,363245128,1394714420,36.545869,139.787339,6,3,9999,9999,9,5
true,41,105,54,2,0,2,10040,0,205,2023,4,20,8,10,12,5,1,18,19,1,1,1,7,1,0,0,0,0,3,9,1,70,5,2,21,35,1,3,4,31,31,1,1,1,1,11,11,4,4,30,10,3,3,2,2,2,2,2,4,363353363,1394531964,36.564823,139.758879,5,3,9999,9999,1,1
true,41,105,55,2,0,2,30000,0,205,2023,4,14,16,29,12,5,9,18,13,1,3,1,1,1,9,22,9,22,18,9,30,70,5,2,21,65,35,3,3,31,31,1,1,1,1,1,1,4,4,80,60,2,3,2,2,2,2,4,4,363230304,1394605783,36.541751,139.768273,6,3,9999,9999,9,1
true,41,105,56,2,0,1,10140,0,205,2023,4,27,4,26,23,4,52,18,25,1,3,1,14,7,0,0,0,0,3,9,1,70,4,4,21,65,45,3,36,31,31,1,0,1,0,11,11,3,2,88,11,3,3,2,0,2,0,4,2,363453735,1394200911,36.581593,139.700253,5,3,9999,9999,9,5
true,41,105,57,2,0,1,30000,0,205,2023,4,28,11,12,12,4,51,18,25,1,3,1,1,1,9,22,9,22,15,9,30,70,4,2,21,75,55,3,4,31,31,1,1,1,1,11,11,4,10,10,47,1,1,1,1,1,1,4,2,363113976,1394751522,36.520549,139.797645,6,2,9999,9999,9,9
true,41,106,44,2,0,4,22570,0,209,2023,4,1,23,13,22,5,28,18,2,3,3,2,14,7,0,0,0,0,4,9,1,70,4,4,21,1,25,3,3,31,31,1,1,1,1,11,11,3,3,10,11,1,1,1,1,1,1,2,2,362610770,1400304205,36.436325,140.051168,7,3,9999,9999,1,1
true,41,106,45,2,0,1,4080,0,209,2023,3,23,9,56,12,5,41,17,54,2,3,1,1,1,8,22,9,22,18,9,30,70,4,2,21,45,65,11,14,1,1,11,11,1,2,11,11,1,4,50,40,3,3,2,2,2,2,4,2,362509034,1395753669,36.419176,139.964908,5,3,9999,9999,9,9
true,41,106,46,2,0,1,20000,0,209,2023,3,28,17,47,13,5,33,17,59,1,3,1,14,1,0,0,0,0,3,9,1,70,4,3,21,25,45,4,4,31,31,1,1,1,1,11,11,4,4,10,30,3,3,2,2,2,2,4,2,362211964,1395642929,36.36999,139.945258,3,3,9999,9999,1,1
true,41,106,47,2,0,2,2940,0,209,2023,4,8,15,12,12,5,17,18,8,3,3,2,14,7,0,0,0,0,4,8,1,70,4,2,21,1,55,17,13,31,31,11,11,1,2,11,11,5,5,50,10,3,3,2,2,2,2,2,4,362342403,1395804817,36.395112,139.968005,7,3,9999,9999,1,9
true,41,106,48,2,0,1,1210,0,342,2023,3,16,16,45,12,5,51,17,48,2,2,1,14,7,0,0,0,0,4,9,1,70,4,4,21,45,1,4,51,31,41,1,0,1,0,11,0,10,0,10,20,3,3,2,0,2,0,4,2,362805408,1400542504,36.468169,140.09514,5,3,9999,0,1,0
true,41,106,49,2,0,4,10470,0,209,2023,3,30,14,23,12,5,30,18,0,1,1,1,7,1,0,0,0,0,6,9,1,70,1,2,21,75,35,3,4,31,31,1,1,1,1,11,11,5,4,10,31,3,2,2,2,2,2,4,2,362633842,1395957595,36.442734,139.999332,5,3,72,9999,9,1
true,41,106,50,2,0,2,2940,0,209,2023,3,29,7,47,12,5,32,17,59,1,3,1,1,1,9,22,9,22,18,9,30,70,1,2,21,35,35,3,3,31,31,1,1,1,1,11,11,5,4,50,20,3,2,1,2,2,2,2,2,362425416,1395829150,36.40706,139.974764,4,3,9999,9999,1,1
true,41,106,51,2,0,1,30000,0,209,2023,4,14,12,7,12,5,9,18,13,1,3,1,13,7,0,0,0,0,2,6,1,70,5,2,41,75,0,51,76,41,0,0,0,0,0,0,0,0,0,40,0,3,0,0,0,0,0,2,0,362625440,1395840026,36.4404,139.977785,6,3,0,0,0,0
true,41,106,52,2,0,1,30000,0,209,2023,4,13,17,17,13,5,10,18,12,1,2,1,1,7,1,22,9,22,15,9,30,70,4,2,21,75,35,3,3,31,31,1,1,1,1,11,11,10,4,10,50,2,2,2,1,2,2,4,2,362623467,1395746890,36.439852,139.963025,5,3,662,9999,9,1
true,41,106,53,2,0,1,10610,0,209,2023,4,10,16,20,12,5,15,18,10,1,3,1,1,7,9,22,9,22,14,9,30,70,4,4,21,55,1,4,36,31,31,1,0,1,0,11,11,10,10,80,10,3,3,2,0,2,0,4,2,362920789,1400308258,36.489108,140.052294,2,3,9999,9999,9,5
true,41,106,54,2,0,1,30000,0,345,2023,4,20,16,40,12,5,1,18,19,1,3,1,7,7,0,0,0,0,2,9,1,70,5,3,41,1,0,51,75,41,0,0,0,0,0,0,0,0,0,21,0,3,0,0,0,0,0,2,0,363225246,1400127170,36.540346,140.024214,5,3,0,0,0,0
true,41,106,55,2,0,1,30000,0,209,2023,4,24,10,41,12,4,56,18,22,1,2,1,1,7,9,22,0,0,15,9,30,1,5,4,1,55,75,4,61,31,0,1,0,1,0,11,0,2,0,80,0,3,0,2,0,2,0,4,2,362651608,1400109851,36.447669,140.019403,2,3,9999,0,9,0
true,41,106,56,2,0,1,30000,0,209,2023,4,24,11,46,12,4,56,18,22,2,3,1,14,7,0,0,0,0,3,7,1,70,4,2,41,75,0,51,76,41,0,0,0,0,0,0,0,0,0,20,0,3,0,0,0,0,0,2,0,362544337,1395942668,36.428983,139.995186,2,3,0,0,0,0
true,41,106,57,2,0,2,10690,0,345,2023,4,25,16,55,12,4,55,18,23,1,2,1,1,1,9,22,9,22,19,9,30,70,1,2,21,65,35,4,4,31,31,1,1,1,1,11,11,5,5,50,50,1,1,2,2,2,2,4,2,363301537,1400209971,36.550427,140.036103,3,3,9999,9999,9,1
true,41,106,58,2,0,1,30000,0,209,2023,4,28,15,18,12,4,51,18,25,1,1,1,14,7,0,0,0,0,3,9,1,70,4,2,21,45,65,3,14,31,31,1,11,1,1,11,11,4,4,10,30,2,2,2,2,2,2,4,2,362600204,1395912199,36.43339,139.986722,6,2,9999,9999,4,9
true,41,107,99,2,0,1,41,700,208,2023,3,27,17,21,13,5,35,17,58,2,3,1,14,1,0,0,0,0,2,9,1,70,1,2,21,45,45,3,4,31,31,1,1,1,1,11,11,10,10,10,30,3,3,2,2,2,2,4,2,361600145,1394932588,36.266707,139.825719,2,3,9999,9999,1,9
true,41,107,100,2,0,2,21530,0,208,2023,3,20,10,55,12,5,45,17,52,1,3,1,1,7,9,22,1,21,14,9,30,70,4,2,21,55,35,3,3,31,31,1,1,1,1,11,11,10,10,20,60,3,3,2,2,2,2,4,4,361904721,1394427794,36.317978,139.741054,2,2,9999,9999,9,1
true,41,107,101,2,0,1,30000,0,364,2023,3,24,17,45,13,5,39,17,55,3,3,1,14,7,0,0,0,0,3,9,1,70,4,2,21,55,25,3,4,31,31,1,1,1,1,1,11,4,4,10,31,3,3,2,2,2,2,4,4,361407336,1394338827,36.235371,139.727452,6,3,9999,9999,9,1
true,41,107,102,2,0,1,41,794,208,2023,3,19,12,37,12,5,47,17,51,1,3,1,14,7,0,0,0,0,5,9,1,70,1,2,21,65,25,3,4,31,31,1,1,1,1,11,11,10,10,10,30,3,3,2,2,2,2,4,4,362046324,1395109893,36.346201,139.852748,1,3,9999,9999,9,5
true,41,107,103,2,0,1,22640,0,208,2023,2,27,17,3,13,6,15,17,32,1,3,1,1,1,9,22,9,22,15,9,30,70,4,2,21,45,1,3,51,31,41,1,0,1,0,11,0,3,0,80,10,3,3,2,0,2,0,4,2,361847012,1394906784,36.313059,139.818551,2,3,9999,0,9,0
true,41,107,104,2,0,2,30000,0,208,2023,3,23,15,30,12,5,41,17,54,3,1,1,14,7,0,0,0,0,1,9,1,70,5,4,21,25,55,3,3,31,31,1,1,1,1,11,11,10,10,50,40,3,3,2,2,2,2,2,2,361654883,1394701939,36.281912,139.783872,5,3,9999,9999,1,9
true,41,107,105,2,0,1,30000,0,208,2023,4,6,4,48,23,5,20,18,6,1,3,1,14,7,0,0,0,0,2,9,1,70,5,4,1,25,75,36,61,31,0,0,0,0,0,11,0,10,0,10,0,3,0,0,0,0,0,4,2,362055612,1394943147,36.348781,139.828652,5,3,9999,0,9,0
true,41,107,106,2,0,1,10310,0,208,2023,3,17,16,32,12,5,50,17,49,2,3,1,14,7,0,0,0,0,3,9,1,70,4,2,21,45,45,4,4,31,31,1,1,1,1,11,11,4,4,10,30,3,3,2,2,2,2,4,2,362108201,1394543283,36.352278,139.762023,6,3,9999,9999,5,5
true,41,107,107,2,0,1,30000,0,208,2023,4,7,9,30,12,5,19,18,7,2,3,1,14,7,0,0,0,0,3,9,1,70,4,2,41,75,0,51,76,41,0,0,0,0,0,0,0,0,0,40,0,3,0,0,0,0,0,2,0,362109338,1395007188,36.352594,139.83533,6,3,0,0,0,0
true,41,107,108,2,0,1,22640,0,208,2023,4,8,12,0,12,5,17,18,8,2,1,1,7,7,0,0,0,0,3,9,1,70,5,2,41,65,0,51,76,41,0,0,0,0,0,0,0,0,0,40,0,3,0,0,0,0,0,2,0,361857654,1394845302,36.316015,139.812584,7,3,0,0,0,0
true,41,107,109,2,0,1,30000,0,208,2023,3,31,18,32,21,5,29,18,1,1,1,1,1,7,1,21,9,22,14,9,30,1,4,2,21,35,55,3,4,31,31,1,1,1,1,11,11,2,2,40,10,3,3,2,2,2,2,4,2,361541548,1394636858,36.261541,139.776905,6,3,9999,9999,1,9
true,41,107,110,2,0,1,40,824,208,2023,4,10,18,43,21,5,15,18,10,1,1,1,14,7,0,0,0,0,2,9,1,70,4,2,21,1,55,3,3,31,31,1,1,1,1,11,11,4,4,10,30,3,3,2,2,2,2,4,2,362048109,1394926227,36.346697,139.823952,2,3,9999,9999,1,9
true,41,107,111,2,0,1,30000,0,364,2023,4,6,8,4,12,5,20,18,6,3,3,1,14,7,0,0,0,0,2,9,1,70,5,4,21,25,75,3,51,31,41,1,0,1,0,11,0,10,0,40,10,3,3,2,0,2,0,4,2,361410342,1394333740,36.236206,139.726039,5,3,9999,0,1,0
true,41,107,112,2,0,1,40,751,208,2023,4,12,9,0,12,5,12,18,12,1,2,1,14,7,0,0,0,0,3,9,1,70,4,2,21,35,75,17,51,31,41,11,0,2,0,11,0,4,0,80,24,3,3,2,0,2,0,4,2,361724947,1394709578,36.290263,139.785994,4,3,9999,0,5,0
true,41,107,113,2,0,3,10330,0,208,2023,3,21,13,48,12,5,44,17,53,2,3,1,1,7,1,22,9,22,14,9,30,70,4,2,21,25,45,3,3,31,31,1,1,1,1,11,11,10,10,80,50,2,2,2,2,2,2,2,2,361823288,1394542275,36.306469,139.761743,3,1,9999,9999,1,9
true,41,107,114,2,0,1,30000,0,208,2023,4,7,17,29,13,5,19,18,7,2,2,1,1,7,8,22,1,21,11,9,30,70,5,2,21,25,35,3,4,31,31,1,1,1,1,11,11,10,10,60,10,3,3,2,2,2,2,2,4,361752854,1394858061,36.298015,139.816128,6,3,9999,9999,1,1
true,41,107,115,2,0,1,22640,0,208,2023,3,25,17,0,13,5,38,17,56,3,3,2,14,7,0,0,0,0,3,9,1,70,4,2,21,1,1,3,3,31,31,1,1,1,1,11,11,3,3,50,40,3,3,2,2,2,2,4,2,361853273,1394719680,36.314798,139.7888,7,3,9999,9999,5,1
true,41,107,116,2,0,1,30000,0,208,2023,3,7,20,18,22,6,4,17,40,1,1,1,14,7,0,0,0,0,2,9,1,70,5,2,21,1,55,3,51,31,41,1,0,1,0,11,0,10,0,50,10,3,3,2,0,2,0,4,2,361805314,1394758931,36.301476,139.799703,3,3,9999,0,1,0
true,41,107,117,2,0,1,20000,0,208,2023,4,15,21,30,22,5,8,18,14,3,2,2,1,2,9,22,0,0,18,9,30,70,4,2,1,25,45,3,61,31,0,1,0,1,0,11,0,4,0,80,0,3,0,2,0,2,0,4,2,361749996,1394828962,36.297221,139.808045,7,3,9999,0,1,0
true,41,107,118,2,0,1,21910,0,208,2023,4,16,10,34,12,5,6,18,15,1,2,1,14,7,0,0,0,0,3,9,1,70,4,2,21,35,35,4,33,31,31,1,0,1,0,11,11,4,4,40,10,3,2,2,0,2,0,4,2,361736532,1394825790,36.293481,139.807164,1,3,9999,9999,1,9
true,41,107,119,2,0,1,22650,0,208,2023,4,14,13,20,12,5,9,18,13,1,2,1,14,7,0,0,0,0,3,9,1,70,4,4,21,75,55,3,4,31,31,1,1,1,1,11,11,3,3,10,30,3,3,2,2,2,2,4,2,361827623,1394802506,36.307673,139.800696,6,3,767,9999,9,9
true,41,107,120,2,0,1,30000,0,364,2023,4,17,15,25,12,5,5,18,16,1,3,1,7,1,0,0,0,0,2,9,1,70,2,2,21,65,1,4,33,31,31,1,0,1,0,11,11,4,4,40,10,3,3,2,0,2,0,4,2,361231507,1394319582,36.208752,139.722106,2,3,9999,9999,9,1
true,41,107,121,2,0,1,99000,0,208,2023,4,20,13,35,12,5,1,18,19,1,3,1,0,7,0,0,0,0,0,0,20,70,0,4,41,65,0,51,75,41,0,0,0,0,0,0,0,0,0,10,0,3,0,0,0,0,0,2,0,361813136,1394651881,36.303649,139.781078,5,3,0,0,0,0
true,41,107,122,2,0,1,41,713,208,2023,4,20,21,29,22,5,1,18,19,1,3,1,1,1,9,22,0,0,18,9,30,70,1,2,1,45,1,3,61,31,0,1,0,1,0,11,0,10,0,80,0,3,0,2,0,2,0,4,2,361636113,1394959851,36.276698,139.833292,5,3,9999,0,1,0
true,41,107,123,2,0,1,30000,0,208,2023,4,19,22,18,22,5,2,18,18,1,2,1,1,7,1,21,8,22,15,9,30,70,4,2,21,1,35,3,4,31,31,1,1,1,1,11,11,10,4,70,10,3,2,2,2,2,2,4,2,361729544,1394815458,36.29154,139.804294,4,3,9999,9999,1,5
true,41,107,124,2,0,1,40,782,208,2023,4,21,21,10,22,5,0,18,19,2,2,1,1,1,9,22,0,0,15,9,30,70,4,1,1,55,35,3,61,31,0,1,0,1,0,11,0,4,0,10,0,3,0,2,0,2,0,4,2,361854932,1394805670,36.315259,139.801575,6,3,9999,0,9,0
true,41,107,125,2,0,1,30000,0,208,2023,4,21,21,48,22,5,0,18,19,2,2,1,14,7,0,0,0,0,2,9,1,70,5,4,1,25,55,4,61,31,0,1,0,1,0,11,0,3,0,80,0,3,0,2,0,2,0,4,2,361847185,1395036614,36.313107,139.843504,6,3,9999,0,1,0
true,41,107,126,2,0,1,30000,0,208,2023,4,15,17,12,12,5,8,18,14,3,2,2,14,7,0,0,0,0,2,9,1,70,5,4,21,1,1,4,35,31,31,1,0,1,0,11,11,10,10,70,10,3,3,2,0,2,0,2,4,361712181,1394708214,36.286717,139.785615,7,3,9999,9999,1,1
true,41,107,127,2,0,1,10330,0,208,2023,4,9,19,40,22,5,16,18,9,1,3,1,1,1,9,22,9,22,15,9,30,70,4,2,21,55,35,3,4,31,31,1,1,1,1,11,11,4,4,20,81,2,2,2,1,2,2,4,2,362049326,1395002033,36.347035,139.833898,1,3,9999,9999,9,9
true,41,107,128,2,0,2,10330,0,208,2023,3,31,17,50,13,5,29,18,1,1,1,1,14,7,0,0,0,0,4,9,1,70,4,1,21,1,45,4,4,31,31,1,1,1,1,11,11,4,4,10,30,3,3,2,2,2,2,4,2,361905326,1395014770,36.318146,139.837436,6,3,9999,9999,1,9
true,41,107,129,2,0,1,99000,0,208,2023,4,10,18,42,21,5,15,18,10,1,1,1,0,7,0,0,0,0,0,0,20,70,0,4,21,25,35,3,3,31,31,1,1,1,2,11,11,10,10,80,10,3,3,2,2,2,2,4,2,361809518,1394850742,36.302644,139.814095,2,3,9999,9999,3,1
true,41,107,130,2,0,1,30000,0,208,2023,4,27,7,31,12,4,52,18,25,1,3,1,14,7,0,0,0,0,3,9,1,70,5,4,21,35,65,3,4,31,31,1,1,1,1,11,11,3,3,30,10,3,3,2,1,2,2,2,4,361940361,1394705917,36.327878,139.784977,5,3,9999,9999,1,9
true,41,107,131,2,0,1,40,777,208,2023,4,27,10,27,12,4,52,18,25,1,1,1,14,7,0,0,0,0,3,9,1,70,4,2,41,75,0,51,76,41,0,0,0,0,0,0,0,0,0,40,0,3,0,0,0,0,0,2,0,361829239,1394747036,36.308122,139.796399,5,3,0,0,0,0
true,41,107,132,2,0,1,30000,0,364,2023,3,22,16,3,12,5,42,17,53,1,3,1,1,7,1,22,9,22,15,9,30,70,4,4,21,1,55,4,4,31,31,1,1,1,1,11,11,10,4,10,10,2,2,1,1,2,2,4,2,361511902,1394402134,36.253306,139.733926,4,3,9999,9999,5,9
true,41,107,133,2,0,1,30000,0,208,2023,4,15,17,53,13,5,8,18,14,3,2,2,14,7,0,0,0,0,4,9,1,70,4,2,21,35,25,3,3,31,31,1,1,1,1,11,11,4,4,10,30,3,3,2,2,2,2,4,2,361900246,1394916568,36.316735,139.821269,7,3,9999,9999,5,1
true,41,107,134,1,1,0,30000,0,364,2023,4,29,1,3,22,4,50,18,26,1,3,1,14,7,0,0,0,0,2,9,1,70,5,4,1,55,0,61,0,0,0,0,0,0,0,0,0,0,0,0,0,0,0,0,0,0,0,1,0,361251527,1394312994,36.214313,139.720276,7,1,0,0,0,0
true,41,108,25,2,0,1,30000,0,210,2023,4,4,11,49,12,5,23,18,5,1,3,1,14,7,0,0,0,0,2,9,1,70,5,4,21,35,75,3,14,31,31,1,11,1,2,11,11,3,3,30,10,3,3,2,2,2,2,2,4,365349488,1400156759,36.89708,140.032433,3,3,9999,163,1,9
true,41,108,26,2,0,2,30000,0,210,2023,3,25,19,23,22,5,38,17,56,2,2,1,1,1,9,22,0,0,18,9,30,70,4,2,1,55,1,4,61,31,0,1,0,1,0,11,0,4,0,10,0,3,0,2,0,2,0,4,2,365120167,1400133913,36.855602,140.026087,7,3,9999,0,4,0
true,41,108,27,2,0,1,10530,0,210,2023,4,3,18,36,21,5,25,18,4,1,2,1,1,1,9,22,0,0,15,9,30,70,4,2,1,25,1,3,61,31,0,1,0,1,0,1,0,3,0,80,0,3,0,2,0,2,0,4,2,365212389,1400129914,36.870108,140.024976,2,3,9999,0,1,0
true,41,108,28,2,0,4,10480,0,210,2023,4,21,10,12,12,5,0,18,19,1,3,1,13,7,0,0,0,0,3,4,1,70,4,2,21,75,1,4,14,31,31,1,11,1,1,11,11,3,3,10,10,1,1,1,1,2,2,2,2,364833682,1400020642,36.809356,140.005734,6,3,177,9999,9,1
true,41,108,29,2,0,1,30000,0,210,2023,4,21,17,25,13,5,0,18,19,1,2,1,13,7,0,0,0,0,1,2,1,70,5,4,41,1,0,51,76,41,0,0,0,0,0,0,0,0,0,20,0,3,0,0,0,0,0,2,0,365159188,1400749562,36.866441,140.130434,6,3,0,0,0,0
true,41,108,30,2,0,1,4610,0,210,2023,4,28,14,32,12,4,51,18,25,1,2,1,1,1,9,22,0,0,15,9,30,70,4,2,41,75,0,51,76,41,0,0,0,0,0,0,0,0,0,10,0,3,0,0,0,0,0,2,0,365130820,1400034913,36.858561,140.009698,6,2,0,0,0,0
true,41,109,7,2,0,1,30000,0,206,2023,2,14,17,35,21,6,30,17,19,1,3,1,1,1,9,22,9,22,15,9,30,70,4,2,21,1,35,3,4,31,31,1,1,1,1,11,11,1,3,10,30,3,3,2,2,2,2,4,2,364438584,1393730440,36.744051,139.625122,3,3,9999,9999,1,5
true,41,110,22,2,0,5,1210,0,206,2023,4,3,15,41,12,5,25,18,4,1,3,1,14,1,0,0,0,0,3,7,1,70,1,2,21,75,35,3,3,31,31,1,1,1,1,11,11,10,10,10,31,3,2,2,2,2,2,4,2,364612115,1394252038,36.770032,139.714455,2,3,1082,9999,9,1
true,41,110,23,2,0,1,1210,0,206,2023,4,9,12,39,12,5,16,18,9,1,3,1,14,7,0,0,0,0,2,9,1,70,5,3,21,35,55,4,4,31,31,1,1,1,1,11,11,3,3,18,30,3,3,2,2,2,2,4,2,363805640,1394341628,36.6349,139.72823,1,3,9999,9999,1,1
true,41,110,24,2,0,1,10620,0,206,2023,4,10,10,29,12,5,15,18,10,1,2,1,1,1,9,22,9,22,18,9,30,70,1,2,21,65,55,3,51,31,41,1,0,1,0,11,0,10,0,80,40,3,3,2,0,2,0,4,2,364331692,1394219462,36.72547,139.705406,2,3,9999,0,9,0
true,41,110,25,2,0,1,1210,0,206,2023,4,15,23,3,22,5,8,18,14,3,3,2,1,1,9,22,0,0,15,9,30,70,4,4,1,1,35,3,61,31,0,1,0,1,0,11,0,4,0,51,0,3,0,2,0,2,0,4,2,364924169,1394244454,36.82338,139.712348,7,3,9999,0,1,0
true,41,110,26,2,0,1,30810,0,206,2023,4,17,19,10,21,5,5,18,16,1,3,1,14,7,0,0,0,0,3,9,1,70,4,2,21,35,45,4,4,31,31,1,1,1,1,11,11,4,4,10,30,3,3,2,2,2,2,4,2,364005574,1394633967,36.668215,139.776102,2,3,9999,9999,1,5
true,41,110,27,2,0,1,1210,0,206,2023,4,25,10,17,12,4,55,18,23,1,3,1,13,7,0,0,0,0,4,6,1,70,4,4,21,55,75,13,14,31,31,11,11,1,2,11,11,10,10,51,50,2,2,1,2,2,2,4,4,370205845,1394330101,37.034957,139.725028,3,3,9999,9999,9,9
true,41,110,28,2,0,1,1190,0,206,2023,4,25,7,28,12,4,55,18,23,1,3,1,14,7,0,0,0,0,3,9,1,70,5,2,21,25,1,3,51,31,41,1,0,1,0,11,0,10,0,18,40,3,1,2,0,2,0,4,2,364239449,1394432525,36.710958,139.742368,3,3,9999,0,1,0
true,41,110,29,2,0,1,30800,0,206,2023,4,29,17,54,13,4,50,18,26,2,2,1,1,1,9,22,0,0,17,9,30,70,1,2,21,65,0,4,0,31,0,1,0,1,0,11,0,4,0,50,0,2,0,1,0,2,0,2,0,364325892,1394213090,36.723859,139.703636,7,1,9999,0,9,0