資料区分,都道府県コード,警察署等コード,本票番号,事故内容,死者数,負傷者数,路線コード,地点コード,市区町村コード,発生日時　　年,発生日時　　月,発生日時　　日,発生日時　　時,発生日時　　分,昼夜,日の出時刻　　時,日の出時刻　　分,日の入り時刻　　時,日の入り時刻　　分,天候,地形,路面状態,道路形状,信号機,一時停止規制　標識（当事者A）,一時停止規制　表示（当事者A）,一時停止規制　標識（当事者B）,一時停止規制　表示（当事者B）,車道幅員,道路線形,衝突地点,ゾーン規制,中央分離帯施設等,歩車道区分,事故類型,年齢（当事者A）,年齢（当事者B）,当事者種別（当事者A）,当事者種別（当事者B）,用途別（当事者A）,用途別（当事者B）,車両形状等（当事者A）,車両形状等（当事者B）,オートマチック車（当事者A）,オートマチック車（当事者B）,サポカー（当事者A）,サポカー（当事者B）,速度規制（指定のみ）（当事者A）,速度規制（指定のみ）（当事者B）,車両の衝突部位（当事者A）,車両の衝突部位（当事者B）,車両の損壊程度（当事者A）,車両の損壊程度（当事者B）,エアバッグの装備（当事者A）,エアバッグの装備（当事者B）,サイドエアバッグの装備（当事者A）,サイドエアバッグの装備（当事者B）,人身損傷程度（当事者A）,人身損傷程度（当事者B）,地点　緯度（北緯）,地点　経度（東経）,地点　緯度（北緯）_1,地点　経度（東経）_1,曜日(発生年月日),祝日(発生年月日),認知機能検査経過日数（当事者A）,認知機能検査経過日数（当事者B）,運転練習の方法（当事者A）,運転練習の方法（当事者B）
true,41,111,54,2,0,3,23030,0,407,2023,3,31,18,20,21,5,29,18,1,1,2,1,14,7,0,0,0,0,1,9,1,70,4,2,21,45,45,3,3,31,31,1,1,1,1,11,11,4,4,10,30,2,2,2,2,2,2,4,2,365908484,1400353597,36.98569,140.064888,6,3,9999,9999,9,1
true,41,111,55,2,0,1,30000,0,213,2023,3,30,12,39,12,5,30,18,0,1,3,1,1,4,9,22,9,22,11,9,30,70,5,4,21,55,65,3,4,31,31,1,1,1,1,11,11,10,10,44,11,1,1,1,1,2,2,2,4,365314075,1395737937,36.887243,139.960538,5,3,9999,9999,9,9
true,41,111,56,2,0,1,40,1581,213,2023,3,21,23,51,22,5,44,17,53,2,3,1,7,1,0,0,0,0,3,9,1,70,5,2,21,35,25,3,3,31,31,1,1,1,1,11,11,10,10,10,30,3,3,2,2,2,2,4,2,365542996,1400120849,36.92861,140.022458,3,1,9999,9999,1,5
true,41,111,57,2,0,2,23030,0,213,2023,4,2,10,57,12,5,26,18,3,1,3,1,12,7,0,0,0,0,1,9,1,70,5,1,21,1,45,3,4,31,31,1,1,1,1,11,11,10,10,30,10,3,3,2,2,2,2,2,4,365651212,1400216667,36.947559,140.037963,1,3,9999,9999,5,1
true,41,111,58,2,0,1,30000,0,213,2023,4,2,17,59,13,5,26,18,3,2,2,1,14,7,0,0,0,0,1,9,1,70,5,2,1,45,75,3,61,31,0,1,0,1,0,11,0,4,0,10,0,3,0,2,0,2,0,4,2,365710346,1400156172,36.952874,140.03227,1,3,9999,0,1,0
true,41,111,60,2,0,1,10550,0,213,2023,4,3,17,44,13,5,25,18,4,1,3,1,1,1,9,22,9,22,15,9,30,70,4,2,21,1,55,3,51,31,41,1,0,1,0,11,0,10,0,80,20,3,3,2,0,2,0,4,2,365537639,1395958186,36.927122,139.999496,2,3,9999,0,1,0
true,41,111,61,2,0,3,40,1810,407,2023,4,4,12,41,12,5,23,18,5,1,3,1,13,7,0,0,0,0,4,4,1,70,4,2,21,65,1,3,4,31,31,1,1,1,1,11,11,5,5,10,10,1,1,1,1,2,1,2,2,370552775,1400813772,37.097993,140.137159,3,3,9999,9999,9,1
true,41,111,62,2,0,1,10550,0,213,2023,4,7,18,10,21,5,19,18,7,3,3,2,1,1,9,22,9,22,18,9,30,70,4,2,21,1,45,3,14,31,31,1,11,1,1,11,11,4,4,50,50,2,2,2,2,2,2,4,2,365717424,1400012406,36.95484,140.003446,6,3,9999,9999,1,1
true,41,111,63,2,0,1,2940,0,407,2023,4,9,9,24,12,5,16,18,9,1,3,1,1,1,9,22,9,22,15,9,30,70,4,2,21,45,35,3,33,31,31,1,0,1,0,11,11,10,10,10,10,3,3,2,0,2,0,4,2,365700061,1400857372,36.950017,140.14927,1,3,9999,9999,1,5
true,41,111,64,2,0,1,30000,0,407,2023,4,11,5,55,11,5,13,18,11,1,2,1,13,7,0,0,0,0,3,4,20,70,5,4,41,65,0,4,75,31,0,1,0,1,0,11,0,10,0,10,0,2,0,1,0,2,0,2,0,370140199,1400158526,37.027833,140.032924,3,3,9999,0,9,0
true,41,111,65,2,0,1,40,700,213,2023,3,6,21,11,22,6,5,17,39,1,3,1,7,1,0,0,0,0,2,7,1,70,5,4,21,1,55,3,3,31,31,1,1,1,1,11,11,5,5,11,33,3,3,2,2,2,2,4,2,365241470,1395737681,36.878186,139.960467,2,3,9999,9999,1,9
true,41,111,66,2,0,1,30000,0,213,2023,4,1,7,59,12,5,28,18,2,1,3,1,14,7,0,0,0,0,1,9,1,70,5,2,21,35,35,3,3,31,31,1,1,1,1,11,11,4,4,10,30,3,3,2,2,1,1,4,2,365236577,1395738920,36.876827,139.960811,7,3,9999,9999,1,9
true,41,111,67,2,0,1,30000,0,213,2023,4,16,16,39,12,5,6,18,15,1,1,1,1,4,1,21,9,22,11,9,30,70,5,4,21,75,55,4,4,31,31,1,1,1,1,11,11,10,10,10,20,1,1,1,1,2,2,4,2,365303350,1395748794,36.884264,139.963554,1,3,705,9999,9,9
true,41,111,68,2,0,1,30000,0,213,2023,4,16,18,50,21,5,6,18,15,1,2,1,1,1,9,22,9,22,14,9,30,70,5,3,21,25,35,3,4,31,31,1,1,1,1,11,11,3,4,40,10,1,1,1,1,2,2,4,2,365703827,1395942475,36.951063,139.995132,1,3,9999,9999,1,5
true,41,111,69,2,0,1,30000,0,213,2023,4,5,8,4,12,5,22,18,6,1,2,1,1,7,1,21,9,22,11,9,30,70,5,4,21,55,45,3,3,31,31,1,1,1,1,11,11,10,10,10,40,3,3,2,2,2,2,4,2,365144287,1395738509,36.862302,139.960697,4,3,9999,9999,9,5
true,41,111,70,2,0,1,30000,0,213,2023,4,19,17,0,12,5,2,18,18,1,3,1,14,7,0,0,0,0,3,9,1,70,4,4,41,35,0,51,75,41,0,0,0,0,0,0,0,0,0,10,0,3,0,0,0,0,0,2,0,365202518,1400005810,36.867366,140.001614,4,3,0,0,0,0
true,41,111,71,2,0,1,30000,0,213,2023,4,20,10,30,12,5,1,18,19,1,1,1,1,7,9,22,0,0,11,6,30,70,5,2,41,75,0,51,76,41,0,0,0,0,0,0,0,0,0,40,0,3,0,0,0,0,0,2,0,365808681,1400231852,36.969078,140.042181,5,3,0,0,0,0
true,41,111,72,2,0,1,10550,0,213,2023,2,28,23,15,22,6,13,17,33,1,3,1,14,7,0,0,0,0,3,9,1,70,4,2,21,35,45,4,4,31,31,1,1,1,1,11,11,10,10,10,30,3,3,2,2,2,2,4,2,365545923,1400012816,36.929423,140.00356,3,3,9999,9999,9,9
true,41,111,73,2,0,1,30000,0,213,2023,4,20,16,38,12,5,1,18,19,1,3,1,14,7,0,0,0,0,2,9,1,70,5,2,41,75,0,51,75,41,0,0,0,0,0,0,0,0,0,40,0,3,0,0,0,0,0,2,0,365835094,1400348949,36.976415,140.063597,5,3,0,0,0,0
true,41,111,74,2,0,1,30000,0,213,2023,4,20,8,50,12,5,1,18,19,1,3,1,1,7,1,21,1,21,11,9,30,70,5,3,21,1,45,3,3,31,31,1,1,1,1,11,11,10,10,10,20,2,2,2,2,2,1,4,2,365158961,1395752686,36.866378,139.964635,5,3,9999,9999,1,9
true,41,111,75,2,0,1,20000,0,213,2023,4,28,8,53,12,4,51,18,25,1,3,1,1,1,9,22,9,22,15,9,30,70,4,4,21,75,45,3,13,31,31,1,11,1,1,11,11,4,5,10,40,2,2,2,2,2,2,4,2,370021953,1395826260,37.006098,139.973961,6,2,1023,9999,9,5
true,41,111,76,2,0,1,23030,0,213,2023,4,30,20,53,22,4,49,18,27,2,2,5,14,7,0,0,0,0,1,9,1,70,4,1,41,45,0,51,76,41,0,0,0,0,0,0,0,0,0,10,0,3,0,0,0,0,0,2,0,365700410,1400220404,36.950114,140.039001,1,3,0,0,0,0
true,41,112,41,2,0,1,10440,0,216,2023,1,9,14,0,12,6,53,16,42,1,3,1,1,7,1,21,9,22,15,9,30,70,4,4,21,45,55,3,3,31,31,1,1,1,1,11,11,10,4,60,10,2,2,2,2,2,2,4,2,362203644,1395334490,36.367679,139.892914,2,1,9999,9999,9,9
true,41,112,42,2,0,1,30000,0,216,2023,3,31,15,51,12,5,29,18,1,1,3,1,14,7,0,0,0,0,3,9,1,70,5,3,21,25,65,3,3,31,31,1,1,1,1,11,11,3,3,10,70,3,3,2,2,2,2,4,2,362600341,1395107927,36.433428,139.852202,6,3,9999,9999,1,9
true,41,112,43,1,1,1,41,861,216,2023,4,4,9,50,12,5,23,18,5,1,3,1,14,7,0,0,0,0,6,9,1,70,1,1,41,1,0,12,75,1,0,11,0,2,0,11,0,10,0,10,0,1,0,1,0,2,0,1,0,362358358,1395306896,36.399544,139.885249,3,3,9999,0,1,0
true,41,112,44,2,0,1,41,941,301,2023,4,4,2,40,22,5,23,18,5,1,2,1,1,1,9,22,9,22,19,9,30,70,1,1,21,55,35,11,3,1,31,11,1,2,1,11,11,10,10,10,40,2,2,2,1,2,2,4,2,362802215,1395434769,36.467282,139.909658,3,3,9999,9999,9,5
true,41,112,45,2,0,1,41,879,301,2023,4,5,13,31,12,5,22,18,6,1,3,1,14,7,0,0,0,0,4,9,1,70,1,2,21,35,35,3,4,31,31,1,1,1,1,1,11,5,5,10,30,3,3,2,2,2,2,4,2,362443484,1395349826,36.412079,139.897174,4,3,9999,9999,5,1
true,41,112,46,2,0,1,30000,0,216,2023,4,5,17,10,13,5,22,18,6,1,3,1,1,7,1,21,9,22,11,9,30,70,5,4,21,65,45,3,3,31,31,1,1,1,1,11,11,10,10,10,20,2,2,2,2,2,2,4,2,362314968,1394947881,36.387491,139.829967,4,3,9999,9999,9,1
true,41,112,47,2,0,1,30000,0,216,2023,4,16,15,40,12,5,6,18,15,1,3,1,14,7,0,0,0,0,2,9,1,70,5,4,1,45,1,3,61,31,0,1,0,1,0,11,0,1,0,0,0,3,0,2,0,2,0,4,2,362224226,1395233589,36.373396,139.875997,1,3,9999,0,1,0
true,41,113,25,2,0,2,30000,0,214,2023,3,31,20,16,22,5,29,18,1,1,3,1,14,7,0,0,0,0,3,9,1,70,5,2,21,1,45,3,3,31,31,1,1,1,1,11,11,3,3,50,50,2,2,2,2,2,2,4,2,364112379,1395804076,36.686772,139.967799,6,3,9999,9999,5,9
true,41,113,26,2,0,3,40,1290,214,2023,4,7,12,15,12,5,19,18,7,2,3,1,1,1,9,22,9,22,19,7,30,70,1,2,21,1,55,3,4,31,31,1,1,2,2,11,11,5,5,80,40,2,2,1,1,2,1,2,2,364251721,1395724844,36.714367,139.956901,6,3,9999,9999,1,9
true,41,113,27,2,0,1,10100,0,386,2023,3,31,6,10,11,5,29,18,1,4,2,1,1,7,9,22,9,22,14,9,30,70,1,2,21,45,45,12,4,31,31,11,1,2,1,11,11,5,5,60,80,3,3,2,2,2,2,4,2,363829861,1400005587,36.641628,140.001552,6,3,9999,9999,4,9
true,41,113,28,2,0,1,40,1256,214,2023,4,12,16,0,12,5,12,18,12,1,2,1,14,7,0,0,0,0,1,8,20,70,5,4,41,1,0,51,76,41,0,0,0,0,0,0,0,0,0,0,0,3,0,0,0,0,0,2,0,364107044,1395729722,36.68529,139.958256,4,3,0,0,0,0
true,41,113,29,2,0,1,10480,0,214,2023,4,13,10,13,12,5,10,18,12,1,2,1,1,7,9,22,9,22,15,9,30,70,5,2,21,45,35,3,34,31,31,1,0,1,0,11,11,3,4,80,10,1,2,2,0,2,0,4,2,364123190,1395809386,36.689775,139.969274,5,3,9999,9999,9,1
true,41,113,30,2,0,2,30000,0,386,2023,3,24,14,59,12,5,39,17,55,1,2,1,14,1,0,0,0,0,4,9,1,70,5,2,21,65,35,13,4,31,31,11,1,2,1,11,11,4,4,10,30,2,2,2,2,2,2,4,2,363950162,1395840768,36.663934,139.977991,6,3,9999,9999,9,1
true,41,113,31,2,0,1,40,1420,386,2023,4,14,16,20,12,5,9,18,13,1,3,1,14,7,0,0,0,0,4,9,1,70,1,2,21,1,45,4,4,31,31,1,1,2,1,11,11,5,5,10,30,3,3,2,2,2,2,4,2,363720150,1395828331,36.622264,139.974536,6,3,9999,9999,1,1
true,41,113,32,2,0,1,40,1180,386,2023,4,24,9,20,12,4,56,18,22,1,3,1,1,1,9,22,9,22,18,9,30,70,1,2,21,25,65,11,14,1,31,11,11,2,2,11,11,5,5,80,50,3,2,2,2,2,2,4,2,363718718,1395828214,36.621866,139.974504,2,3,9999,9999,1,9
true,41,113,33,2,0,1,40,1200,214,2023,3,5,10,53,12,6,7,17,38,1,2,1,1,7,1,21,9,22,17,9,30,70,1,2,21,25,55,4,35,31,31,1,0,1,0,11,11,5,5,50,10,3,2,2,0,2,0,4,2,364216582,1395731981,36.704606,139.958884,1,3,9999,9999,5,9
true,41,113,34,2,0,1,99000,0,214,2023,4,27,17,40,13,4,52,18,25,1,1,1,0,7,0,0,0,0,0,0,20,70,0,4,1,55,65,3,61,31,0,1,0,1,0,11,0,10,0,50,0,3,0,2,0,2,0,4,2,364123827,1395847744,36.689952,139.979929,5,3,9999,0,9,0
true,41,113,35,2,0,1,30000,0,386,2023,4,28,14,23,12,4,51,18,25,1,3,1,1,7,1,21,9,22,11,9,30,70,5,4,21,25,65,3,3,31,31,1,1,1,1,11,11,10,10,11,70,2,2,2,2,2,2,4,2,363927511,1395834964,36.657642,139.976379,6,2,9999,9999,1,9
true,41,113,36,2,0,1,10250,0,214,2023,4,28,11,15,12,4,51,18,25,1,3,1,14,7,0,0,0,0,3,9,1,70,4,2,21,75,75,17,23,31,0,11,0,1,0,11,11,4,4,10,30,3,2,2,0,2,0,4,2,364516463,1400119160,36.754573,140.021989,6,2,9999,142,9,9
true,41,114,20,2,0,1,30000,0,211,2023,4,5,16,35,12,5,22,18,6,2,3,1,1,1,8,22,0,0,15,9,30,70,5,2,1,55,25,4,61,31,0,1,0,1,0,1,0,10,0,10,0,2,0,2,0,2,0,4,2,364737676,1395624504,36.793799,139.94014,4,3,9999,0,9,0
true,41,114,21,2,0,1,30000,0,384,2023,4,6,8,0,12,5,20,18,6,2,3,1,1,7,9,22,9,22,11,9,30,70,5,4,21,35,45,4,14,31,31,1,11,1,1,11,11,4,4,80,60,3,2,2,2,2,2,4,2,364544406,1395240022,36.762335,139.877784,5,3,9999,9999,1,9
true,41,114,22,2,0,1,99000,0,211,2023,4,9,11,50,12,5,16,18,9,2,2,1,0,7,0,0,0,0,0,0,20,70,0,3,1,1,1,12,61,31,0,11,0,1,0,11,0,10,0,66,0,3,0,2,0,2,0,4,2,364749034,1395531177,36.796954,139.925327,1,3,9999,0,1,0
true,41,114,23,2,0,1,30000,0,211,2023,4,9,13,40,12,5,16,18,9,1,3,1,14,7,0,0,0,0,3,7,1,70,5,3,1,65,35,4,61,31,0,1,0,1,0,11,0,10,0,20,0,4,0,2,0,2,0,4,2,364557132,1395526465,36.76587,139.924018,1,3,9999,0,9,0
true,41,114,24,2,0,1,10770,0,384,2023,4,10,14,3,12,5,15,18,10,1,3,1,14,7,0,0,0,0,3,9,1,70,4,3,21,45,35,13,51,31,41,11,0,1,0,11,0,10,0,40,20,3,3,2,0,2,0,4,2,364505886,1394824001,36.751635,139.806667,2,3,9999,0,1,0
true,41,114,25,2,0,1,30000,0,384,2023,4,13,7,31,12,5,10,18,12,1,3,1,1,7,1,21,9,22,15,9,30,70,4,4,21,65,25,3,4,31,31,1,1,1,1,11,11,10,4,20,10,1,2,1,1,1,1,4,2,364358562,1395413961,36.732934,139.903878,5,3,9999,9999,1,1
true,41,114,26,2,0,1,4610,0,384,2023,4,15,20,0,22,5,8,18,14,3,3,2,1,1,9,22,0,0,15,9,30,70,5,2,1,75,45,3,61,31,0,1,0,1,0,11,0,4,0,10,0,3,0,2,0,2,0,4,2,364628067,1395120477,36.774463,139.855688,7,3,66,0,9,0
true,41,114,27,2,0,1,40,1321,211,2023,4,11,12,53,12,5,13,18,11,1,3,1,14,7,0,0,0,0,5,9,1,70,1,2,21,75,55,3,3,31,31,1,1,1,1,11,11,10,10,20,80,3,3,2,2,2,2,4,2,364428007,1395734798,36.741113,139.959666,3,3,676,9999,9,9
true,41,114,28,2,0,1,30000,0,211,2023,4,18,13,44,12,5,4,18,17,3,3,2,1,7,9,22,1,21,14,9,30,70,5,2,21,45,75,4,51,31,41,1,0,1,0,11,0,4,0,10,20,3,2,2,0,2,0,4,2,364813738,1395608725,36.803816,139.935757,3,3,9999,0,9,0
true,41,114,29,2,0,1,4610,0,384,2023,4,22,9,45,12,4,59,18,20,1,3,1,14,1,0,0,0,0,1,9,1,70,5,2,21,55,45,3,4,31,31,1,1,1,1,11,11,4,4,30,10,3,3,2,2,2,2,2,4,364601787,1395022600,36.767163,139.839611,7,3,9999,9999,9,9
true,41,114,30,1,1,0,10620,0,384,2023,4,24,6,0,12,4,56,18,22,1,3,1,1,7,1,21,0,0,14,9,30,70,1,4,41,25,0,3,75,31,0,1,0,2,0,11,0,5,0,0,0,1,0,2,0,2,0,1,0,364412037,1395011670,36.736677,139.836575,2,3,9999,0,1,0
true,41,114,31,2,0,3,10630,0,384,2023,4,25,6,32,12,4,55,18,23,1,2,1,1,1,9,22,9,22,17,9,30,70,5,2,21,45,55,3,4,31,31,1,1,1,1,11,11,4,4,81,51,2,2,1,1,2,2,4,2,364540493,1395140273,36.761248,139.861187,3,3,9999,9999,5,9
true,41,115,9,2,0,2,2940,0,215,2023,4,3,20,35,22,5,25,18,4,1,2,1,1,1,9,22,9,22,15,9,30,70,4,2,21,25,1,4,36,31,31,1,0,1,0,11,11,3,2,50,10,2,2,2,0,2,0,2,2,363918428,1400935359,36.655119,140.159822,2,3,9999,9999,1,5
true,41,115,10,2,0,1,99000,0,215,2023,4,1,19,10,22,5,28,18,2,1,2,1,0,7,0,0,0,0,0,0,20,70,0,4,21,65,25,3,3,31,31,1,1,1,1,11,11,10,10,70,20,3,3,2,2,2,2,4,2,363938894,1400928678,36.660804,140.157966,7,3,9999,9999,9,1
true,41,115,11,2,0,1,30000,0,215,2023,4,8,14,55,12,5,17,18,8,3,2,1,1,7,9,22,9,22,14,9,30,70,4,3,21,1,45,3,4,31,31,1,1,2,2,11,11,3,3,80,70,3,3,2,2,2,2,4,2,363922874,1400921686,36.656354,140.156024,7,3,9999,9999,1,9
true,41,115,12,2,0,1,30000,0,215,2023,4,17,19,0,21,5,5,18,16,2,2,1,1,1,9,22,0,0,15,9,30,70,4,3,1,45,1,4,61,31,0,1,0,1,0,11,0,3,0,50,0,3,0,2,0,2,0,4,2,363925452,1400907787,36.65707,140.152163,2,3,9999,0,9,0
true,41,116,8,2,0,1,1230,0,343,2023,4,16,13,55,12,5,6,18,15,2,3,1,14,7,0,0,0,0,4,9,1,70,4,2,21,25,35,3,33,31,31,1,0,1,0,11,11,4,4,26,44,3,3,2,0,2,0,4,2,363136404,1401144408,36.526779,140.195669,1,3,9999,9999,1,5
true,41,122,123,2,0,1,40,1122,201,2023,3,31,23,13,22,5,29,18,1,2,3,1,14,7,0,0,0,0,6,9,1,70,5,2,41,35,0,51,76,41,0,0,0,0,0,0,0,0,0,10,0,3,0,0,0,0,0,2,0,363515151,1395557324,36.587542,139.93259,6,3,0,0,0,0
true,41,122,124,2,0,1,10630,0,201,2023,3,24,15,0,12,5,39,17,55,2,3,1,14,7,0,0,0,0,3,9,1,70,5,2,41,65,0,3,75,31,0,1,0,1,0,11,0,4,0,85,0,2,0,2,0,2,0,4,0,363801450,1395612149,36.633736,139.936708,6,3,9999,0,9,0
true,41,122,125,2,0,1,40,1119,201,2023,4,3,16,50,12,5,25,18,4,1,3,1,1,1,9,22,0,0,18,9,30,70,4,2,41,55,0,51,76,41,0,0,0,0,0,0,0,0,0,20,0,3,0,0,0,0,0,2,0,363509856,1395549742,36.586071,139.930484,2,3,0,0,0,0
true,41,122,126,2,0,1,41,1067,201,2023,3,14,15,40,12,5,54,17,46,1,2,1,14,7,0,0,0,0,5,9,1,70,1,2,21,55,25,11,3,1,31,11,1,2,1,11,11,10,10,80,20,3,3,2,2,2,2,4,2,363427540,1395628268,36.574317,139.941186,3,3,9999,9999,9,1
true,41,122,127,2,0,2,10640,0,201,2023,3,26,18,40,21,5,36,17,57,3,2,2,1,1,9,22,9,22,15,9,30,70,4,2,21,1,45,3,4,31,31,1,1,1,1,11,11,10,10,10,50,3,3,2,2,2,2,2,4,363401180,1395900314,36.566994,139.983421,1,3,9999,9999,1,9
true,41,122,128,2,0,1,1230,0,201,2023,4,8,19,40,22,5,17,18,8,3,3,2,7,1,0,0,0,0,1,9,1,70,1,2,41,1,0,51,75,41,0,0,0,0,0,0,0,0,0,10,0,3,0,0,0,0,0,2,0,363155639,1395828758,36.532122,139.974655,7,3,0,0,0,0
true,41,122,129,2,0,1,40,1100,201,2023,3,31,23,15,22,5,29,18,1,1,1,1,14,1,0,0,0,0,4,9,1,70,5,2,21,55,35,3,13,31,31,1,11,1,1,11,11,4,4,30,0,2,3,2,2,2,1,2,4,363426414,1395459634,36.574004,139.916565,6,3,9999,9999,9,1
true,41,122,130,2,0,1,1230,0,201,2023,4,10,15,53,12,5,15,18,10,1,2,1,12,7,0,0,0,0,1,9,1,70,5,4,21,35,1,12,51,1,41,11,0,1,0,11,0,5,0,40,40,3,3,2,0,2,0,4,2,363230660,1395703298,36.54185,139.950916,2,3,9999,0,1,0
true,41,122,131,2,0,1,30000,0,201,2023,4,7,19,48,22,5,19,18,7,3,3,2,1,1,9,22,0,0,19,9,30,70,1,1,1,55,25,1,61,1,0,1,0,1,0,11,0,10,0,50,0,3,0,2,0,2,0,4,2,363316477,1395857421,36.554577,139.982617,6,3,9999,0,9,0
true,41,122,132,2,0,1,40,1130,201,2023,4,10,7,25,12,5,15,18,10,1,3,1,14,7,0,0,0,0,5,9,1,70,1,1,21,65,25,3,4,31,31,1,1,1,1,11,11,5,5,10,30,3,3,2,2,2,2,4,2,363535375,1395626046,36.59316,139.940568,2,3,9999,9999,9,1
true,41,122,133,2,0,1,30000,0,201,2023,3,26,19,14,22,5,36,17,57,3,2,2,1,1,9,22,0,0,15,9,30,70,4,2,1,45,1,3,61,31,0,1,0,1,0,11,0,4,0,50,0,3,0,2,0,2,0,4,2,363241723,1395506632,36.544923,139.918509,1,3,9999,0,9,0
true,41,122,134,2,0,1,10640,0,201,2023,4,7,17,54,13,5,19,18,7,2,3,1,1,1,9,22,9,22,17,9,30,70,1,2,21,25,55,3,51,31,41,1,0,1,0,11,0,4,0,80,10,3,3,2,0,2,0,4,2,363333883,1395650636,36.559412,139.947399,6,3,9999,0,1,0
true,41,122,135,2,0,1,30000,0,201,2023,4,7,19,18,22,5,19,18,7,3,2,2,14,7,0,0,0,0,3,9,1,70,4,2,21,35,1,3,13,31,31,1,11,1,1,11,11,3,3,30,10,3,3,2,2,2,2,2,4,363324631,1395412208,36.556842,139.903391,6,3,9999,9999,5,5
true,41,122,136,2,0,2,10640,0,201,2022,9,28,18,54,22,5,33,17,29,2,1,1,1,1,9,22,9,22,19,9,30,70,4,2,21,55,55,3,4,31,31,1,1,1,1,11,11,4,4,40,10,3,3,2,2,2,2,2,4,363325312,1395546474,36.557031,139.929576,4,3,9999,9999,9,9
true,41,122,137,2,0,1,30000,0,201,2023,4,11,18,5,13,5,13,18,11,1,2,1,14,7,0,0,0,0,2,9,1,70,4,2,21,55,35,13,4,31,31,11,1,1,1,11,11,4,4,10,20,2,2,2,2,2,2,4,2,363751154,1395611162,36.630876,139.936434,3,3,9999,9999,9,1
true,41,122,138,2,0,1,2930,0,201,2023,4,13,11,10,12,5,10,18,12,1,3,1,14,7,0,0,0,0,3,9,1,70,4,2,21,45,45,3,13,31,31,1,11,1,1,11,11,4,4,30,10,1,2,2,2,2,2,2,4,364101082,1395432083,36.683634,139.908912,5,3,9999,9999,1,9
true,41,122,139,2,0,1,30000,0,201,2023,4,13,19,30,22,5,10,18,12,1,2,1,1,7,8,22,8,22,14,9,30,70,1,2,21,25,35,4,51,31,41,1,0,1,0,11,0,10,0,50,10,3,3,2,0,2,0,4,2,363233878,1395502186,36.542744,139.917274,5,3,9999,0,5,0
true,41,122,140,2,0,1,10640,0,201,2023,4,10,12,45,12,5,15,18,10,1,3,1,12,7,0,0,0,0,1,8,1,70,1,4,21,45,1,3,4,31,31,1,1,1,1,11,11,5,5,30,10,3,3,2,2,2,2,2,4,363400080,1395817717,36.566689,139.971588,2,3,9999,9999,9,1
true,41,122,141,2,0,1,30000,0,201,2023,4,14,16,32,12,5,9,18,13,2,2,1,1,7,1,21,9,22,15,9,30,70,4,3,21,55,75,14,52,31,41,11,0,1,0,11,0,3,0,10,20,3,3,2,0,2,0,4,2,363334196,1395537160,36.559499,139.926989,6,3,9999,0,9,0
true,41,122,142,2,0,1,10690,0,201,2023,4,13,13,57,12,5,10,18,12,1,3,1,14,7,0,0,0,0,4,9,1,70,1,2,21,45,25,3,3,31,31,1,1,1,1,11,11,4,4,10,30,2,2,2,2,2,2,4,2,363404037,1395934994,36.567788,139.993054,5,3,9999,9999,5,1
true,41,122,143,2,0,1,20000,0,201,2023,4,18,18,14,13,5,4,18,17,2,2,1,14,7,0,0,0,0,4,9,1,70,5,2,21,25,45,4,35,31,31,1,0,1,0,11,11,4,4,80,10,3,3,2,0,2,0,4,2,363308579,1395524726,36.552383,139.923535,3,3,9999,9999,1,9
true,41,122,144,2,0,1,30000,0,201,2023,4,13,16,5,12,5,10,18,12,1,2,1,1,1,9,22,9,22,15,9,30,70,4,2,21,35,65,3,51,31,41,1,0,1,0,11,0,3,0,40,10,3,3,2,0,2,0,4,2,363419884,1395438401,36.57219,139.910667,5,3,9999,0,1,0
true,41,122,145,2,0,1,10640,0,201,2023,4,21,6,56,12,5,0,18,19,2,3,1,1,1,9,22,9,22,18,9,30,70,1,2,21,65,1,3,4,31,31,1,1,1,1,11,11,10,10,50,80,1,1,1,1,2,2,2,4,363454473,1395854689,36.581798,139.981858,6,3,9999,9999,9,1
true,41,122,146,2,0,1,99000,0,201,2023,4,21,11,40,12,5,0,18,19,1,1,1,0,7,0,0,0,0,0,0,20,70,0,4,41,65,0,51,75,41,0,0,0,0,0,0,0,0,0,20,0,3,0,0,0,0,0,2,0,363241968,1395348934,36.544991,139.896926,6,3,0,0,0,0
true,41,122,147,2,0,1,30000,0,201,2023,4,22,12,25,12,4,59,18,20,1,3,1,13,7,0,0,0,0,3,2,1,70,4,2,41,65,0,51,76,41,0,0,0,0,0,0,0,0,0,40,0,3,0,0,0,0,0,2,0,363349712,1395835814,36.563809,139.976615,7,3,0,0,0,0
true,41,122,148,2,0,1,30000,0,201,2023,4,22,22,38,22,4,59,18,20,1,1,1,1,7,9,22,0,0,18,9,30,70,4,3,1,35,55,3,61,31,0,1,0,1,0,1,0,4,0,10,0,3,0,2,0,2,0,4,2,363327850,1395412629,36.557736,139.903508,7,3,9999,0,1,0
true,41,122,149,2,0,1,10640,0,201,2023,4,19,17,45,13,5,2,18,18,1,3,1,1,1,9,22,0,0,18,8,30,70,4,2,41,45,0,51,76,41,0,0,0,0,0,0,0,0,0,40,0,3,0,0,0,0,0,2,0,363356167,1395830468,36.565602,139.97513,4,3,0,0,0,0