資料区分,都道府県コード,警察署等コード,本票番号,事故内容,死者数,負傷者数,路線コード,地点コード,市区町村コード,発生日時　　年,発生日時　　月,発生日時　　日,発生日時　　時,発生日時　　分,昼夜,日の出時刻　　時,日の出時刻　　分,日の入り時刻　　時,日の入り時刻　　分,天候,地形,路面状態,道路形状,信号機,一時停止規制　標識（当事者A）,一時停止規制　表示（当事者A）,一時停止規制　標識（当事者B）,一時停止規制　表示（当事者B）,車道幅員,道路線形,衝突地点,ゾーン規制,中央分離帯施設等,歩車道区分,事故類型,年齢（当事者A）,年齢（当事者B）,当事者種別（当事者A）,当事者種別（当事者B）,用途別（当事者A）,用途別（当事者B）,車両形状等（当事者A）,車両形状等（当事者B）,オートマチック車（当事者A）,オートマチック車（当事者B）,サポカー（当事者A）,サポカー（当事者B）,速度規制（指定のみ）（当事者A）,速度規制（指定のみ）（当事者B）,車両の衝突部位（当事者A）,車両の衝突部位（当事者B）,車両の損壊程度（当事者A）,車両の損壊程度（当事者B）,エアバッグの装備（当事者A）,エアバッグの装備（当事者B）,サイドエアバッグの装備（当事者A）,サイドエアバッグの装備（当事者B）,人身損傷程度（当事者A）,人身損傷程度（当事者B）,地点　緯度（北緯）,地点　経度（東経）,地点　緯度（北緯）_1,地点　経度（東経）_1,曜日(発生年月日),祝日(発生年月日),認知機能検査経過日数（当事者A）,認知機能検査経過日数（当事者B）,運転練習の方法（当事者A）,運転練習の方法（当事者B）
true,41,122,150,2,0,1,30000,0,201,2023,4,25,15,58,12,4,55,18,23,2,3,1,1,7,9,22,0,0,11,9,30,70,5,2,1,75,75,4,61,31,0,1,0,1,0,11,0,10,0,80,0,3,0,2,0,2,0,4,2,363639442,1395607699,36.610956,139.935472,3,3,9999,0,9,0
true,41,122,151,2,0,1,30000,0,201,2023,4,25,18,30,21,4,55,18,23,1,3,1,1,7,9,22,0,0,11,9,30,70,5,4,41,1,0,51,76,41,0,0,0,0,0,0,0,0,0,40,0,3,0,0,0,0,0,2,0,363408638,1395927899,36.569066,139.991083,3,3,0,0,0,0
true,41,122,152,2,0,1,30000,0,201,2023,4,28,3,30,22,4,51,18,25,1,1,1,1,7,9,22,0,0,11,7,30,70,5,4,41,55,0,36,75,31,0,0,0,0,0,11,0,10,0,10,0,3,0,0,0,0,0,2,0,363501860,1395610111,36.58385,139.936142,6,2,9999,0,9,0
true,41,122,153,2,0,1,30000,0,201,2023,4,28,7,50,12,4,51,18,25,1,1,1,1,7,1,21,9,22,11,9,30,70,5,3,21,25,1,4,51,31,41,1,0,1,0,11,0,2,0,10,40,3,3,2,0,2,0,4,2,363426742,1395525525,36.574095,139.923757,6,2,9999,0,1,0
true,41,122,154,2,0,1,21580,0,201,2023,4,18,18,35,21,5,4,18,17,3,1,2,1,7,1,22,9,22,14,3,30,70,5,2,21,65,25,3,4,31,31,1,1,1,1,11,11,4,4,20,50,2,2,2,2,2,2,4,2,363546406,1395713723,36.596224,139.953812,3,3,9999,9999,9,1
true,41,123,87,2,0,1,10350,0,201,2023,3,25,12,10,12,5,38,17,56,3,1,2,7,1,0,0,0,0,3,9,1,70,4,2,21,75,45,4,4,31,31,1,1,1,1,11,11,4,4,10,30,3,3,2,2,2,2,4,2,363005040,1395349038,36.5014,139.896955,7,3,366,9999,9,9
true,41,123,88,2,0,1,99000,0,201,2023,3,29,8,15,12,5,32,17,59,1,2,1,0,7,0,0,0,0,0,0,20,70,0,4,21,35,25,3,3,31,31,1,1,1,1,11,11,10,10,50,70,3,3,2,2,2,2,4,2,363121472,1395241128,36.522631,139.878091,4,3,9999,9999,1,1
true,41,123,89,2,0,1,10350,0,201,2023,4,5,13,53,12,5,22,18,6,1,1,1,7,7,0,0,0,0,4,9,1,70,5,2,21,55,1,3,51,31,41,1,0,1,0,11,0,10,0,80,14,3,3,2,0,2,0,4,2,362921167,1395352915,36.489213,139.898032,4,3,9999,0,9,0
true,41,123,90,2,0,1,40,987,201,2022,12,23,14,26,12,6,49,16,29,1,1,1,1,7,9,22,1,21,14,9,30,70,5,2,21,1,25,3,4,31,31,1,1,1,1,11,11,4,10,60,80,2,2,2,2,2,2,2,4,362914150,1395219834,36.487264,139.872176,6,3,9999,9999,1,1
true,41,123,91,2,0,1,30000,0,201,2023,4,6,14,20,12,5,20,18,6,1,1,1,7,1,0,0,0,0,3,9,1,70,4,2,21,35,35,3,3,31,31,1,1,1,1,11,11,2,2,10,30,3,3,2,2,2,2,4,2,362922978,1395257774,36.489716,139.882715,5,3,9999,9999,1,1
true,41,123,92,2,0,1,30000,0,201,2023,3,27,18,20,21,5,35,17,58,2,1,1,1,7,9,22,9,22,14,9,30,70,5,4,21,1,25,4,4,31,31,1,1,1,1,11,11,10,10,80,70,3,3,2,2,2,2,4,2,363215418,1395419685,36.537616,139.905468,2,3,9999,9999,1,1
true,41,123,93,2,0,2,30000,0,201,2023,4,8,11,52,12,5,17,18,8,3,2,2,14,7,0,0,0,0,3,9,1,70,4,2,21,25,1,17,4,31,31,11,1,1,1,11,11,10,10,30,10,3,2,2,2,2,2,2,4,362949168,1395616858,36.496991,139.938016,7,3,9999,9999,4,1
true,41,123,94,2,0,1,10020,0,201,2023,4,10,6,0,11,5,15,18,10,1,3,1,14,7,0,0,0,0,1,9,1,70,1,2,21,1,1,3,4,31,31,1,1,1,1,11,11,10,10,10,70,2,2,1,2,2,2,4,2,363016034,1395001464,36.504454,139.83374,2,3,9999,9999,1,5
true,41,123,95,2,0,2,30000,0,201,2023,4,13,6,49,12,5,10,18,12,1,1,1,1,7,1,21,9,22,15,9,30,70,4,2,21,1,65,3,3,31,31,1,1,1,1,11,11,10,3,50,46,3,2,2,1,2,2,4,2,363204132,1395446127,36.534481,139.912813,5,3,9999,9999,1,9
true,41,123,96,2,0,1,10030,0,201,2023,4,14,18,59,21,5,9,18,13,1,2,1,14,7,0,0,0,0,4,9,1,70,1,2,1,1,75,3,61,31,0,1,0,1,0,11,0,10,0,10,0,2,0,2,0,2,0,4,2,363144330,1395052605,36.528981,139.847946,6,3,9999,0,1,0
true,41,123,97,2,0,1,30000,0,201,2023,4,17,7,8,12,5,5,18,16,1,1,1,1,7,9,22,1,21,15,9,30,70,4,4,21,45,1,3,51,31,41,1,0,1,0,11,0,2,0,10,40,3,2,2,0,2,0,4,2,363113948,1395201067,36.520541,139.866963,2,3,9999,0,9,0
true,41,123,98,2,0,1,30000,0,201,2023,4,17,10,11,12,5,5,18,16,2,1,1,14,7,0,0,0,0,4,9,1,70,5,2,41,75,0,51,76,41,0,0,0,0,0,0,0,0,0,40,0,3,0,0,0,0,0,2,0,363153083,1395219614,36.531412,139.872115,2,3,0,0,0,0
true,41,123,99,2,0,1,40,985,201,2023,4,10,0,10,22,5,15,18,10,1,2,1,7,1,0,0,0,0,3,9,1,70,4,2,21,65,25,3,4,31,31,1,1,1,1,11,11,4,4,30,10,2,2,2,1,2,2,2,4,362904952,1395219211,36.484709,139.872003,2,3,9999,9999,9,9
true,41,123,100,2,0,1,10350,0,201,2023,4,11,7,15,12,5,13,18,11,1,1,1,14,7,0,0,0,0,3,9,1,70,4,2,21,45,45,11,14,1,31,11,11,2,1,11,11,10,4,10,80,4,3,2,2,2,2,4,2,362955864,1395349236,36.498851,139.89701,3,3,9999,9999,9,9
true,41,123,101,2,0,2,30000,0,201,2023,4,19,12,46,12,5,2,18,18,1,2,1,7,7,0,0,0,0,3,9,1,70,4,1,21,45,25,3,14,31,31,1,11,1,1,11,11,3,3,31,10,3,2,2,2,2,2,2,4,363157216,1395151638,36.53256,139.864344,4,3,9999,9999,1,1
true,41,123,102,2,0,1,30000,0,201,2023,4,20,7,8,12,5,1,18,19,1,2,1,14,1,0,0,0,0,5,9,1,70,1,2,21,25,45,3,14,31,31,1,11,1,1,11,11,3,3,10,30,3,3,2,2,2,2,4,2,363200848,1395223617,36.533569,139.873227,5,3,9999,9999,5,4
true,41,123,103,2,0,1,99000,0,201,2023,4,24,14,40,12,4,56,18,22,2,1,5,0,7,0,0,0,0,0,0,20,70,0,4,41,75,0,52,76,41,0,0,0,0,0,0,0,0,0,40,0,3,0,0,0,0,0,2,0,363036320,1395509062,36.510089,139.919184,2,3,0,0,0,0
true,41,123,104,2,0,1,30000,0,201,2023,4,20,14,41,12,5,1,18,19,1,2,1,14,7,0,0,0,0,2,9,1,70,5,3,21,65,35,3,3,31,31,1,1,1,1,11,11,2,2,10,10,3,3,2,2,2,2,4,2,362939736,1395147797,36.494371,139.863277,5,3,9999,9999,4,5
true,41,123,105,2,0,1,10350,0,201,2023,4,25,19,25,22,4,55,18,23,2,3,1,1,1,9,22,9,22,18,9,30,70,1,2,21,45,25,13,51,31,41,11,0,1,0,11,0,10,0,40,12,3,2,2,0,2,0,4,2,363208124,1395321955,36.53559,139.889432,3,3,9999,0,1,0
true,41,123,106,2,0,1,40,1000,201,2023,4,26,10,26,12,4,54,18,24,3,2,2,1,1,9,22,0,0,15,9,30,70,4,2,1,55,65,4,61,31,0,1,0,1,0,11,0,3,0,80,0,3,0,2,0,2,0,4,2,362856903,1395218894,36.482473,139.871915,4,3,9999,0,9,0
true,41,123,107,2,0,1,10030,0,201,2023,3,29,12,55,12,5,32,17,59,1,2,1,14,7,0,0,0,0,3,9,1,70,5,2,21,65,65,3,51,31,41,1,0,1,0,11,0,10,0,80,10,3,3,2,0,2,0,4,2,363146136,1395053572,36.529482,139.848214,4,3,9999,0,9,0
true,41,123,108,2,0,1,30000,0,201,2023,4,27,21,28,22,4,52,18,25,1,2,1,7,7,0,0,0,0,3,9,1,70,5,4,1,55,55,51,61,41,0,0,0,0,0,0,0,0,0,10,0,3,0,0,0,0,0,4,2,363154368,1395139949,36.531769,139.861097,5,3,0,0,0,0
true,41,123,109,2,0,1,10020,0,201,2023,4,29,19,31,22,4,50,18,26,2,1,1,14,7,0,0,0,0,5,9,1,70,4,2,1,35,45,3,61,31,0,1,0,1,0,11,0,4,0,10,0,2,0,2,0,2,0,4,2,363151874,1395121168,36.531076,139.85588,7,1,9999,0,1,0
true,41,59,12,2,0,1,41010,627,203,2023,5,3,6,44,12,4,46,18,30,1,3,1,14,7,0,0,0,0,5,9,1,70,1,3,41,45,0,31,76,31,0,0,0,0,0,11,0,8,0,40,0,3,0,0,0,0,0,2,0,362111704,1393732236,36.353251,139.625621,4,1,9999,0,9,0
true,41,59,13,2,0,1,41020,1126,201,2023,5,20,9,52,12,4,30,18,44,1,3,1,14,7,0,0,0,0,2,9,1,70,1,4,21,35,45,2,13,31,31,1,11,1,1,11,11,10,10,70,50,3,1,2,2,2,2,4,4,364215797,1395404021,36.704388,139.901117,7,3,9999,9999,5,9
true,41,59,14,2,0,2,41020,940,201,2023,5,22,5,40,12,4,29,18,46,1,3,1,14,7,0,0,0,0,2,9,1,70,1,4,21,65,45,3,13,31,31,1,11,1,2,11,11,8,8,51,86,1,2,1,2,2,2,2,4,363347866,1394901880,36.563296,139.817189,2,3,9999,9999,9,5
true,41,101,127,2,0,1,30000,0,201,2023,4,26,10,23,12,4,54,18,24,3,1,1,14,7,0,0,0,0,2,9,1,70,5,4,21,45,35,3,14,31,1,1,11,1,1,1,1,10,10,81,60,3,3,2,2,2,2,4,2,363319865,1395217400,36.555518,139.8715,4,3,9999,9999,1,5
true,41,101,128,2,0,1,1190,0,201,2023,5,2,13,59,12,4,47,18,29,1,1,1,7,1,0,0,0,0,2,9,1,70,5,2,21,45,35,12,3,1,31,11,1,1,1,1,1,10,10,30,30,4,3,2,2,2,2,4,2,363902333,1395037954,36.650648,139.843876,3,2,9999,9999,1,5
true,41,101,129,2,0,1,30000,0,201,2023,4,28,19,5,21,4,51,18,25,1,1,1,1,7,9,22,9,22,14,9,30,70,4,2,21,65,35,4,34,31,31,1,0,1,0,11,11,3,3,0,0,4,3,2,0,2,0,4,2,363421997,1395324292,36.572777,139.890081,6,2,9999,9999,9,1
true,41,101,130,2,0,1,10030,0,201,2023,5,2,16,0,12,4,47,18,29,1,1,1,14,7,0,0,0,0,1,9,1,70,5,2,21,25,45,4,4,31,31,1,1,1,1,11,11,10,10,10,30,3,3,2,2,2,2,4,2,363301109,1395057430,36.550308,139.849286,3,2,9999,9999,1,1
true,41,101,131,2,0,1,10350,0,201,2023,5,9,18,55,21,4,39,18,35,1,1,1,1,7,2,21,9,22,11,9,30,70,5,2,21,55,1,4,51,31,41,1,0,1,0,0,0,1,0,50,10,3,3,2,0,2,0,4,2,363327266,1395316807,36.557574,139.888002,3,3,9999,0,1,0
true,41,101,132,2,0,1,30040,0,201,2023,4,22,7,58,12,4,59,18,20,1,3,1,1,1,9,22,9,22,14,9,30,70,4,2,21,1,55,3,3,31,1,1,1,1,1,11,11,4,4,0,30,3,3,1,2,2,2,4,2,363303831,1395314638,36.551064,139.887399,7,3,9999,9999,1,9
true,41,101,133,2,0,1,10060,0,201,2023,4,27,8,44,12,4,52,18,25,1,2,1,14,7,0,0,0,0,3,9,1,70,1,2,21,65,55,17,3,1,31,11,1,1,1,0,0,4,4,10,30,3,3,2,2,2,2,4,2,363251594,1394957403,36.547665,139.832612,5,3,9999,9999,9,9
true,41,101,134,2,0,1,10030,0,201,2023,5,12,16,1,12,4,37,18,38,2,3,1,1,1,9,22,9,22,17,9,30,70,5,2,21,75,1,4,51,31,41,1,0,1,0,11,0,4,0,20,10,3,3,2,0,2,0,4,2,363438474,1395058358,36.577354,139.849544,6,3,970,0,9,0
true,41,101,135,2,0,1,1190,0,201,2023,5,13,18,22,13,4,36,18,38,3,1,2,14,7,0,0,0,0,3,9,1,70,4,2,41,35,0,52,76,41,0,0,0,0,0,0,0,0,0,40,0,3,0,0,0,0,0,2,0,363326903,1395246369,36.557473,139.879547,7,3,0,0,0,0
true,41,101,136,2,0,1,30000,0,201,2023,5,16,16,22,12,4,33,18,41,1,3,1,1,1,9,22,9,22,14,9,30,70,5,3,21,55,1,4,51,31,41,1,0,1,0,11,0,2,0,0,20,3,3,2,0,2,0,4,2,363533382,1395124761,36.592606,139.856878,3,3,9999,0,9,0
true,41,101,137,2,0,1,1190,0,201,2023,2,9,15,17,12,6,36,17,14,1,3,1,1,1,9,22,9,22,14,9,30,70,4,2,21,65,75,4,4,31,31,1,1,1,2,11,11,4,4,10,30,3,3,2,2,2,2,4,2,363647099,1395115134,36.613083,139.854204,5,3,9999,755,9,9
true,41,101,138,2,0,1,30000,0,201,2023,4,26,7,40,12,4,54,18,24,3,2,2,1,7,1,21,9,22,11,9,30,70,5,3,21,35,35,3,3,31,31,1,1,1,1,11,11,5,2,80,50,3,3,2,2,2,2,4,2,363553002,1395317930,36.598056,139.888314,4,3,9999,9999,1,1
true,41,101,139,1,1,0,30000,0,201,2023,5,21,1,9,22,4,30,18,45,1,2,1,14,7,0,0,0,0,3,9,1,70,4,2,1,45,65,3,61,31,0,1,0,1,0,11,0,3,0,10,0,3,0,2,0,2,0,4,1,363430929,1395150321,36.575258,139.863978,1,3,9999,0,9,0
true,41,101,140,2,0,2,1190,0,201,2023,5,16,15,45,12,4,33,18,41,1,3,1,14,7,0,0,0,0,4,9,1,70,2,3,21,35,1,4,4,31,31,1,1,1,1,11,11,3,3,10,31,2,3,2,2,2,2,4,2,363429344,1395215488,36.574818,139.870969,3,3,9999,9999,1,1
true,41,101,141,2,0,1,10640,0,201,2023,5,23,8,48,12,4,28,18,47,3,1,2,14,7,0,0,0,0,1,9,1,70,5,2,41,55,0,51,76,41,0,0,0,0,0,0,0,0,0,10,0,3,0,0,0,0,0,2,0,363351149,1395317169,36.564208,139.888103,3,3,0,0,0,0
true,41,101,142,2,0,1,10350,0,201,2023,5,24,17,20,12,4,28,18,47,1,1,1,1,7,9,22,0,0,14,9,30,70,5,1,41,75,0,51,76,41,0,0,0,0,0,0,0,0,0,20,0,3,0,0,0,0,0,2,0,363316783,1395316688,36.554662,139.887969,4,3,0,0,0,0
true,41,101,143,2,0,1,30000,0,201,2023,5,23,17,30,12,4,28,18,47,3,2,2,1,7,9,22,9,22,11,9,30,70,5,4,21,65,25,3,51,31,41,1,0,1,0,11,0,2,0,50,40,3,3,2,0,2,0,4,2,363418070,1395207615,36.571686,139.868782,3,3,9999,0,9,0
true,41,101,144,2,0,2,30000,0,201,2023,4,8,12,2,12,5,17,18,8,1,3,1,1,1,9,22,9,22,14,9,30,70,4,2,21,75,25,3,4,31,31,1,1,1,1,11,11,3,2,0,0,4,4,2,2,2,2,4,2,363357146,1395017459,36.565874,139.838183,7,3,614,9999,9,1
true,41,101,145,2,0,1,1190,0,201,2023,5,20,13,5,12,4,30,18,44,1,3,1,14,7,0,0,0,0,3,9,1,70,4,2,21,55,75,4,4,31,31,1,1,1,1,11,11,4,3,10,30,3,3,2,2,2,2,4,2,363958972,1394955332,36.666381,139.832037,7,3,9999,9999,9,9
true,41,101,146,2,0,1,20000,0,201,2023,5,28,10,35,12,4,25,18,50,2,2,1,1,7,9,22,0,0,15,9,30,70,4,2,41,1,0,51,75,41,0,0,0,0,0,0,0,0,0,10,0,3,0,0,0,0,0,2,0,363531045,1395207302,36.591957,139.868695,1,3,0,0,0,0
true,41,101,147,2,0,1,30000,0,201,2023,5,23,9,24,12,4,28,18,47,3,2,2,1,7,1,21,9,22,11,9,30,70,5,4,21,45,45,4,4,31,31,1,1,1,1,11,11,10,10,80,80,3,3,2,2,2,2,4,2,363337084,1395117910,36.560301,139.854975,3,3,9999,9999,9,1
true,41,101,148,2,0,1,30000,0,201,2022,12,27,15,34,13,6,51,16,32,1,1,1,1,7,1,21,9,22,11,9,30,70,5,4,21,35,45,3,4,31,31,1,1,1,1,1,1,10,10,10,70,3,3,2,2,2,2,4,2,363515799,1395322463,36.587722,139.889573,3,3,9999,9999,5,1
true,41,101,149,2,0,1,30000,0,201,2023,5,18,22,33,22,4,32,18,43,1,1,1,14,7,0,0,0,0,3,9,20,70,5,4,1,35,45,3,61,31,0,1,0,1,0,1,0,10,0,80,0,3,0,2,0,2,0,4,2,363520238,1395121596,36.588955,139.855999,5,3,9999,0,1,0
true,41,102,109,2,0,1,21530,0,203,2023,4,7,18,30,21,5,19,18,7,3,2,2,13,7,0,0,0,0,4,3,1,70,5,2,21,65,35,3,3,31,31,1,1,1,1,11,11,3,3,50,30,3,3,2,2,2,2,4,2,362219247,1394402342,36.372013,139.733984,6,3,9999,9999,9,1
true,41,102,110,2,0,1,10110,0,203,2023,5,1,16,10,12,4,48,18,28,1,3,1,14,7,0,0,0,0,4,9,1,70,5,2,41,55,0,51,75,41,0,0,0,0,0,0,0,0,0,40,0,3,0,0,0,0,0,2,0,361959118,1394136624,36.333088,139.693507,2,3,0,0,0,0
true,41,102,111,2,0,2,21530,0,203,2023,4,17,8,2,12,5,5,18,16,1,3,1,1,2,1,21,1,21,15,9,30,70,4,2,21,35,25,4,4,31,31,1,1,1,1,11,11,1,4,80,50,3,3,2,2,2,2,2,2,362055900,1394409845,36.348861,139.736068,2,3,9999,9999,1,1
true,41,102,112,2,0,1,23090,0,203,2023,5,1,21,25,22,4,48,18,28,2,3,2,14,7,0,0,0,0,5,9,1,70,1,2,41,55,0,51,76,41,0,0,0,0,0,0,0,0,0,10,0,3,0,0,0,0,0,2,0,362330062,1394323966,36.391684,139.723324,2,3,0,0,0,0
true,41,102,113,2,0,1,30000,0,203,2023,5,2,19,25,21,4,47,18,29,1,3,1,1,7,9,22,0,0,11,9,30,70,5,4,41,25,0,51,76,41,0,0,0,0,0,0,0,0,0,22,0,3,0,0,0,0,0,2,0,361959138,1394203546,36.333094,139.700985,3,2,0,0,0,0
true,41,102,114,2,0,1,10020,0,203,2023,4,27,17,20,12,4,52,18,25,1,2,1,14,7,0,0,0,0,4,9,1,70,4,2,21,45,1,3,51,31,41,1,0,1,0,11,0,10,0,10,20,3,3,2,0,2,0,4,2,362339056,1394450959,36.394182,139.747489,5,3,9999,0,1,0
true,41,102,115,2,0,2,22210,0,361,2023,5,3,12,34,12,4,46,18,30,1,3,1,14,7,0,0,0,0,2,9,1,70,4,2,21,65,55,4,4,31,31,1,1,1,1,11,11,4,4,10,30,3,3,2,2,2,2,4,2,362643854,1394653562,36.445515,139.781545,4,1,9999,9999,9,9
true,41,102,116,2,0,1,30000,0,203,2023,5,8,7,30,12,4,40,18,34,3,3,2,1,7,9,22,9,22,11,3,30,70,5,4,21,45,1,4,4,31,31,1,1,1,1,11,11,10,10,30,20,3,3,2,2,2,2,4,2,362322841,1394454046,36.389678,139.748346,2,3,9999,9999,1,1
true,41,102,117,2,0,1,30000,0,361,2023,5,8,8,30,12,4,40,18,34,1,1,1,1,7,9,22,9,22,14,9,30,70,5,2,21,25,1,3,51,31,41,1,0,1,0,11,0,10,0,50,0,3,3,2,0,2,0,4,2,362802723,1395001273,36.467423,139.833687,2,3,9999,0,1,0
true,41,102,118,2,0,1,30000,0,203,2023,5,9,7,35,12,4,39,18,35,1,3,1,1,7,1,22,9,22,14,9,30,70,5,2,21,35,45,4,51,31,41,1,0,1,0,11,0,10,0,10,20,3,4,2,0,2,0,4,2,361856203,1394226748,36.315612,139.70743,3,3,9999,0,1,0
true,41,102,119,2,0,1,30000,0,203,2023,5,1,14,41,12,4,48,18,28,1,2,1,1,1,9,22,9,22,15,9,30,70,5,3,21,35,45,3,3,31,31,1,1,1,1,11,11,3,3,10,30,3,3,2,2,2,2,4,2,362228477,1394442418,36.374577,139.745116,2,3,9999,9999,5,9
true,41,102,120,2,0,1,10750,0,203,2023,5,10,16,1,12,4,38,18,36,1,3,1,13,7,0,0,0,0,3,6,1,70,5,2,41,25,0,33,76,31,0,0,0,0,0,11,0,10,0,20,0,3,0,0,0,0,0,2,0,362220042,1393921852,36.372234,139.65607,4,3,9999,0,1,0
true,41,102,121,2,0,1,22520,0,203,2023,4,26,12,2,12,4,54,18,24,3,3,2,14,7,0,0,0,0,3,9,1,70,5,2,21,35,0,3,0,31,0,1,0,1,0,11,0,4,0,0,0,2,0,2,0,2,0,2,0,361954815,1394249154,36.331893,139.713654,4,3,9999,0,1,0
true,41,102,122,2,0,1,3520,0,361,2023,5,12,16,22,12,4,37,18,38,1,3,1,14,7,0,0,0,0,4,9,1,70,5,3,21,65,75,3,3,31,31,1,1,1,1,0,0,4,4,10,30,3,3,2,2,2,2,4,2,362551686,1394931537,36.431024,139.825427,6,3,9999,9999,9,9
true,41,102,123,2,0,1,30000,0,203,2023,5,18,16,0,12,4,32,18,43,1,3,1,14,7,0,0,0,0,3,9,1,70,5,4,41,75,0,51,76,41,0,0,0,0,0,0,0,0,0,20,0,3,0,0,0,0,0,2,0,362345100,1394435974,36.395861,139.743326,5,3,0,0,0,0
true,41,102,124,2,0,1,99000,0,203,2023,5,18,14,30,12,4,32,18,43,1,3,1,0,7,0,0,0,0,0,0,20,70,0,4,41,75,0,51,76,41,0,0,0,0,0,0,0,0,0,44,0,3,0,0,0,0,0,2,0,362333551,1394318811,36.392653,139.721892,5,3,0,0,0,0
true,41,102,125,2,0,1,30000,0,203,2023,5,19,6,14,12,4,31,18,43,2,3,1,1,7,1,21,9,22,15,9,30,70,5,4,21,35,45,13,4,31,31,11,1,1,1,11,11,10,10,50,40,3,2,2,2,2,2,4,2,362451462,1394156072,36.414295,139.698909,6,3,9999,9999,1,5
true,41,102,126,2,0,1,30000,0,203,2023,5,20,14,7,12,4,30,18,44,1,2,1,14,7,0,0,0,0,3,9,1,70,5,4,21,65,45,3,51,31,41,1,0,1,0,11,0,10,0,10,40,3,2,2,0,2,0,4,2,362245260,1394356294,36.379239,139.732304,7,3,9999,0,9,0
true,41,102,127,2,0,1,30000,0,203,2023,5,11,17,13,12,4,37,18,37,1,3,1,14,7,0,0,0,0,3,9,1,70,4,3,21,55,45,14,14,31,31,11,11,1,1,11,11,4,4,50,50,3,3,2,2,2,2,4,2,362105555,1394509198,36.351543,139.752555,5,3,9999,9999,9,1
true,41,102,128,2,0,2,30000,0,203,2023,5,23,20,10,22,4,28,18,47,2,2,1,7,7,0,0,0,0,3,9,1,70,4,4,21,25,35,3,3,31,31,1,1,1,1,11,11,4,4,10,30,3,3,2,2,2,2,4,2,362432950,1394556563,36.409153,139.765712,3,3,9999,9999,5,1
true,41,102,129,2,0,1,10030,0,203,2023,5,24,13,1,12,4,28,18,47,2,3,1,14,7,0,0,0,0,3,9,1,70,5,2,21,55,45,3,4,31,31,1,1,1,1,11,0,10,10,10,13,2,2,1,1,2,2,4,2,362454544,1394502527,36.415151,139.750702,4,3,9999,9999,9,1
true,41,102,130,2,0,1,30000,0,203,2023,5,25,10,10,12,4,27,18,48,1,3,1,1,7,9,22,1,21,14,9,30,70,5,3,21,55,75,3,4,31,31,1,1,1,1,11,11,4,10,80,10,2,2,2,1,2,2,4,2,362245073,1394602546,36.379187,139.767374,5,3,9999,160,9,9
true,41,102,131,2,0,1,21530,0,203,2023,5,26,5,31,12,4,26,18,49,2,3,2,14,7,0,0,0,0,3,9,1,70,5,3,21,35,45,12,14,1,31,11,11,2,2,11,11,10,4,80,70,3,3,2,2,2,2,4,2,362105858,1394406658,36.351627,139.735183,6,3,9999,9999,5,1
true,41,102,132,2,0,1,21530,0,203,2023,5,24,8,56,12,4,28,18,47,1,3,1,14,7,0,0,0,0,4,9,1,70,5,2,21,25,0,3,0,31,0,1,0,1,0,0,0,4,0,70,0,3,0,2,0,2,0,2,0,362013646,1394422492,36.337124,139.739581,4,3,9999,0,5,0
true,41,102,133,2,0,1,10110,0,203,2023,5,31,5,35,12,4,24,18,52,1,2,1,14,7,0,0,0,0,1,9,1,70,5,2,41,75,0,51,76,41,0,0,0,0,0,0,0,0,0,40,0,3,0,0,0,0,0,2,0,362311782,1394407238,36.386606,139.735344,4,3,0,0,0,0
true,41,102,134,2,0,1,30000,0,203,2023,5,31,14,8,12,4,24,18,52,2,3,1,1,7,9,22,0,0,14,9,30,70,2,3,1,35,75,17,61,31,0,11,0,2,0,11,0,4,0,50,0,3,0,2,0,2,0,4,2,362105598,1394504583,36.351555,139.751273,4,3,9999,0,5,0
true,41,103,98,2,0,2,21280,0,202,2023,4,13,8,30,12,5,10,18,12,1,2,1,12,7,0,0,0,0,3,9,1,70,4,2,21,45,45,12,4,31,31,11,1,1,1,11,11,5,10,10,31,3,2,2,2,2,2,4,2,361816031,1392956188,36.304453,139.498941,5,3,9999,9999,9,1
true,41,103,99,2,0,1,30000,0,202,2023,4,16,7,38,12,5,6,18,15,1,3,1,14,1,0,0,0,0,1,9,1,70,5,2,21,25,45,3,3,31,31,1,1,1,1,11,11,10,10,10,30,3,2,1,2,2,2,4,2,361822435,1393033898,36.306232,139.509416,1,3,9999,9999,1,9
true,41,103,100,2,0,2,99000,0,202,2023,4,29,21,0,22,4,50,18,26,1,2,1,0,7,0,0,0,0,0,0,20,70,0,4,21,1,25,3,4,31,31,1,1,1,1,11,11,10,10,60,30,3,3,2,2,2,2,4,2,362049380,1392424516,36.34705,139.40681,7,1,9999,9999,1,1
true,41,103,101,2,0,1,30000,0,202,2023,4,30,12,30,12,4,49,18,27,2,2,1,1,7,9,22,1,21,15,9,30,70,4,3,21,25,25,3,4,31,31,1,1,1,1,11,11,2,10,80,80,3,3,2,2,2,2,2,4,361932790,1392658466,36.325775,139.449574,1,3,9999,9999,1,1
true,41,103,102,2,0,1,30000,0,202,2023,5,4,14,45,12,4,44,18,31,1,3,1,1,1,9,22,9,22,11,3,30,70,4,2,21,65,75,3,51,31,41,1,0,1,0,11,0,3,0,80,40,3,3,2,0,2,0,4,2,362043055,1392802526,36.345293,139.467368,5,1,9999,0,9,0