資料区分,都道府県コード,警察署等コード,本票番号,事故内容,死者数,負傷者数,路線コード,地点コード,市区町村コード,発生日時　　年,発生日時　　月,発生日時　　日,発生日時　　時,発生日時　　分,昼夜,日の出時刻　　時,日の出時刻　　分,日の入り時刻　　時,日の入り時刻　　分,天候,地形,路面状態,道路形状,信号機,一時停止規制　標識（当事者A）,一時停止規制　表示（当事者A）,一時停止規制　標識（当事者B）,一時停止規制　表示（当事者B）,車道幅員,道路線形,衝突地点,ゾーン規制,中央分離帯施設等,歩車道区分,事故類型,年齢（当事者A）,年齢（当事者B）,当事者種別（当事者A）,当事者種別（当事者B）,用途別（当事者A）,用途別（当事者B）,車両形状等（当事者A）,車両形状等（当事者B）,オートマチック車（当事者A）,オートマチック車（当事者B）,サポカー（当事者A）,サポカー（当事者B）,速度規制（指定のみ）（当事者A）,速度規制（指定のみ）（当事者B）,車両の衝突部位（当事者A）,車両の衝突部位（当事者B）,車両の損壊程度（当事者A）,車両の損壊程度（当事者B）,エアバッグの装備（当事者A）,エアバッグの装備（当事者B）,サイドエアバッグの装備（当事者A）,サイドエアバッグの装備（当事者B）,人身損傷程度（当事者A）,人身損傷程度（当事者B）,地点　緯度（北緯）,地点　経度（東経）,地点　緯度（北緯）_1,地点　経度（東経）_1,曜日(発生年月日),祝日(発生年月日),認知機能検査経過日数（当事者A）,認知機能検査経過日数（当事者B）,運転練習の方法（当事者A）,運転練習の方法（当事者B）
true,41,103,103,2,0,2,500,440,202,2023,4,29,12,36,12,4,50,18,26,2,3,1,14,7,0,0,0,0,4,7,1,70,1,2,21,65,45,3,14,31,31,1,11,2,2,11,11,10,10,10,30,3,3,2,2,2,2,4,2,361725080,1392947933,36.2903,139.496648,7,1,9999,9999,9,1
true,41,103,104,2,0,1,30000,0,202,2023,4,24,7,30,12,4,56,18,22,1,2,1,14,7,0,0,0,0,3,9,1,70,4,2,21,35,1,4,51,31,41,1,0,1,0,11,0,2,0,80,20,3,3,2,0,2,0,4,2,362029296,1392525144,36.341471,139.423651,2,3,9999,0,4,0
true,41,103,105,2,0,1,30000,0,202,2023,5,8,16,50,12,4,40,18,34,1,2,1,14,7,0,0,0,0,3,9,1,70,4,2,21,35,35,4,36,31,31,1,0,1,0,11,11,3,2,30,10,3,3,2,0,2,0,2,4,362029623,1392529892,36.341562,139.42497,2,3,9999,9999,1,1
true,41,103,106,2,0,1,30000,0,202,2023,5,11,19,12,21,4,37,18,37,1,2,1,7,1,0,0,0,0,3,9,1,70,5,2,21,45,45,4,4,31,31,1,1,1,1,11,11,3,3,10,33,3,3,2,2,2,2,4,2,361957083,1392810315,36.332523,139.469532,5,3,9999,9999,9,5
true,41,103,107,2,0,1,30000,0,202,2023,5,9,7,29,12,4,39,18,35,1,1,1,1,7,1,21,9,22,15,9,30,70,4,3,21,45,1,4,51,31,41,1,0,1,0,11,0,2,0,50,10,3,3,2,0,2,0,4,2,362028288,1392702668,36.341191,139.450741,3,3,9999,0,1,0
true,41,103,108,2,0,1,10670,0,202,2023,5,15,8,31,12,4,34,18,40,3,3,2,7,7,0,0,0,0,1,9,1,70,4,2,21,55,1,4,51,31,41,1,0,1,0,11,0,3,0,40,20,3,3,2,0,2,0,4,2,362025687,1392524083,36.340469,139.423356,2,3,9999,0,9,0
true,41,103,109,2,0,1,30000,0,202,2023,5,8,16,18,12,4,40,18,34,1,1,1,7,1,0,0,0,0,4,9,1,70,4,3,21,55,55,3,13,31,31,1,11,1,1,11,11,10,10,30,10,3,3,2,2,2,2,2,4,361945098,1392649776,36.329194,139.44716,2,3,9999,9999,9,9
true,41,103,110,1,1,0,30200,0,202,2023,5,16,9,16,12,4,33,18,41,1,2,1,11,7,0,0,0,0,3,9,1,70,4,1,21,75,75,3,51,31,41,1,0,1,0,11,0,3,0,80,20,3,1,2,0,2,0,4,1,362011843,1392757848,36.336623,139.466069,3,3,1062,0,9,0
true,41,103,111,2,0,1,30200,0,202,2023,5,16,9,16,12,4,33,18,41,1,1,1,11,7,0,0,0,0,1,9,1,70,4,1,21,65,75,3,51,31,41,1,0,1,0,11,0,3,0,10,10,3,1,2,0,2,0,4,2,362011987,1392757305,36.336663,139.465918,3,3,9999,0,9,0
true,41,103,112,2,0,2,2930,0,202,2023,5,20,12,14,12,4,30,18,44,2,3,1,1,1,9,22,9,22,15,9,30,70,4,2,21,35,55,3,4,31,31,1,1,1,1,11,11,4,4,80,52,2,2,2,1,2,2,4,2,361948572,1392715916,36.330159,139.454421,7,3,9999,9999,1,9
true,41,103,113,2,0,1,10670,0,202,2023,5,9,17,30,12,4,39,18,35,1,2,1,1,7,1,21,9,22,14,9,30,70,5,2,21,65,1,13,51,31,41,11,0,2,0,0,0,10,0,80,20,3,3,2,0,2,0,4,2,362010774,1392646842,36.336326,139.446345,3,3,9999,0,9,0
true,41,103,114,2,0,1,99000,0,202,2023,5,10,11,30,12,4,38,18,36,1,2,1,0,7,0,0,0,0,0,0,20,70,0,2,1,55,45,4,61,31,0,1,0,1,0,11,0,10,0,0,0,3,0,2,0,2,0,4,2,362100544,1392438794,36.350151,139.410776,4,3,9999,0,9,0
true,41,103,115,2,0,1,10670,0,202,2023,5,23,18,45,13,4,28,18,47,2,1,2,1,1,9,22,9,22,15,9,30,70,5,2,21,1,45,3,3,31,31,1,1,1,1,11,11,3,3,10,30,3,3,2,2,2,2,4,2,362009607,1392650644,36.336002,139.447401,3,3,9999,9999,1,1
true,41,103,116,1,1,0,10400,0,202,2023,5,27,1,26,22,4,26,18,50,2,3,1,7,7,0,0,0,0,4,9,1,70,4,2,21,45,75,13,51,31,41,11,0,1,0,11,0,4,0,80,30,3,2,2,0,2,0,4,1,361835741,1392834075,36.309928,139.476132,7,3,9999,0,9,0
true,41,103,117,2,0,1,30200,0,202,2023,5,26,13,50,12,4,26,18,49,2,2,1,14,7,0,0,0,0,2,9,1,70,4,2,41,75,0,51,76,41,0,0,0,0,0,0,0,0,0,40,0,3,0,0,0,0,0,2,0,362008297,1392813242,36.335638,139.470345,6,3,0,0,0,0
true,41,103,118,2,0,1,30000,0,202,2023,5,28,10,38,12,4,25,18,50,1,1,1,14,7,0,0,0,0,1,9,1,70,4,4,41,55,0,51,76,41,0,0,0,0,0,0,0,0,0,0,0,3,0,0,0,0,0,2,0,361955088,1392744917,36.331969,139.462477,1,3,0,0,0,0
true,41,103,119,2,0,1,30000,0,202,2023,5,29,7,31,12,4,25,18,51,3,2,2,1,7,9,22,9,22,11,9,30,70,5,4,21,35,45,3,3,31,31,1,1,1,1,11,11,10,10,51,81,2,2,1,2,2,2,4,2,362038378,1392429920,36.343994,139.408311,2,3,9999,9999,1,1
true,41,104,88,2,0,1,22700,0,204,2023,4,24,12,33,12,4,56,18,22,2,2,1,1,7,1,22,9,22,14,9,30,70,4,2,21,65,25,4,4,31,31,1,1,1,1,11,11,10,4,55,88,3,3,2,2,2,2,4,2,361754863,1393432995,36.298573,139.575832,2,3,9999,9999,9,1
true,41,104,89,2,0,1,30000,0,204,2023,5,3,8,22,12,4,46,18,30,1,2,1,1,7,9,22,0,0,14,9,30,70,4,2,1,35,75,4,61,31,0,1,0,1,0,11,0,4,0,10,0,2,0,2,0,2,0,4,2,361853737,1393257196,36.314927,139.549221,4,1,9999,0,1,0
true,41,104,90,2,0,1,500,488,204,2023,4,23,21,42,22,4,57,18,21,2,3,1,14,1,0,0,0,0,1,9,1,70,1,2,21,25,65,3,4,31,31,1,1,2,2,11,11,5,5,11,33,3,2,2,2,2,2,4,2,361725606,1393245524,36.290446,139.545979,1,3,9999,9999,3,9
true,41,104,91,2,0,1,21150,0,204,2023,5,5,12,23,12,4,43,18,32,1,3,1,14,7,0,0,0,0,3,8,1,70,5,2,41,45,0,51,75,41,0,0,0,0,0,0,0,0,0,10,0,3,0,0,0,0,0,2,0,362130946,1393538051,36.358596,139.593903,6,1,0,0,0,0
true,41,104,92,2,0,2,30000,0,204,2023,4,29,13,54,12,4,50,18,26,1,1,1,1,7,9,22,9,22,11,9,30,70,5,4,21,75,25,3,3,31,31,1,1,1,1,11,11,10,10,11,11,3,3,2,2,2,2,4,2,362232063,1393439637,36.375573,139.577677,7,1,1066,9999,9,1
true,41,104,93,2,0,1,30000,0,204,2023,5,9,11,45,12,4,39,18,35,1,1,1,14,7,0,0,0,0,2,9,1,70,5,4,41,75,0,51,76,41,0,0,0,0,0,0,0,0,0,44,0,3,0,0,0,0,0,2,0,361801411,1393512484,36.300392,139.586801,3,3,0,0,0,0
true,41,104,94,2,0,1,10090,0,204,2023,5,7,16,16,12,4,41,18,33,3,2,2,14,7,0,0,0,0,4,9,1,70,4,2,21,65,0,4,0,31,0,1,0,1,0,11,0,4,0,10,0,3,0,2,0,2,0,2,0,361839046,1393530012,36.310846,139.59167,1,3,9999,0,9,0
true,41,104,95,2,0,1,30000,0,204,2023,5,10,8,25,12,4,38,18,36,1,3,1,1,7,9,22,0,0,11,9,30,70,5,4,1,35,75,3,61,31,0,1,0,1,0,11,0,10,0,80,0,4,0,2,0,2,0,4,2,361800194,1393526700,36.300054,139.59075,4,3,9999,0,1,0
true,41,104,96,2,0,1,21410,0,204,2023,5,10,14,33,12,4,38,18,36,1,1,1,1,7,9,22,9,22,15,9,30,70,5,2,21,35,75,3,14,31,31,1,11,1,1,11,11,3,3,10,10,3,3,2,2,2,2,2,4,361924056,1393525483,36.323349,139.590412,4,3,9999,105,5,9
true,41,104,97,2,0,1,2930,0,204,2023,5,11,9,48,12,4,37,18,37,1,1,1,1,7,9,22,1,21,18,9,30,70,4,2,21,55,65,4,51,31,41,1,0,1,0,11,0,4,0,50,20,3,3,2,0,2,0,4,2,362205434,1393430317,36.368176,139.575088,5,3,9999,0,9,0
true,41,104,98,2,0,1,30000,0,204,2023,4,26,8,20,12,4,54,18,24,3,1,1,1,7,9,22,9,22,11,9,30,70,5,4,21,1,25,4,51,31,41,1,0,1,0,11,0,10,0,50,20,3,3,2,0,2,0,4,2,361859185,1393434811,36.31644,139.576336,4,3,9999,0,5,0
true,41,104,99,2,0,1,500,490,204,2023,5,8,7,24,12,4,40,18,34,3,2,2,14,7,0,0,0,0,4,9,1,70,1,2,21,1,25,3,13,31,31,1,11,1,1,11,11,10,10,30,10,3,3,2,2,2,2,2,4,361723518,1393251590,36.289866,139.547664,2,3,9999,9999,1,1
true,41,104,100,2,0,1,20000,0,204,2023,5,12,16,0,12,4,37,18,38,1,3,1,1,7,9,22,9,22,14,9,30,70,4,2,21,65,75,4,14,31,31,1,11,1,1,11,11,3,3,20,10,3,3,2,2,2,2,2,4,361739037,1393223525,36.294177,139.539868,6,3,9999,519,9,9
true,41,104,101,2,0,1,22700,0,204,2023,4,19,16,8,12,5,2,18,18,1,2,1,14,7,0,0,0,0,3,9,1,70,4,2,21,75,65,3,4,31,31,1,1,1,1,11,11,4,4,11,33,3,3,2,2,2,2,4,2,361817377,1393621532,36.304827,139.605981,4,3,506,9999,9,9
true,41,104,102,2,0,1,10160,0,204,2023,5,16,7,24,12,4,33,18,41,1,3,1,14,7,0,0,0,0,4,9,1,70,5,2,21,45,55,3,3,31,31,1,1,1,1,11,11,4,4,10,31,2,2,2,2,2,2,4,2,362117309,1393434961,36.354808,139.576378,3,3,9999,9999,1,9
true,41,104,103,2,0,1,30000,0,204,2023,5,22,13,48,12,4,29,18,46,1,1,1,14,7,0,0,0,0,1,9,1,70,5,2,41,75,0,51,76,41,0,0,0,0,0,0,0,0,0,22,0,3,0,0,0,0,0,2,0,361918084,1393518280,36.32169,139.588411,2,3,0,0,0,0
true,41,104,104,2,0,1,10670,0,204,2023,5,17,13,9,12,4,32,18,42,1,2,1,14,1,0,0,0,0,4,9,1,70,4,2,21,35,45,4,4,31,31,1,1,1,1,11,11,3,3,10,30,3,3,2,2,2,2,4,2,361847567,1393529342,36.313213,139.591484,4,3,9999,9999,1,1
true,41,104,105,2,0,1,20000,0,204,2023,5,9,19,20,21,4,39,18,35,1,3,1,14,7,0,0,0,0,2,9,1,70,4,2,21,35,45,3,4,31,31,1,1,1,1,11,11,4,4,33,11,3,3,2,2,2,2,2,4,362134218,1393245402,36.359505,139.545945,3,3,9999,9999,1,1
true,41,104,106,2,0,1,500,524,204,2023,5,16,16,33,12,4,33,18,41,1,2,1,14,7,0,0,0,0,5,9,1,70,1,2,21,35,1,3,3,31,31,1,1,1,1,11,11,10,10,10,30,3,3,2,2,2,2,4,2,361730188,1393503800,36.291719,139.584389,3,3,9999,9999,5,1
true,41,104,107,2,0,1,30000,0,204,2023,5,23,16,55,12,4,28,18,47,3,1,2,1,7,1,21,9,22,11,9,30,70,5,4,21,45,25,4,36,31,31,1,0,2,0,11,11,10,10,50,20,3,3,2,0,2,0,4,2,361910060,1393538987,36.319461,139.594163,3,3,9999,9999,1,1
true,41,104,108,2,0,1,30000,0,204,2023,5,26,15,30,12,4,26,18,49,2,3,1,1,7,9,22,0,0,15,9,30,70,4,2,1,55,65,11,61,1,0,11,0,1,0,11,0,4,0,20,0,3,0,2,0,2,0,4,2,362035221,1393416824,36.343117,139.57134,6,3,9999,0,9,0
true,41,104,109,2,0,1,30000,0,204,2023,5,26,19,14,21,4,26,18,49,2,3,1,14,7,0,0,0,0,3,8,1,70,5,4,1,1,35,3,61,31,0,1,0,1,0,11,0,10,0,40,0,3,0,2,0,2,0,4,2,361710097,1393633703,36.286138,139.609362,6,3,9999,0,1,0
true,41,104,110,2,0,1,10160,0,204,2023,5,28,18,27,13,4,25,18,50,2,3,1,1,1,9,22,9,22,15,9,30,70,5,2,21,25,45,3,36,31,31,1,0,1,0,11,11,4,2,88,11,3,2,2,0,2,0,4,2,362031549,1393420798,36.342097,139.572444,1,3,9999,9999,1,9
true,41,104,111,2,0,1,30000,0,204,2023,5,9,10,17,12,4,39,18,35,1,2,1,14,7,0,0,0,0,3,9,1,70,4,2,21,65,75,4,4,31,31,1,1,1,1,11,11,4,4,11,33,3,3,2,2,2,2,4,2,361923027,1393434525,36.323063,139.576257,3,3,9999,166,9,9
true,41,105,58,2,0,1,1210,0,205,2023,4,13,18,8,13,5,10,18,12,1,2,1,14,7,0,0,0,0,3,9,20,70,4,2,21,75,45,14,14,31,1,11,11,1,1,11,11,3,3,10,30,3,3,2,2,2,2,4,2,363153962,1394753185,36.531656,139.798107,5,3,247,9999,9,1
true,41,105,59,2,0,1,30000,0,205,2023,4,22,16,18,12,4,59,18,20,1,3,1,1,7,1,21,9,22,14,9,30,70,4,3,21,35,25,3,13,31,31,1,11,1,2,11,11,10,3,50,40,3,3,2,2,2,2,4,2,363123736,1394648228,36.52326,139.780063,7,3,9999,9999,1,5
true,41,105,60,2,0,1,3520,0,205,2023,5,1,7,2,12,4,48,18,28,1,1,1,7,1,0,0,0,0,4,9,1,70,4,2,21,25,35,4,4,31,31,1,1,1,1,11,11,3,3,10,70,2,3,2,2,2,2,4,2,363233079,1394452224,36.542522,139.74784,2,3,9999,9999,1,1
true,41,105,61,2,0,1,30000,0,205,2023,5,5,22,20,22,4,43,18,32,2,1,1,1,7,1,21,1,21,11,9,30,70,5,3,21,1,35,4,4,31,31,1,1,1,1,11,11,10,2,50,80,2,2,1,1,2,2,4,2,363332429,1394630515,36.559008,139.775143,6,1,9999,9999,1,1
true,41,105,62,2,0,1,2930,0,205,2023,4,3,21,12,22,5,25,18,4,1,1,1,1,1,9,22,9,22,14,9,30,70,4,2,21,35,1,3,51,31,41,1,0,1,0,11,0,3,0,20,10,3,3,2,0,2,0,4,2,363429687,1394544680,36.574913,139.762411,2,3,9999,0,1,0
true,41,105,63,2,0,1,30000,0,205,2023,5,3,10,0,12,4,46,18,30,1,2,1,1,1,9,22,0,0,15,9,30,70,4,2,41,35,0,51,76,41,0,0,0,0,0,0,0,0,0,40,0,3,0,0,0,0,0,2,0,363323623,1394409866,36.556562,139.736074,4,1,0,0,0,0
true,41,105,64,2,0,1,22680,0,205,2023,4,19,16,31,12,5,2,18,18,1,3,1,14,7,0,0,0,0,1,9,1,70,5,2,21,65,1,4,51,31,41,1,0,1,0,11,0,10,0,80,20,3,3,2,0,2,0,4,2,363358237,1394704279,36.566177,139.784522,4,3,9999,0,9,0
true,41,105,65,2,0,1,10140,0,205,2023,5,16,9,25,12,4,33,18,41,1,1,1,1,1,9,22,0,0,18,9,30,70,4,1,1,75,35,3,61,31,0,1,0,1,0,11,0,3,0,11,0,3,0,2,0,2,0,4,2,363348535,1394440279,36.563482,139.744522,3,3,902,0,9,0
true,41,105,66,2,0,1,22680,0,205,2023,5,20,9,5,12,4,30,18,44,1,1,1,14,7,0,0,0,0,5,9,1,70,4,2,21,55,65,3,14,31,31,1,11,1,1,11,11,4,4,60,80,2,2,2,2,2,2,2,4,363241672,1394606398,36.544909,139.768444,7,3,9999,9999,1,9
true,41,105,67,2,0,1,30000,0,205,2023,5,8,11,10,12,4,40,18,34,2,1,1,1,7,1,21,9,22,11,9,30,1,5,3,21,65,35,3,3,31,31,1,1,1,1,11,11,2,2,50,80,3,3,2,2,2,2,4,2,363319004,1394557496,36.555279,139.765971,2,3,9999,9999,9,5
true,41,105,68,1,1,0,22680,0,205,2023,5,22,18,54,21,4,29,18,46,3,3,2,1,1,9,22,0,0,19,9,30,70,1,2,41,65,0,3,75,31,0,1,0,1,0,11,0,4,0,20,0,1,0,2,0,2,0,1,0,363320364,1394657234,36.555657,139.782565,2,3,9999,0,9,0
true,41,105,69,2,0,2,1210,0,205,2023,5,9,13,11,12,4,39,18,35,1,3,1,14,7,0,0,0,0,3,9,1,70,4,2,21,35,55,3,3,31,31,1,1,1,1,11,11,3,3,10,30,3,3,2,2,2,2,4,2,363439136,1394511590,36.577538,139.753219,3,3,9999,9999,1,9
true,41,105,70,2,0,1,30000,0,205,2023,5,20,17,30,12,4,30,18,44,2,1,1,14,7,0,0,0,0,4,9,1,70,4,2,21,75,35,3,3,31,31,1,1,1,1,11,1,10,2,20,80,3,3,2,2,2,2,4,2,363327925,1394559746,36.557757,139.766596,7,3,541,9999,9,1
true,41,105,71,2,0,1,1210,0,205,2023,5,31,11,35,12,4,24,18,52,1,2,1,1,2,9,22,9,21,15,9,30,70,4,2,21,65,65,12,4,31,31,11,1,2,1,11,11,4,10,55,55,2,1,2,1,2,2,2,4,363507278,1394458520,36.585355,139.749589,4,3,9999,9999,9,9
true,41,106,59,2,0,1,30000,0,345,2023,4,13,16,37,12,5,10,18,12,1,2,1,1,7,2,21,2,21,15,9,30,70,4,4,21,45,55,4,14,31,31,1,11,1,1,11,11,5,5,13,13,3,3,2,2,2,2,4,2,363218240,1400311660,36.5384,140.053239,5,3,9999,9999,9,9
true,41,106,60,2,0,1,30000,0,209,2022,12,21,7,46,11,6,48,16,28,1,1,1,1,7,1,21,9,22,11,9,30,70,5,4,21,75,35,3,3,31,31,1,1,1,1,11,11,10,10,50,80,2,2,2,2,2,2,4,2,362553890,1395935606,36.431636,139.993224,4,3,421,9999,9,1
true,41,106,61,2,0,1,10010,0,342,2023,5,5,17,10,12,4,43,18,32,1,3,1,1,1,9,22,9,22,18,9,30,70,5,1,21,45,55,3,3,31,31,1,1,1,1,11,11,4,4,50,50,2,2,1,1,2,2,4,2,362903930,1400652304,36.484425,140.114529,6,1,9999,9999,1,9
true,41,106,62,2,0,2,2940,0,209,2023,5,6,20,56,22,4,42,18,32,2,3,1,1,1,9,22,9,22,18,9,30,70,4,2,21,25,35,3,4,31,31,1,1,1,1,11,11,5,5,80,50,1,1,2,1,2,2,2,4,362437433,1395835882,36.410398,139.976634,7,3,9999,9999,1,5
true,41,106,63,2,0,3,10470,0,209,2023,5,7,12,56,12,4,41,18,33,3,2,2,1,1,9,22,9,22,18,8,30,70,1,2,21,1,35,4,4,31,31,1,1,1,1,11,11,4,4,10,30,2,2,1,2,2,2,4,2,362606090,1395711948,36.435025,139.953319,1,3,9999,9999,1,1
true,41,106,64,2,0,1,21630,0,342,2023,5,1,16,0,12,4,48,18,28,1,2,1,1,1,9,22,9,22,15,9,30,70,4,3,21,55,65,3,4,31,31,1,1,1,1,11,11,4,4,10,40,2,2,1,2,1,2,4,2,362839263,1400421659,36.477573,140.072683,2,3,9999,9999,9,9
true,41,106,65,2,0,1,30000,0,209,2023,5,8,11,15,12,4,40,18,34,1,1,1,14,7,0,0,0,0,3,9,1,1,5,4,41,75,0,51,76,41,0,0,0,0,0,0,0,0,0,40,0,3,0,0,0,0,0,2,0,362615223,1400018115,36.437562,140.005032,2,3,0,0,0,0
true,41,106,66,2,0,1,1230,0,342,2023,5,10,15,13,12,4,38,18,36,1,3,1,14,7,0,0,0,0,3,9,1,70,4,2,21,35,65,11,3,1,31,11,1,1,1,11,11,5,5,70,10,3,1,2,1,2,2,2,4,362926164,1400547407,36.490601,140.096502,4,3,9999,9999,1,9
true,41,106,67,2,0,2,1210,0,209,2023,5,11,16,17,12,4,37,18,37,1,3,1,14,7,0,0,0,0,3,9,1,70,4,2,21,65,35,4,14,31,31,1,11,1,1,11,11,4,4,10,30,3,3,2,2,2,2,4,2,362827361,1400339560,36.474267,140.060989,5,3,9999,9999,9,5
true,41,106,68,2,0,1,30000,0,209,2023,4,28,9,58,12,4,51,18,25,1,2,1,1,7,9,22,1,22,15,9,30,70,5,3,21,55,75,3,4,31,31,1,1,1,1,11,11,10,10,80,50,2,2,2,2,2,2,2,4,362554811,1395948311,36.431892,139.996753,6,2,9999,142,9,5
true,41,106,69,2,0,1,30000,0,209,2023,5,14,16,21,12,4,35,18,39,2,1,1,14,7,0,0,0,0,2,9,1,70,5,4,41,1,0,51,76,41,0,0,0,0,0,0,0,0,0,10,0,3,0,0,0,0,0,2,0,362627031,1395720286,36.440842,139.955635,1,3,0,0,0,0
true,41,106,70,2,0,1,2940,0,209,2023,4,7,11,2,12,5,19,18,7,2,3,1,14,7,0,0,0,0,3,9,1,70,4,2,21,65,65,4,4,31,31,1,1,1,1,11,11,5,5,10,70,3,3,2,2,2,2,4,2,362647260,1400155074,36.446461,140.031965,6,3,9999,9999,9,9
true,41,106,71,2,0,1,10690,0,345,2023,5,22,21,33,22,4,29,18,46,3,1,2,1,1,9,22,9,22,19,9,30,70,4,2,21,35,25,3,4,31,31,1,1,1,1,11,11,5,5,70,80,2,2,2,2,2,2,2,4,363358543,1400020786,36.566262,140.005774,2,3,9999,9999,1,1
true,41,106,72,2,0,1,10470,0,209,2023,5,24,11,15,12,4,28,18,47,1,1,1,1,1,9,22,9,22,15,9,30,70,5,2,21,75,25,3,4,31,31,1,1,1,1,1,11,4,10,10,20,3,2,2,2,2,2,4,2,362633850,1395957358,36.442736,139.999266,4,3,13,9999,9,1
true,41,106,73,2,0,1,99000,0,209,2023,5,22,16,58,12,4,29,18,46,3,1,1,0,7,0,0,0,0,0,0,20,70,0,4,21,1,35,3,4,31,31,1,1,1,1,11,11,10,10,30,50,3,3,2,2,2,2,4,2,362549699,1395914989,36.430472,139.987497,2,3,9999,9999,1,1
true,41,106,74,2,0,2,30000,0,209,2023,5,12,18,4,13,4,37,18,38,1,2,1,14,7,0,0,0,0,3,9,1,70,5,4,21,1,25,3,3,31,31,1,1,1,1,11,11,10,10,50,80,3,3,2,2,2,2,2,2,362617804,1395941878,36.438279,139.994966,6,3,9999,9999,1,4
true,41,106,75,2,0,1,10470,0,209,2023,5,15,7,23,12,4,34,18,40,3,2,2,14,7,0,0,0,0,3,9,1,70,1,2,21,25,25,11,3,1,31,11,1,2,2,11,11,4,4,10,30,3,3,2,2,2,2,4,2,362618085,1395812292,36.438357,139.970081,2,3,9999,9999,5,1
true,41,106,76,2,0,1,30000,0,209,2023,5,18,11,55,12,4,32,18,43,1,2,1,14,1,0,0,0,0,3,8,1,70,4,2,21,65,65,3,3,31,31,1,1,1,1,11,11,3,3,10,30,3,3,2,2,2,2,4,2,362220240,1395747473,36.372289,139.963187,5,3,9999,9999,9,9
true,41,106,77,2,0,3,30000,0,209,2022,12,30,11,5,12,6,52,16,34,1,1,1,1,1,9,22,9,22,15,9,30,70,4,3,21,35,65,3,14,31,31,1,11,2,1,11,11,3,2,50,80,2,2,2,2,2,2,2,4,362235227,1395803911,36.376452,139.967753,6,3,9999,9999,1,9
true,41,106,78,2,0,1,10460,0,209,2023,5,31,17,55,13,4,24,18,52,1,3,1,1,1,9,22,9,22,15,9,30,70,4,2,21,45,1,3,51,31,41,1,0,1,0,11,0,4,0,80,20,3,3,2,0,2,0,4,2,362758698,1395928831,36.466305,139.991342,4,3,9999,0,5,0
true,41,107,135,2,0,1,10330,0,208,2023,5,1,9,50,12,4,48,18,28,1,2,1,7,7,0,0,0,0,4,9,1,70,4,2,41,75,0,51,76,41,0,0,0,0,0,0,0,0,0,10,0,3,0,0,0,0,0,2,0,361713016,1394815062,36.286949,139.804184,2,3,0,0,0,0
true,41,107,136,2,0,1,30000,0,208,2023,5,4,10,26,12,4,44,18,31,1,1,1,14,7,0,0,0,0,2,9,1,70,5,4,21,45,0,4,0,31,0,1,0,1,0,11,0,10,0,50,0,3,0,2,0,2,0,2,0,361700960,1394910236,36.2836,139.81951,5,1,9999,0,5,0
true,41,107,137,2,0,1,20000,0,208,2023,4,11,19,30,22,5,13,18,11,1,1,1,14,7,0,0,0,0,3,9,1,70,5,2,21,45,1,3,4,31,31,1,1,1,1,11,11,4,4,50,70,3,3,2,2,2,2,2,4,361812280,1394833458,36.303411,139.809294,3,3,9999,9999,1,1
true,41,107,138,2,0,2,10310,0,208,2023,4,21,19,33,22,5,0,18,19,2,3,1,14,7,0,0,0,0,4,9,1,70,4,2,21,25,1,4,51,31,41,1,0,1,0,11,0,10,0,10,20,3,3,2,0,2,0,4,2,362111560,1394541065,36.353211,139.761407,6,3,9999,0,1,0
true,41,107,139,2,0,1,40,732,208,2023,5,1,21,15,22,4,48,18,28,3,2,2,14,7,0,0,0,0,3,9,1,70,4,2,21,35,25,4,14,31,31,1,11,1,1,11,11,4,4,30,50,3,3,2,2,2,2,2,4,361634964,1394624424,36.276379,139.773451,2,3,9999,9999,5,1
true,41,107,140,2,0,1,30000,0,208,2023,5,5,7,20,12,4,43,18,32,1,1,1,1,7,9,22,9,22,11,9,30,70,5,4,21,35,35,4,34,31,31,1,0,1,0,11,11,10,10,10,40,3,3,2,0,2,0,4,2,361626226,1394950595,36.273952,139.830721,6,1,9999,9999,9,5
true,41,107,141,2,0,1,40,831,208,2023,5,9,11,17,12,4,39,18,35,1,2,1,14,7,0,0,0,0,3,9,1,70,4,2,41,75,0,51,76,41,0,0,0,0,0,0,0,0,0,40,0,3,0,0,0,0,0,2,0,362109576,1394939864,36.35266,139.82774,3,3,0,0,0,0
true,41,107,142,2,0,1,30000,0,364,2023,5,10,8,20,12,4,38,18,36,1,1,1,14,7,0,0,0,0,2,9,1,70,5,4,41,75,0,51,76,41,0,0,0,0,0,0,0,0,0,20,0,3,0,0,0,0,0,2,0,361411080,1394333334,36.236411,139.725926,4,3,0,0,0,0
true,41,107,143,2,0,1,40,823,208,2023,5,10,19,15,21,4,38,18,36,1,1,1,14,7,0,0,0,0,2,9,1,70,4,2,21,35,25,3,4,31,31,1,1,1,1,11,11,4,4,70,50,3,3,2,2,2,2,2,4,362045337,1394924643,36.345927,139.823512,4,3,9999,9999,1,1