資料区分,都道府県コード,警察署等コード,本票番号,事故内容,死者数,負傷者数,路線コード,地点コード,市区町村コード,発生日時　　年,発生日時　　月,発生日時　　日,発生日時　　時,発生日時　　分,昼夜,日の出時刻　　時,日の出時刻　　分,日の入り時刻　　時,日の入り時刻　　分,天候,地形,路面状態,道路形状,信号機,一時停止規制　標識（当事者A）,一時停止規制　表示（当事者A）,一時停止規制　標識（当事者B）,一時停止規制　表示（当事者B）,車道幅員,道路線形,衝突地点,ゾーン規制,中央分離帯施設等,歩車道区分,事故類型,年齢（当事者A）,年齢（当事者B）,当事者種別（当事者A）,当事者種別（当事者B）,用途別（当事者A）,用途別（当事者B）,車両形状等（当事者A）,車両形状等（当事者B）,オートマチック車（当事者A）,オートマチック車（当事者B）,サポカー（当事者A）,サポカー（当事者B）,速度規制（指定のみ）（当事者A）,速度規制（指定のみ）（当事者B）,車両の衝突部位（当事者A）,車両の衝突部位（当事者B）,車両の損壊程度（当事者A）,車両の損壊程度（当事者B）,エアバッグの装備（当事者A）,エアバッグの装備（当事者B）,サイドエアバッグの装備（当事者A）,サイドエアバッグの装備（当事者B）,人身損傷程度（当事者A）,人身損傷程度（当事者B）,地点　緯度（北緯）,地点　経度（東経）,地点　緯度（北緯）_1,地点　経度（東経）_1,曜日(発生年月日),祝日(発生年月日),認知機能検査経過日数（当事者A）,認知機能検査経過日数（当事者B）,運転練習の方法（当事者A）,運転練習の方法（当事者B）
true,41,107,144,2,0,1,30000,0,208,2023,5,11,9,50,12,4,37,18,37,1,3,1,1,1,9,22,0,0,15,9,30,70,4,2,1,65,75,3,61,31,0,1,0,1,0,11,0,4,0,50,0,3,0,2,0,2,0,4,2,361905606,1395047008,36.318224,139.846391,5,3,9999,0,9,0
true,41,107,145,2,0,3,41,773,208,2023,5,11,23,13,22,4,37,18,37,1,3,1,14,1,0,0,0,0,4,9,1,70,1,2,21,45,25,11,3,1,31,11,1,2,1,11,11,10,10,10,30,3,1,2,2,2,2,4,2,361931696,1395108042,36.325471,139.852234,5,3,9999,0,1,0
true,41,107,146,2,0,1,30000,0,208,2023,4,16,18,15,21,5,6,18,15,3,1,2,1,7,9,22,9,22,14,9,30,70,5,4,21,65,55,3,4,31,31,1,1,1,1,11,11,10,10,10,70,3,2,2,2,2,2,4,2,361916442,1394722254,36.321234,139.789515,1,3,9999,9999,9,9
true,41,107,147,2,0,1,10540,0,208,2023,3,3,17,53,21,6,9,17,36,1,3,1,1,7,9,22,9,22,14,9,30,70,5,2,21,55,65,3,59,31,0,1,0,1,0,11,0,3,0,10,40,3,2,1,0,2,0,2,4,361531702,1394759435,36.258806,139.799843,6,3,9999,0,1,0
true,41,107,148,2,0,1,20000,0,208,2023,5,12,16,0,12,4,37,18,38,2,2,1,14,7,0,0,0,0,3,9,1,70,4,2,41,55,0,51,75,41,0,0,0,0,0,0,0,0,0,10,0,3,0,0,0,0,0,2,0,362023435,1395050035,36.339843,139.847232,6,3,0,0,0,0
true,41,107,149,2,0,2,21470,0,208,2023,5,8,17,6,12,4,40,18,34,1,3,1,1,7,1,22,9,22,15,9,30,70,4,1,21,45,35,3,4,31,31,1,1,1,1,11,11,10,3,50,10,3,3,2,2,2,2,2,2,361951434,1395157208,36.330954,139.865891,2,3,9999,9999,5,1
true,41,107,150,2,0,1,30000,0,208,2023,5,10,17,15,12,4,38,18,36,1,1,1,14,7,0,0,0,0,2,9,1,70,5,4,21,25,1,4,51,31,41,1,0,1,0,11,0,10,0,10,30,3,3,2,0,2,0,4,2,361706619,1394911399,36.285172,139.819833,4,3,9999,0,1,0
true,41,107,151,2,0,3,22640,0,208,2023,5,2,22,22,22,4,47,18,29,2,2,1,12,7,0,0,0,0,3,8,1,70,5,2,21,1,65,4,4,31,31,1,1,1,1,11,11,4,4,10,31,3,2,1,2,2,2,4,2,361900635,1394833376,36.316843,139.809271,3,2,9999,9999,1,4
true,41,107,152,2,0,1,10310,0,208,2023,5,8,8,27,12,4,40,18,34,3,3,2,14,7,0,0,0,0,3,9,1,70,4,2,21,1,25,3,4,31,31,1,1,1,1,11,11,4,4,10,30,3,3,2,2,2,2,4,2,362025310,1394635962,36.340364,139.776656,2,3,9999,9999,1,1
true,41,107,153,2,0,1,30000,0,208,2023,5,20,18,50,21,4,30,18,44,2,3,1,1,7,9,22,0,0,15,9,30,70,4,2,1,65,75,14,61,31,0,11,0,1,0,11,0,3,0,50,0,3,0,2,0,2,0,4,2,361628441,1394917465,36.274567,139.821518,7,3,9999,0,9,0
true,41,107,154,2,0,1,30000,0,208,2023,5,18,10,30,12,4,32,18,43,1,1,1,14,7,0,0,0,0,3,9,1,70,4,4,1,25,45,4,61,31,0,1,0,1,0,11,0,3,0,50,0,3,0,2,0,2,0,4,2,361806008,1394831115,36.301669,139.808643,5,3,9999,0,1,0
true,41,107,155,2,0,1,10330,0,208,2023,4,21,17,45,13,5,0,18,19,2,1,1,1,7,1,22,9,22,15,9,30,70,4,2,21,1,45,3,3,31,31,1,1,1,1,11,11,10,4,51,80,3,3,2,2,2,2,4,2,361758055,1394948912,36.29946,139.830253,6,3,9999,9999,5,9
true,41,107,156,2,0,1,30000,0,208,2023,5,23,8,0,12,4,28,18,47,3,3,2,1,7,1,22,9,22,14,9,30,70,5,4,21,25,55,4,36,31,31,1,0,1,0,11,11,10,10,15,40,3,3,2,0,2,0,4,2,361824818,1394512722,36.306894,139.753534,3,3,9999,9999,1,9
true,41,107,157,2,0,1,10330,0,208,2023,2,25,18,35,22,6,17,17,30,1,2,1,14,7,0,0,0,0,3,9,1,70,5,2,21,35,1,3,51,31,41,1,0,1,0,11,0,4,0,70,10,3,3,2,0,2,0,4,2,361706259,1394829207,36.285072,139.808113,7,3,9999,0,5,0
true,41,107,158,2,0,3,40,811,208,2023,5,14,14,47,12,4,35,18,39,2,3,1,14,7,0,0,0,0,3,9,1,70,5,2,21,35,1,3,4,31,31,1,1,1,1,11,11,4,4,30,10,3,3,2,2,2,2,2,4,362012973,1394857748,36.336937,139.816041,1,3,9999,9999,1,1
true,41,107,159,2,0,1,30000,0,208,2023,5,26,19,3,21,4,26,18,49,2,2,1,14,7,0,0,0,0,3,9,1,70,5,4,1,45,45,4,61,31,0,1,0,1,0,11,0,10,0,40,0,3,0,2,0,2,0,4,2,361841382,1394844399,36.311495,139.812333,6,3,9999,0,1,0
true,41,107,160,2,0,1,22640,0,208,2023,5,29,6,45,12,4,25,18,51,3,1,2,14,7,0,0,0,0,1,8,1,70,4,2,41,1,0,51,76,41,0,0,0,0,0,0,0,0,0,20,0,3,0,0,0,0,0,2,0,361822284,1395020285,36.30619,139.838968,2,3,0,0,0,0
true,41,107,161,2,0,1,30000,0,208,2023,5,20,15,50,12,4,30,18,44,2,3,1,1,7,1,22,9,22,14,9,30,70,4,2,21,75,55,3,3,31,31,1,1,1,1,11,11,10,10,50,80,3,3,2,2,2,2,4,2,361800709,1394914297,36.300197,139.820638,7,3,227,9999,9,9
true,41,107,162,2,0,1,500,695,208,2023,5,24,7,0,12,4,28,18,47,1,3,1,14,1,0,0,0,0,4,9,1,70,1,2,21,55,45,17,3,31,31,11,1,2,1,11,11,10,10,10,31,3,3,2,2,2,2,4,2,361832648,1394534434,36.309069,139.759565,4,3,9999,9999,9,9
true,41,107,163,2,0,1,40,670,364,2023,5,28,18,24,13,4,25,18,50,2,1,1,14,7,0,0,0,0,2,9,1,70,4,2,21,35,55,3,4,31,31,1,1,1,1,11,11,4,4,10,30,3,3,2,2,2,2,4,2,361409017,1394335342,36.235838,139.726484,1,3,9999,9999,1,9
true,41,107,164,2,0,1,41,673,208,2023,5,22,12,40,12,4,29,18,46,2,2,1,14,7,0,0,0,0,5,9,1,70,1,1,21,45,45,11,11,1,1,11,11,1,1,11,11,10,10,10,30,3,3,2,2,2,2,4,2,361450687,1394825456,36.247413,139.807071,2,3,9999,9999,9,9
true,41,107,165,2,0,2,41,671,208,2023,5,7,16,55,12,4,41,18,33,3,2,2,14,7,0,0,0,0,4,9,1,70,1,4,21,55,35,3,3,31,31,1,1,1,1,11,11,10,10,40,50,3,3,2,2,2,2,4,2,361450165,1394825067,36.247268,139.806963,1,3,9999,9999,4,4
true,41,108,31,2,0,1,4610,0,210,2023,5,1,18,30,21,4,48,18,28,3,2,2,14,7,0,0,0,0,3,9,1,70,4,2,41,1,0,51,76,41,0,0,0,0,0,0,0,0,0,40,0,3,0,0,0,0,0,2,0,365124800,1400019609,36.856889,140.005447,2,3,0,0,0,0
true,41,108,32,2,0,1,4610,0,210,2023,5,8,7,55,12,4,40,18,34,3,2,2,7,1,0,0,0,0,3,9,1,70,4,2,21,65,35,3,4,31,31,1,1,1,1,11,11,3,3,10,30,3,3,2,2,2,2,4,2,365136367,1400720482,36.860102,140.122356,2,3,9999,9999,9,1
true,41,108,33,2,0,2,4610,0,210,2023,5,24,7,23,12,4,28,18,47,1,3,1,7,7,0,0,0,0,3,9,1,70,4,2,21,35,1,3,13,31,31,1,11,1,1,11,11,4,4,30,10,3,3,2,2,2,2,2,4,365134416,1400541183,36.85956,140.094773,4,3,9999,9999,5,1
true,41,108,34,2,0,1,99000,0,210,2023,5,25,11,42,12,4,27,18,48,1,1,1,0,7,0,0,0,0,0,0,20,70,0,4,1,25,65,3,61,31,0,1,0,1,0,11,0,10,0,33,0,3,0,2,0,2,0,4,2,365144359,1400107010,36.862322,140.018614,5,3,9999,0,1,0
true,41,108,35,2,0,1,10530,0,210,2023,5,25,15,21,12,4,27,18,48,1,3,1,14,7,0,0,0,0,3,8,1,70,4,2,21,75,65,3,14,31,31,1,11,1,2,11,11,4,4,88,68,2,3,2,2,2,2,4,2,365340322,1400107043,36.894534,140.018623,5,3,710,9999,9,9
true,41,108,36,2,0,1,4000,0,210,2023,5,27,19,55,22,4,26,18,50,1,3,1,1,1,9,22,9,22,19,9,30,70,1,2,21,65,1,4,51,31,41,1,0,1,0,11,0,4,0,10,40,3,3,2,0,2,0,4,2,365149702,1400030006,36.863806,140.008335,7,3,9999,0,9,0
true,41,109,8,2,0,1,30000,0,206,2023,5,3,9,19,12,4,46,18,30,1,3,1,1,7,9,22,9,22,18,7,30,70,3,2,21,25,45,3,35,31,31,1,0,1,0,11,11,10,10,48,12,3,3,2,0,2,0,4,2,364456735,1393713667,36.749093,139.620463,4,1,9999,9999,1,9
true,41,109,9,2,0,2,1200,0,206,2023,5,6,14,40,12,4,42,18,32,1,3,1,1,1,9,22,9,22,19,7,30,70,5,3,21,75,65,3,3,31,31,1,1,1,1,11,11,10,10,10,50,2,2,1,1,2,2,2,2,364357134,1393301897,36.732537,139.550527,7,3,109,9999,9,9
true,41,109,10,2,0,1,1220,0,206,2023,5,7,4,55,11,4,41,18,33,3,1,2,1,1,9,22,9,22,15,4,30,70,5,2,21,1,35,3,35,31,31,1,0,1,0,11,11,3,3,50,10,2,2,2,0,2,0,4,2,364515732,1393546774,36.75437,139.596326,1,3,9999,9999,1,5
true,41,109,11,2,0,1,1190,0,206,2023,5,4,12,17,12,4,44,18,31,1,3,1,1,7,1,22,9,22,14,9,30,70,4,2,21,35,35,3,3,31,31,1,1,1,1,11,11,10,3,60,70,3,3,2,2,2,2,4,2,364512294,1393617395,36.753415,139.604832,5,1,9999,9999,1,1
true,41,109,12,2,0,1,1200,0,206,2023,4,29,17,18,12,4,50,18,26,2,3,1,13,7,0,0,0,0,3,5,1,70,4,3,41,55,0,31,75,31,0,0,0,0,0,11,0,3,0,12,0,2,0,0,0,0,0,2,0,364844752,1392406916,36.812431,139.401921,7,1,9999,0,9,0
true,41,109,13,2,0,1,1200,0,206,2023,5,21,14,16,12,4,30,18,45,1,3,1,11,7,0,0,0,0,3,5,1,70,5,4,41,45,0,34,75,31,0,0,0,0,0,11,0,10,0,10,0,3,0,0,0,0,0,2,0,364844590,1392405011,36.812386,139.401392,1,3,9999,0,9,0
true,41,109,14,2,0,1,1200,0,206,2023,5,21,16,53,12,4,30,18,45,1,1,1,7,1,0,0,0,0,5,9,1,70,5,2,21,35,1,3,4,31,31,1,1,1,1,11,11,10,5,10,10,3,3,2,2,2,2,2,4,364510354,1393526207,36.752876,139.590613,1,3,9999,9999,5,1
true,41,109,15,2,0,1,21690,0,206,2023,5,28,14,14,12,4,25,18,50,2,3,2,13,7,0,0,0,0,3,4,1,70,3,3,21,35,55,3,32,31,31,1,0,1,0,11,11,3,3,84,10,3,1,2,0,2,0,4,2,364713117,1393635744,36.786977,139.609929,1,3,9999,9999,1,9
true,41,110,30,2,0,1,20000,0,206,2023,5,5,19,22,21,4,43,18,32,2,3,1,14,7,0,0,0,0,3,9,1,70,5,4,21,55,45,3,33,31,31,1,0,1,0,11,11,10,10,50,10,2,2,2,0,2,0,4,2,365034288,1394313548,36.842858,139.72043,6,1,9999,9999,1,1
true,41,110,31,2,0,1,30000,0,206,2023,5,13,18,53,21,4,36,18,38,3,3,2,1,1,9,22,9,22,18,9,30,70,4,2,21,65,65,3,4,31,31,1,1,1,1,1,1,10,10,10,10,1,1,1,1,2,2,4,2,364301006,1394331055,36.716946,139.725293,7,3,9999,9999,9,9
true,41,110,32,2,0,1,1210,0,206,2023,1,20,12,15,12,6,50,16,53,1,3,1,14,1,0,0,0,0,3,9,1,70,1,2,21,45,1,17,4,1,31,11,1,2,1,11,11,10,10,30,10,3,2,2,2,2,2,2,4,364609512,1394253442,36.769309,139.714845,6,3,9999,9999,5,1
true,41,110,33,2,0,1,30000,0,206,2023,5,15,8,3,12,4,34,18,40,3,2,2,1,7,1,22,9,22,11,7,30,70,5,2,21,45,1,3,51,31,41,1,0,1,0,11,0,10,0,80,40,3,3,2,0,2,0,4,2,364317742,1394346963,36.721595,139.729712,2,3,9999,0,1,0
true,41,110,34,2,0,2,1210,0,206,2023,5,28,20,37,22,4,25,18,50,2,3,1,14,7,0,0,0,0,1,9,1,70,1,3,21,65,1,3,4,31,31,1,1,1,1,11,11,10,10,30,10,2,2,2,1,2,2,2,4,364413693,1394143634,36.737137,139.695454,1,3,9999,9999,9,1
true,41,110,35,2,0,1,4610,0,206,2023,5,15,17,35,12,4,34,18,40,2,1,1,14,7,0,0,0,0,3,9,1,70,1,2,21,1,1,4,4,31,31,1,1,1,1,11,11,10,10,50,80,3,3,2,2,2,2,4,2,364411692,1394226150,36.736581,139.707264,2,3,9999,9999,1,1
true,41,110,36,2,0,1,1210,0,206,2023,5,30,16,38,12,4,25,18,52,2,1,1,1,1,9,22,9,22,18,9,30,70,1,2,21,45,1,3,51,31,41,1,0,1,0,11,0,4,0,10,40,3,3,2,0,2,0,4,2,364358015,1394118424,36.732782,139.688451,3,3,9999,0,9,0
true,41,111,78,2,0,2,10550,0,213,2023,5,1,15,46,12,4,48,18,28,3,3,2,14,7,0,0,0,0,3,9,1,70,5,2,21,25,1,3,3,31,31,1,1,1,1,11,11,10,10,10,30,3,3,2,2,2,2,4,2,365459396,1395804220,36.916499,139.967839,2,3,9999,9999,1,1
true,41,111,79,2,0,1,30000,0,213,2023,5,9,16,15,12,4,39,18,35,1,3,1,1,7,9,22,9,22,14,9,30,70,5,4,21,25,65,3,3,31,31,1,1,1,1,11,11,10,10,80,60,3,3,2,2,2,2,4,2,365419789,1395849818,36.905497,139.980505,3,3,9999,9999,1,9
true,41,111,80,2,0,2,99000,0,407,2023,5,2,16,12,12,4,47,18,29,1,3,1,0,7,0,0,0,0,0,0,20,70,0,4,21,45,75,3,4,31,31,1,1,1,1,11,11,10,10,80,50,3,3,2,2,2,2,2,2,370417468,1400122004,37.071519,140.022779,3,2,9999,732,9,9
true,41,111,81,2,0,1,22110,0,407,2023,5,9,16,54,12,4,39,18,35,1,3,1,14,7,0,0,0,0,3,9,1,70,4,2,21,1,25,3,3,31,31,1,1,1,1,0,11,4,4,10,30,3,3,2,2,2,2,4,2,370106143,1400634549,37.018373,140.109597,3,3,0,9999,0,1
true,41,111,82,2,0,2,99000,0,213,2023,5,9,14,36,12,4,39,18,35,1,3,1,0,7,0,0,0,0,0,0,20,70,0,4,21,65,1,3,4,31,31,1,1,1,1,11,11,10,10,30,10,3,3,2,2,2,2,4,2,365549300,1400135296,36.930361,140.026471,3,3,9999,9999,9,1
true,41,111,83,1,1,0,99000,0,407,2023,5,11,15,45,12,4,37,18,37,1,3,1,0,7,0,0,0,0,0,0,20,70,0,4,1,75,65,3,61,31,0,1,0,1,0,11,0,10,0,33,0,3,0,2,0,2,0,4,1,370705350,1395915473,37.118153,139.987631,5,3,759,0,9,0
true,41,111,84,2,0,1,30000,0,213,2023,5,11,19,5,21,4,37,18,37,1,2,1,14,7,0,0,0,0,2,9,1,70,5,4,41,65,0,51,76,41,0,0,0,0,0,0,0,0,0,20,0,3,0,0,0,0,0,2,0,365256885,1395922146,36.882468,139.989485,5,3,0,0,0,0
true,41,111,85,2,0,1,22590,0,213,2023,4,22,6,17,12,4,59,18,20,1,3,1,1,1,8,21,9,21,15,9,30,70,4,3,21,1,25,3,4,31,31,1,1,1,1,11,11,3,10,10,50,2,3,1,1,2,2,4,2,365420185,1395908603,36.905607,139.985723,7,3,9999,9999,1,5
true,41,111,86,2,0,2,10550,0,213,2023,5,14,17,28,12,4,35,18,39,2,3,1,14,7,0,0,0,0,3,9,1,70,4,1,21,35,1,3,4,31,31,1,1,1,1,11,11,10,10,10,10,1,1,1,1,2,2,2,2,365542607,1400007121,36.928502,140.001978,1,3,9999,9999,1,1
true,41,111,87,2,0,2,30000,0,213,2023,5,12,22,18,22,4,37,18,38,2,3,1,14,7,0,0,0,0,3,9,1,70,5,2,21,1,45,3,3,31,31,1,1,1,1,11,11,10,10,10,30,3,3,2,2,2,2,4,2,365216306,1395954244,36.871196,139.998401,6,3,9999,9999,1,9
true,41,111,88,2,0,1,30000,0,213,2023,5,9,22,34,22,4,39,18,35,1,3,1,14,7,0,0,0,0,3,9,1,70,5,4,41,25,0,4,75,31,0,1,0,1,0,11,0,10,0,10,0,3,0,1,0,2,0,2,0,365553148,1400142762,36.93143,140.028545,3,3,9999,0,1,0
true,41,111,89,2,0,1,30000,0,213,2023,5,17,12,39,12,4,32,18,42,1,3,1,1,7,9,22,9,22,14,9,30,70,5,2,21,45,25,3,51,31,41,1,0,1,0,11,0,10,0,10,20,3,3,2,0,2,0,4,2,365745241,1400223021,36.962567,140.039728,4,3,9999,0,1,0
true,41,111,90,2,0,1,20000,0,213,2023,5,18,1,14,22,4,32,18,43,1,3,1,14,7,0,0,0,0,3,9,1,70,4,2,41,1,0,3,75,31,0,1,0,1,0,11,0,4,0,10,0,1,0,1,0,2,0,2,0,365210603,1395829996,36.869612,139.974999,5,3,9999,0,1,0
true,41,111,91,2,0,1,80000,0,213,2023,5,6,14,34,12,4,42,18,32,1,3,5,14,7,0,0,0,0,1,8,1,70,5,4,41,1,0,51,76,41,0,0,0,0,0,0,0,0,0,10,0,2,0,0,0,0,0,2,0,370727001,1395108100,37.124167,139.85225,7,3,0,0,0,0
true,41,111,92,2,0,1,30000,0,213,2023,5,15,8,0,12,4,34,18,40,3,3,2,1,7,9,22,1,21,15,9,30,70,5,4,21,35,65,4,14,31,31,1,11,1,2,11,11,4,10,20,80,3,3,2,2,2,2,2,4,365529435,1400001526,36.924843,140.000424,2,3,9999,9999,5,9
true,41,111,93,2,0,1,30000,0,213,2023,5,29,14,51,12,4,25,18,51,2,2,1,14,7,0,0,0,0,2,9,20,70,5,4,1,75,65,4,61,31,0,1,0,2,0,11,0,10,0,88,0,3,0,2,0,2,0,4,2,365427140,1395729138,36.907539,139.958094,2,3,741,0,9,0
true,41,111,94,2,0,1,30000,0,213,2023,5,29,20,21,22,4,25,18,51,3,3,2,1,1,9,22,0,0,15,9,30,70,4,2,1,35,35,3,61,31,0,1,0,1,0,1,0,3,0,80,0,3,0,2,0,2,0,4,2,365309683,1395844270,36.886023,139.978964,2,3,9999,0,5,0
true,41,112,48,2,0,2,30000,0,216,2023,4,28,6,44,12,4,51,18,25,1,1,1,1,7,9,22,1,22,15,9,30,70,5,2,21,45,65,3,4,31,31,1,1,1,1,0,11,3,3,50,60,2,2,1,2,2,2,2,4,362225439,1395036035,36.373733,139.843343,6,2,9999,9999,9,9
true,41,112,49,2,0,1,30000,0,216,2023,4,25,22,34,22,4,55,18,23,3,3,2,1,7,1,21,9,22,11,9,30,70,5,4,21,25,35,3,3,31,31,1,1,1,1,1,1,10,10,10,40,2,2,1,1,2,2,4,2,362506535,1395315234,36.418482,139.887565,3,3,9999,9999,1,5
true,41,112,50,2,0,1,30000,0,216,2023,5,4,14,45,12,4,44,18,31,1,3,1,1,7,9,22,1,21,14,9,30,70,1,4,21,35,35,3,51,31,41,1,0,1,0,11,0,10,0,40,10,3,2,2,0,2,0,4,2,362239637,1395200084,36.377677,139.86669,5,1,9999,0,5,0
true,41,112,51,2,0,1,30000,0,216,2023,5,6,9,50,12,4,42,18,32,1,3,1,1,7,1,21,9,22,15,9,30,70,5,4,21,35,1,3,13,31,31,1,11,1,1,11,11,1,3,0,0,2,2,2,2,2,2,4,4,362232239,1395042032,36.375622,139.845009,7,3,9999,9999,1,1
true,41,112,52,2,0,2,41,928,301,2023,5,6,15,31,12,4,42,18,32,1,3,1,14,7,0,0,0,0,2,9,1,70,1,3,21,35,45,3,3,31,31,1,1,1,1,11,11,1,10,0,0,3,3,2,2,2,2,4,2,362722709,1395432036,36.456308,139.908899,7,3,9999,9999,1,9
true,41,112,53,2,0,3,41,879,301,2023,5,7,15,4,12,4,41,18,33,3,3,2,14,7,0,0,0,0,6,9,1,70,1,1,21,25,25,3,4,31,31,1,1,1,1,0,0,10,10,10,31,3,3,2,2,2,2,4,2,362444798,1395350827,36.412444,139.897452,1,3,9999,9999,1,1
true,41,112,54,2,0,1,99000,0,216,2023,5,12,9,28,12,4,37,18,38,1,2,1,0,7,0,0,0,0,0,0,20,70,0,4,1,65,55,3,61,31,0,1,0,1,0,0,0,10,0,50,0,3,0,2,0,2,0,4,2,362446130,1395140021,36.412814,139.861117,6,3,9999,0,9,0
true,41,112,55,2,0,2,41,877,301,2022,10,19,8,32,12,5,51,17,0,1,3,1,14,7,0,0,0,0,6,9,1,70,1,1,21,25,25,11,3,31,31,11,1,2,1,0,0,10,10,10,30,3,3,2,2,2,2,2,2,362438812,1395345449,36.410781,139.895958,4,3,9999,9999,5,5
true,41,112,56,2,0,2,41,915,301,2023,4,17,12,48,12,5,5,18,16,1,2,1,14,7,0,0,0,0,6,9,1,70,1,2,21,65,25,3,3,31,31,1,1,1,1,11,0,10,10,10,30,3,3,2,2,2,2,4,2,362636100,1395424660,36.443361,139.90685,2,3,9999,9999,9,1
true,41,112,57,2,0,1,21580,0,301,2023,5,15,7,43,12,4,34,18,40,3,3,2,1,7,1,21,9,22,14,9,30,70,5,2,21,55,25,3,4,31,31,1,1,1,1,11,11,10,3,70,10,3,3,2,2,2,2,4,4,362719663,1395604438,36.455462,139.934566,2,3,9999,9999,9,1
true,41,112,58,2,0,1,30000,0,216,2023,5,18,6,29,12,4,32,18,43,1,1,1,1,7,1,22,9,22,15,9,30,70,5,4,21,25,55,13,51,31,41,11,0,1,0,0,0,10,0,10,40,3,3,2,0,2,0,4,2,362242773,1395028370,36.378548,139.841214,5,3,9999,0,5,0
true,41,112,59,2,0,1,30000,0,216,2023,5,21,3,16,22,4,30,18,45,1,3,1,14,7,0,0,0,0,3,9,1,70,5,3,41,75,0,51,76,41,0,0,0,0,0,0,0,0,0,10,0,3,0,0,0,0,0,2,0,362527386,1395107749,36.424274,139.852153,1,3,0,0,0,0
true,41,112,60,2,0,1,21830,0,216,2023,5,8,7,12,12,4,40,18,34,3,3,2,1,7,9,22,9,22,17,9,30,70,5,2,21,25,1,3,51,31,41,1,0,1,0,0,0,10,0,80,10,3,2,2,0,2,0,4,2,362409292,1395109719,36.402581,139.8527,2,3,9999,0,1,0
true,41,112,61,1,1,0,10440,0,216,2023,5,26,5,20,11,4,26,18,49,2,3,1,1,7,1,21,9,22,14,9,30,70,4,2,21,35,55,17,35,1,31,11,0,2,0,11,11,10,4,70,10,3,1,2,0,2,0,4,1,362319939,1394950588,36.388872,139.830719,6,3,9999,9999,1,9
true,41,112,62,2,0,1,10650,0,216,2023,5,30,14,23,12,4,25,18,52,1,3,1,14,7,0,0,0,0,1,9,1,70,5,2,41,75,0,51,76,41,0,0,0,0,0,0,0,0,0,40,0,3,0,0,0,0,0,2,0,362614322,1395131996,36.437312,139.858888,3,3,0,0,0,0
true,41,113,37,2,0,1,40,1206,386,2023,1,25,8,18,12,6,47,16,58,5,3,4,14,7,0,0,0,0,4,9,1,70,1,2,21,45,25,3,4,31,31,1,1,1,1,11,11,10,10,10,30,3,3,2,2,2,2,4,2,363834588,1395800214,36.642941,139.966726,4,3,9999,9999,9,1
true,41,113,38,2,0,1,20000,0,386,2023,4,24,11,25,12,4,56,18,22,1,2,1,1,7,9,22,1,21,11,9,30,70,5,4,21,35,1,3,51,31,41,1,0,1,0,11,0,2,0,10,40,3,3,2,0,2,0,4,2,363744929,1395847986,36.629147,139.979996,2,3,9999,0,5,0
true,41,113,39,2,0,1,40,1186,386,2023,5,6,13,30,12,4,42,18,32,2,3,1,14,7,0,0,0,0,3,9,1,70,1,2,21,35,75,3,4,31,31,1,1,1,1,11,11,10,10,10,30,3,3,2,2,2,2,4,2,363726054,1395826069,36.623904,139.973908,7,3,9999,315,1,9
true,41,113,40,2,0,4,40,1239,214,2023,5,5,18,40,21,4,43,18,32,1,3,1,14,7,0,0,0,0,4,9,1,70,1,2,21,1,25,3,3,31,31,1,1,1,1,11,11,10,10,10,31,2,2,1,2,2,2,4,2,364233937,1395728001,36.709427,139.957778,6,1,9999,9999,1,1
true,41,113,41,2,0,1,30000,0,214,2023,5,9,8,28,12,4,39,18,35,1,2,1,1,7,1,21,9,22,11,9,30,70,5,4,21,35,35,17,3,31,31,11,1,1,1,11,11,5,5,80,20,3,3,2,2,2,2,4,2,364211617,1395828045,36.703227,139.974457,3,3,9999,9999,1,1
true,41,113,42,2,0,1,10250,0,214,2023,5,10,17,18,12,4,38,18,36,1,3,1,1,7,9,22,1,22,15,9,30,70,4,2,21,45,55,3,4,31,31,1,1,1,1,11,11,3,10,70,10,2,2,2,2,2,2,2,4,364423010,1400212606,36.739725,140.036835,4,3,9999,9999,5,9
true,41,113,43,2,0,1,20000,0,386,2023,3,24,8,5,12,5,39,17,55,1,3,1,1,7,9,22,1,21,14,9,30,70,5,3,21,45,35,3,4,31,31,1,1,1,1,11,11,3,10,40,10,3,3,2,2,2,2,2,4,363923279,1400125681,36.656466,140.0238,6,3,9999,9999,9,1
true,41,113,44,2,0,1,30000,0,214,2023,5,18,13,23,12,4,32,18,43,1,2,1,1,7,9,22,9,22,11,9,30,70,5,4,21,45,1,3,51,1,41,1,0,1,0,11,0,10,0,10,40,3,3,2,0,2,0,4,2,364054635,1395759656,36.681843,139.966571,5,3,9999,0,5,0
true,41,113,45,2,0,1,2930,0,214,2023,5,22,14,40,12,4,29,18,46,3,3,2,1,7,1,21,9,22,14,9,30,70,5,2,21,75,75,3,52,31,41,1,0,1,0,11,0,10,0,80,20,3,3,2,0,2,0,4,2,364048846,1395813750,36.680235,139.970486,2,3,970,0,9,0
true,41,113,46,2,0,1,40,1300,214,2023,5,23,13,44,12,4,28,18,47,3,2,2,14,1,0,0,0,0,5,9,1,70,1,2,21,25,45,11,3,1,31,11,1,1,1,11,11,10,10,50,70,3,2,2,2,2,2,4,2,364337862,1395733350,36.727184,139.959264,3,3,9999,9999,1,9