資料区分,都道府県コード,警察署等コード,本票番号,事故内容,死者数,負傷者数,路線コード,地点コード,市区町村コード,発生日時　　年,発生日時　　月,発生日時　　日,発生日時　　時,発生日時　　分,昼夜,日の出時刻　　時,日の出時刻　　分,日の入り時刻　　時,日の入り時刻　　分,天候,地形,路面状態,道路形状,信号機,一時停止規制　標識（当事者A）,一時停止規制　表示（当事者A）,一時停止規制　標識（当事者B）,一時停止規制　表示（当事者B）,車道幅員,道路線形,衝突地点,ゾーン規制,中央分離帯施設等,歩車道区分,事故類型,年齢（当事者A）,年齢（当事者B）,当事者種別（当事者A）,当事者種別（当事者B）,用途別（当事者A）,用途別（当事者B）,車両形状等（当事者A）,車両形状等（当事者B）,オートマチック車（当事者A）,オートマチック車（当事者B）,サポカー（当事者A）,サポカー（当事者B）,速度規制（指定のみ）（当事者A）,速度規制（指定のみ）（当事者B）,車両の衝突部位（当事者A）,車両の衝突部位（当事者B）,車両の損壊程度（当事者A）,車両の損壊程度（当事者B）,エアバッグの装備（当事者A）,エアバッグの装備（当事者B）,サイドエアバッグの装備（当事者A）,サイドエアバッグの装備（当事者B）,人身損傷程度（当事者A）,人身損傷程度（当事者B）,地点　緯度（北緯）,地点　経度（東経）,地点　緯度（北緯）_1,地点　経度（東経）_1,曜日(発生年月日),祝日(発生年月日),認知機能検査経過日数（当事者A）,認知機能検査経過日数（当事者B）,運転練習の方法（当事者A）,運転練習の方法（当事者B）
true,41,113,47,2,0,1,30000,0,214,2023,5,24,5,39,12,4,28,18,47,1,3,1,1,1,9,22,9,22,14,9,30,70,4,2,21,65,55,11,4,1,31,11,1,2,1,11,11,10,10,10,10,3,2,2,1,2,2,4,2,364046672,1400119250,36.679631,140.022014,4,3,9999,9999,9,9
true,41,113,48,2,0,1,40,1300,214,2023,5,28,12,48,12,4,25,18,50,1,2,1,1,7,1,21,9,22,18,9,30,70,1,2,21,65,65,3,4,31,31,1,1,1,1,11,11,10,10,20,80,2,2,2,2,2,2,4,2,363908600,1395742073,36.652389,139.961687,1,3,9999,9999,9,9
true,41,114,32,2,0,1,10300,0,211,2023,5,1,14,3,12,4,48,18,28,2,3,1,14,7,0,0,0,0,4,9,1,70,4,2,21,1,65,12,4,31,31,11,1,1,1,11,11,10,10,10,30,3,3,2,2,2,2,4,4,364822536,1395513706,36.80626,139.920474,2,3,9999,9999,5,9
true,41,114,33,2,0,1,30000,0,211,2023,4,26,13,48,12,4,54,18,24,3,2,2,1,7,9,22,9,22,11,9,30,70,5,4,21,35,1,3,51,31,41,1,0,1,0,11,0,10,0,40,10,3,3,2,0,2,0,4,2,364742331,1395554707,36.795092,139.931863,4,3,9999,0,5,0
true,41,114,34,2,0,1,10300,0,211,2023,5,2,12,0,12,4,47,18,29,1,2,1,14,7,0,0,0,0,4,9,1,70,4,2,21,25,65,3,4,31,31,1,1,1,1,11,11,4,4,10,30,3,3,1,2,2,2,4,2,364446608,1395707276,36.74628,139.952021,3,2,9999,9999,1,9
true,41,114,35,2,0,1,40,1358,211,2023,5,4,23,40,22,4,44,18,31,1,3,1,13,7,0,0,0,0,2,2,20,70,5,2,21,45,45,3,51,31,41,1,0,1,0,11,0,4,0,81,0,3,3,2,0,2,0,4,2,364625939,1395637234,36.773872,139.943676,5,1,9999,0,1,0
true,41,114,36,2,0,2,40,1436,211,2023,5,5,11,17,12,4,43,18,32,1,3,1,14,7,0,0,0,0,1,9,1,70,5,2,21,1,55,3,13,31,31,1,11,1,1,11,11,5,5,30,10,2,2,2,2,2,2,2,4,364942190,1395653146,36.828386,139.948096,6,1,9999,9999,1,9
true,41,114,37,2,0,1,10770,0,384,2023,4,30,15,40,12,4,49,18,27,2,3,1,14,7,0,0,0,0,1,9,1,70,5,4,41,1,0,4,75,31,0,1,0,1,0,11,0,4,0,10,0,1,0,2,0,2,0,4,0,364605394,1394529452,36.768165,139.758181,1,3,9999,0,1,0
true,41,114,38,2,0,1,20000,0,211,2023,5,13,19,15,21,4,36,18,38,3,2,2,1,1,9,22,0,0,15,9,30,70,5,2,1,1,75,3,61,31,0,1,0,1,0,11,0,3,0,10,0,3,0,2,0,2,0,4,2,364832454,1395554793,36.809015,139.931887,7,3,9999,0,5,0
true,41,114,39,2,0,1,4610,0,384,2023,5,13,13,33,12,4,36,18,38,3,3,1,14,7,0,0,0,0,1,9,1,70,5,2,21,45,75,3,14,31,31,1,11,1,1,11,11,4,4,50,50,3,3,2,2,2,2,2,4,364612504,1395046309,36.77014,139.846197,7,3,9999,722,9,9
true,41,114,40,2,0,1,40,1439,211,2023,5,22,6,2,12,4,29,18,46,1,3,1,14,7,0,0,0,0,4,9,1,70,4,2,21,1,35,3,3,31,31,1,1,1,1,11,11,4,4,55,60,1,3,1,2,2,2,4,4,364949433,1395654524,36.830398,139.948479,2,3,9999,9999,1,5
true,41,114,41,2,0,1,40,1382,211,2023,5,4,22,10,22,4,44,18,31,1,2,1,14,7,0,0,0,0,1,7,1,70,5,2,21,35,35,3,4,31,31,1,1,1,1,11,11,4,4,33,11,3,3,2,2,2,2,2,4,364740369,1395640978,36.794547,139.944716,5,1,9999,9999,1,1
true,41,114,42,2,0,1,99000,0,211,2023,5,30,3,30,23,4,25,18,52,2,3,2,0,7,0,0,0,0,0,0,20,70,0,4,41,55,0,36,76,31,0,0,0,0,0,11,0,10,0,44,0,3,0,0,0,0,0,2,0,364808330,1395354672,36.802314,139.89852,3,3,9999,0,9,0
true,41,114,43,2,0,1,40,1396,211,2023,5,29,9,15,12,4,25,18,51,3,2,2,7,1,0,0,0,0,2,7,1,70,5,2,21,35,55,12,3,31,31,11,1,2,1,11,11,4,4,33,11,3,3,2,2,2,2,2,4,364823846,1395629569,36.806624,139.941547,2,3,9999,9999,1,9
true,41,115,13,2,0,1,10100,0,215,2023,4,28,16,9,12,4,51,18,25,1,3,1,1,1,9,22,9,22,18,9,30,70,4,2,21,25,1,3,51,31,41,1,0,1,0,11,0,4,0,60,10,3,3,2,0,2,0,4,2,363918356,1400509200,36.655099,140.085889,6,2,9999,0,1,0
true,41,115,14,2,0,1,30000,0,215,2023,5,14,17,6,12,4,35,18,39,1,2,1,14,7,0,0,0,0,1,9,1,70,5,4,41,75,0,51,76,41,0,0,0,0,0,0,0,0,0,10,0,3,0,0,0,0,0,2,0,363925268,1400552026,36.657019,140.097785,1,3,0,0,0,0
true,41,116,9,2,0,2,1230,0,344,2023,4,29,17,12,12,4,50,18,26,1,3,1,14,7,0,0,0,0,3,9,1,70,4,2,21,25,25,3,4,31,31,1,1,1,1,11,11,10,10,77,55,3,3,2,2,2,2,2,4,363038142,1400410711,36.510595,140.069642,7,1,9999,9999,5,1
true,41,116,10,2,0,1,1230,0,343,2023,5,8,6,20,12,4,40,18,34,3,3,2,1,1,9,22,9,22,14,7,30,70,4,2,21,45,45,12,3,1,31,11,1,2,1,11,11,4,4,80,50,3,3,2,2,2,2,4,2,363234424,1401301185,36.542896,140.216996,2,3,9999,9999,9,1
true,41,116,11,2,0,1,30000,0,343,2023,5,31,15,58,12,4,24,18,52,1,2,1,14,7,0,0,0,0,3,8,1,70,5,4,41,75,0,14,75,31,0,11,0,2,0,11,0,10,0,81,0,3,0,2,0,2,0,2,0,363156834,1401142976,36.532454,140.195271,4,3,249,0,9,0
true,41,119,5,2,0,1,2940,0,411,2023,5,4,9,45,12,4,44,18,31,1,3,1,12,7,0,0,0,0,3,9,1,70,4,2,21,65,55,3,3,31,31,1,1,1,1,11,11,10,10,10,30,3,3,2,2,2,2,4,2,364501559,1400813592,36.750433,140.137109,5,1,9999,9999,9,9
true,41,119,6,2,0,1,30000,0,411,2023,5,20,17,27,12,4,30,18,44,2,3,1,12,7,0,0,0,0,2,9,1,70,5,2,41,1,0,51,76,41,0,0,0,0,0,0,0,0,0,10,0,3,0,0,0,0,0,2,0,364136622,1401005167,36.693506,140.168102,7,3,0,0,0,0
true,41,119,7,2,0,1,2940,0,411,2023,5,26,3,17,22,4,26,18,49,2,3,1,14,7,0,0,0,0,3,9,1,70,5,2,21,75,65,3,34,31,31,1,0,1,0,11,11,5,5,10,30,2,2,2,0,2,0,4,2,364648619,1400703958,36.780172,140.117766,6,3,632,9999,9,9
true,41,122,155,2,0,2,40,1106,201,2023,4,21,22,42,22,5,0,18,19,1,1,1,14,7,0,0,0,0,1,9,1,70,4,2,21,35,25,3,4,31,31,1,1,1,1,11,11,4,4,31,10,2,2,2,1,2,1,2,4,363449451,1395522058,36.580403,139.922794,6,3,9999,9999,1,1
true,41,122,156,2,0,1,10640,0,201,2023,4,4,19,42,22,5,23,18,5,1,3,1,14,7,0,0,0,0,1,9,1,70,1,2,21,1,65,3,14,31,31,1,11,1,1,11,11,5,5,30,10,3,3,2,2,2,2,2,4,363358086,1395826245,36.566135,139.973957,3,3,9999,9999,1,1
true,41,122,157,2,0,1,99000,0,201,2023,4,27,15,42,12,4,52,18,25,1,1,1,0,7,0,0,0,0,0,0,20,70,0,4,21,25,35,3,4,31,31,1,1,1,1,11,11,10,10,40,70,3,3,2,2,2,2,2,4,363418062,1395451545,36.571684,139.914318,5,3,9999,9999,1,4
true,41,122,158,2,0,1,10460,0,201,2023,5,7,21,35,22,4,41,18,33,3,2,2,1,1,9,22,9,22,18,9,30,70,1,2,21,45,55,4,4,31,31,1,1,1,1,11,11,3,10,10,40,2,2,2,2,2,2,4,2,363239768,1395357250,36.54438,139.899236,1,3,9999,9999,9,5
true,41,122,159,2,0,1,30000,0,201,2023,5,8,14,29,12,4,40,18,34,2,1,1,14,7,0,0,0,0,4,9,1,70,4,3,21,1,45,4,4,31,31,1,1,1,1,11,11,4,4,10,31,2,2,2,2,2,2,4,2,363315530,1395529280,36.554314,139.9248,2,3,9999,9999,1,1
true,41,122,160,2,0,1,30000,0,201,2023,5,9,18,25,13,4,39,18,35,1,3,1,1,7,9,22,9,22,14,9,30,70,4,4,21,25,55,3,4,31,31,1,1,1,1,11,11,10,10,10,40,1,1,1,2,2,2,4,2,364035735,1395453770,36.676593,139.914936,3,3,9999,9999,1,9
true,41,122,161,2,0,1,30000,0,201,2023,5,10,9,55,12,4,38,18,36,1,3,1,14,1,0,0,0,0,3,9,1,70,4,2,41,45,0,51,76,41,0,0,0,0,0,0,0,0,0,40,0,3,0,0,0,0,0,2,0,363704094,1395548932,36.617804,139.930259,4,3,0,0,0,0
true,41,122,162,2,0,1,20000,0,201,2023,5,10,7,50,12,4,38,18,36,1,3,1,14,7,0,0,0,0,3,9,1,70,4,2,21,35,55,3,3,31,31,1,1,1,2,11,11,10,10,10,14,1,1,1,1,2,2,4,2,364018588,1395322661,36.67183,139.889628,4,3,9999,9999,1,9
true,41,122,163,2,0,1,30000,0,201,2023,4,28,17,51,13,4,51,18,25,1,3,1,14,1,0,0,0,0,4,9,1,70,4,2,21,45,55,3,3,31,31,1,1,1,1,11,11,4,4,10,30,3,3,2,2,2,2,4,2,363354428,1395842841,36.565119,139.978567,6,2,9999,9999,9,4
true,41,122,164,2,0,1,10640,0,201,2023,5,13,11,55,12,4,36,18,38,3,1,2,14,7,0,0,0,0,3,9,1,70,5,2,41,1,0,51,76,41,0,0,0,0,0,0,0,0,0,10,0,3,0,0,0,0,0,2,0,363345492,1395412105,36.562637,139.903363,7,3,0,0,0,0
true,41,122,165,2,0,1,30000,0,201,2023,5,8,8,40,12,4,40,18,34,3,3,2,14,1,0,0,0,0,3,9,1,70,4,2,21,25,65,3,4,31,31,1,1,1,1,11,11,4,4,30,10,3,3,2,2,2,2,2,4,363536121,1395420920,36.593367,139.905811,2,3,9999,9999,1,9
true,41,122,166,2,0,1,30000,0,201,2023,5,2,15,48,12,4,47,18,29,2,1,1,14,7,0,0,0,0,4,9,1,70,4,2,21,35,45,3,4,31,31,1,1,1,1,11,11,4,4,60,80,3,3,2,2,2,2,2,4,363311308,1395339512,36.553141,139.894309,3,2,9999,9999,1,1
true,41,122,167,2,0,1,21250,0,201,2023,5,16,5,5,11,4,33,18,41,2,1,1,14,7,0,0,0,0,4,9,1,70,4,2,41,25,0,34,75,31,0,0,0,0,0,11,0,4,0,40,0,3,0,0,0,0,0,2,0,363350836,1395352685,36.564121,139.897968,3,3,9999,0,1,0
true,41,122,168,2,0,1,20000,0,201,2023,5,9,10,10,12,4,39,18,35,1,3,1,1,7,1,21,9,22,14,9,30,70,4,3,21,75,75,4,4,31,31,1,1,1,1,11,11,10,10,10,20,3,1,2,1,2,2,4,2,363724467,1395715692,36.623463,139.954359,3,3,827,119,9,9
true,41,122,169,2,0,1,40,1148,201,2023,5,9,14,10,12,4,39,18,35,1,3,1,14,1,0,0,0,0,4,9,1,70,1,2,21,45,45,3,3,31,31,1,1,1,1,11,11,4,4,10,30,3,3,2,2,2,2,4,2,363605490,1395720920,36.601525,139.955811,3,3,9999,9999,1,5
true,41,122,170,2,0,1,30000,0,201,2023,4,21,19,8,21,5,0,18,19,2,1,1,1,7,1,21,9,22,15,9,30,70,4,2,21,25,55,4,4,31,31,1,1,1,1,11,11,3,4,40,10,2,2,2,2,2,2,4,2,363332594,1395428030,36.559054,139.907786,6,3,9999,9999,1,9
true,41,122,171,2,0,1,41,1075,201,2023,5,17,15,30,12,4,32,18,42,2,1,1,1,1,9,22,9,22,18,9,30,70,1,2,21,65,1,14,51,31,41,11,0,1,0,11,0,2,0,50,40,3,3,2,0,2,0,4,2,363454512,1395622729,36.581809,139.939647,4,3,9999,0,9,0
true,41,122,172,2,0,2,1190,0,201,2023,5,2,17,14,12,4,47,18,29,1,2,1,7,1,0,0,0,0,2,9,1,70,1,2,21,55,55,3,13,31,31,1,11,1,1,11,11,10,10,10,30,3,3,2,2,2,2,4,2,363534271,1395415854,36.592853,139.904404,3,2,9999,9999,9,9
true,41,122,173,2,0,1,10010,0,201,2023,5,19,16,36,12,4,31,18,43,3,1,2,1,1,9,22,9,22,18,6,30,70,5,2,21,45,65,3,51,31,41,1,0,1,0,11,0,4,0,40,20,3,3,2,0,2,0,4,2,363312967,1395359788,36.553602,139.899941,6,3,9999,0,5,0
true,41,122,174,2,0,1,30000,0,201,2023,5,21,16,25,12,4,30,18,45,1,3,1,14,7,0,0,0,0,3,9,1,70,5,3,41,1,0,51,76,41,0,0,0,0,0,0,0,0,0,10,0,3,0,0,0,0,0,2,0,363435332,1395913362,36.576481,139.987045,1,3,0,0,0,0
true,41,122,175,2,0,1,4080,0,201,2023,5,22,2,30,22,4,29,18,46,1,3,1,14,7,0,0,0,0,3,9,1,70,4,2,1,55,75,13,61,31,0,11,0,1,0,11,0,4,0,40,0,3,0,2,0,2,0,4,2,363141020,1395755195,36.528061,139.965332,2,3,9999,0,5,0
true,41,122,176,2,0,1,30000,0,201,2023,1,4,10,2,12,6,53,16,38,1,1,1,1,7,1,21,9,22,15,9,30,70,5,4,21,75,65,4,4,31,31,1,1,1,1,11,1,10,10,80,50,3,3,2,2,2,2,4,2,363231895,1395416430,36.542193,139.904564,4,3,852,9999,9,9
true,41,122,177,2,0,1,1230,0,201,2023,5,22,16,6,12,4,29,18,46,3,3,2,1,1,9,22,9,22,17,3,30,70,4,2,21,1,65,4,35,31,31,1,0,1,0,11,11,4,4,10,10,2,2,2,0,2,0,4,2,363303488,1395455030,36.550969,139.915286,2,3,9999,9999,1,9
true,41,122,178,2,0,2,1230,0,201,2023,5,23,12,22,12,4,28,18,47,3,3,2,7,7,0,0,0,0,1,9,1,70,5,2,21,55,35,3,4,31,31,1,1,1,1,11,11,5,5,10,31,2,2,1,2,2,2,4,2,363221764,1395754691,36.539379,139.965192,3,3,9999,9999,9,1
true,41,122,179,2,0,2,10630,0,201,2023,5,23,21,20,22,4,28,18,47,2,2,1,1,7,9,22,1,21,14,9,30,70,1,2,21,25,1,3,4,31,31,1,1,1,1,11,11,5,5,10,10,1,1,2,1,2,2,2,2,363836647,1395424883,36.643513,139.906912,3,3,9999,9999,5,1
true,41,122,180,2,0,1,1230,0,201,2023,5,20,17,20,12,4,30,18,44,2,1,1,14,7,0,0,0,0,3,9,1,70,5,2,21,55,35,3,4,31,31,1,1,1,1,11,11,4,4,80,20,3,3,2,2,2,2,2,4,363315311,1395353599,36.554253,139.898222,7,3,9999,9999,1,5
true,41,122,181,2,0,1,20000,0,201,2023,5,24,8,10,12,4,28,18,47,1,2,1,7,1,0,0,0,0,1,9,1,70,5,2,21,35,25,12,3,31,31,11,1,1,1,11,11,5,5,30,10,3,3,2,2,2,2,2,4,363552890,1395704615,36.598025,139.951282,4,3,9999,9999,5,1
true,41,122,182,2,0,1,40,1059,201,2023,5,29,17,30,12,4,25,18,51,2,2,2,14,7,0,0,0,0,2,9,1,70,5,3,41,1,0,51,75,41,0,0,0,0,0,0,0,0,0,10,0,3,0,0,0,0,0,2,0,363239559,1395338465,36.544322,139.894018,2,3,0,0,0,0
true,41,122,183,2,0,1,30000,0,201,2023,5,20,21,21,22,4,30,18,44,2,3,1,14,7,0,0,0,0,3,9,1,70,4,2,21,1,45,3,4,1,31,1,1,1,1,11,11,3,3,30,10,3,3,2,2,2,1,2,4,363309788,1395525532,36.552719,139.923759,7,3,9999,9999,5,1
true,41,122,184,2,0,1,99000,0,201,2023,5,22,14,53,12,4,29,18,46,3,3,1,0,7,0,0,0,0,0,0,20,70,0,4,21,35,45,3,3,31,31,1,1,1,1,11,11,10,10,30,10,3,3,2,2,2,2,4,2,363233803,1395327874,36.542723,139.891076,2,3,9999,9999,1,9
true,41,122,185,2,0,1,30000,0,201,2023,5,11,12,50,12,4,37,18,37,1,1,1,1,1,9,22,9,22,15,9,30,70,5,2,21,45,25,3,4,31,31,1,1,1,1,11,11,4,4,10,10,2,2,1,2,2,2,4,2,363303730,1395408525,36.551036,139.902368,5,3,9999,9999,1,1
true,41,122,186,2,0,1,30000,0,201,2023,3,10,5,20,23,6,0,17,43,2,2,1,1,1,9,22,9,22,15,9,30,70,4,3,21,65,55,3,3,31,31,1,1,1,1,11,11,3,2,10,10,2,2,1,1,2,2,4,2,363330715,1395504595,36.558532,139.917943,6,3,9999,9999,9,9
true,41,122,187,2,0,1,10690,0,201,2023,5,23,7,30,12,4,28,18,47,3,1,2,1,1,9,22,0,0,15,9,30,70,5,2,21,1,0,51,0,41,0,0,0,0,0,0,0,0,0,20,0,3,0,0,0,0,0,2,0,363403526,1395954625,36.567646,139.998507,3,3,0,0,0,0
true,41,123,110,2,0,1,30000,0,201,2023,5,2,11,41,12,4,47,18,29,1,2,1,1,7,9,22,0,0,11,8,30,70,5,4,41,75,0,51,76,41,0,0,0,0,0,0,0,0,0,10,0,3,0,0,0,0,0,2,0,363121691,1395144464,36.522692,139.862351,3,2,0,0,0,0
true,41,123,111,2,0,1,10350,0,201,2023,5,2,8,8,12,4,47,18,29,1,2,1,1,1,9,22,9,22,14,9,30,70,4,2,21,45,1,4,51,31,41,1,0,1,0,11,0,3,0,10,10,3,3,2,0,2,0,4,2,363036580,1395346194,36.510161,139.896165,3,2,9999,0,9,0
true,41,123,112,2,0,1,20000,0,201,2023,5,4,14,43,12,4,44,18,31,1,2,1,13,7,0,0,0,0,3,3,1,70,4,3,41,35,0,34,75,31,0,0,0,0,0,11,0,4,0,10,0,2,0,0,0,0,0,2,0,363058090,1395630257,36.516136,139.941738,5,1,9999,0,1,0
true,41,123,113,2,0,1,21840,0,201,2023,4,17,7,44,12,5,5,18,16,1,2,1,1,7,1,21,9,22,14,9,30,70,4,2,21,35,1,3,51,31,41,1,0,1,0,11,0,10,0,50,10,3,2,2,0,2,0,4,2,362920141,1395034163,36.488928,139.842823,2,3,9999,0,1,0
true,41,123,114,2,0,1,30000,0,201,2023,5,10,18,48,21,4,38,18,36,1,1,1,14,7,0,0,0,0,3,9,1,70,4,3,1,45,1,4,61,31,0,1,0,1,0,11,0,2,0,10,0,3,0,2,0,2,0,4,2,362954852,1395149342,36.49857,139.863706,4,3,9999,0,9,0
true,41,123,115,2,0,1,99000,0,201,2023,5,13,9,12,12,4,36,18,38,2,3,1,0,7,0,0,0,0,0,0,20,70,0,4,1,65,75,3,61,31,0,1,0,1,0,11,0,10,0,60,0,3,0,2,0,2,0,4,2,363205100,1395417230,36.53475,139.904786,7,3,9999,0,9,0
true,41,123,116,2,0,1,30000,0,201,2023,5,12,7,20,12,4,37,18,38,1,1,1,1,7,9,22,9,22,14,9,30,70,4,2,21,55,1,4,51,31,41,1,0,1,0,11,0,3,0,80,10,3,3,2,0,2,0,4,2,363157536,1395152754,36.532649,139.864654,6,3,9999,0,9,0
true,41,123,117,2,0,1,30000,0,201,2023,5,12,18,8,13,4,37,18,38,2,3,1,1,7,9,22,9,22,11,9,30,70,5,4,21,35,45,3,3,31,31,1,1,1,1,11,11,10,10,80,20,2,2,2,2,2,2,4,2,363147748,1395300326,36.52993,139.883424,6,3,9999,9999,1,9
true,41,123,118,2,0,1,30000,0,201,2023,5,13,17,46,13,4,36,18,38,3,2,2,1,7,1,21,9,22,14,9,30,70,5,3,21,35,25,4,4,31,31,1,1,1,1,11,11,2,3,10,40,3,3,2,2,2,2,4,2,363105408,1395150670,36.518169,139.864075,7,3,9999,9999,5,1
true,41,123,119,2,0,1,99000,0,201,2023,5,23,13,12,12,4,28,18,47,2,2,1,0,7,0,0,0,0,0,0,20,70,0,4,21,25,35,11,3,1,31,11,1,1,1,11,11,10,10,60,40,3,3,2,2,2,2,4,2,363158202,1395202964,36.532834,139.86749,3,3,9999,9999,1,1
true,41,123,120,2,0,1,1210,0,201,2023,4,20,14,5,12,5,1,18,19,1,2,1,1,1,9,22,9,22,18,9,30,70,1,2,21,65,25,3,3,31,31,1,1,1,1,11,11,10,10,80,20,3,3,2,2,2,2,4,2,363012578,1395303203,36.503494,139.884223,5,3,9999,9999,9,1
true,41,123,121,2,0,1,40,1044,201,2023,5,22,16,32,12,4,29,18,46,1,2,1,1,7,9,22,9,22,17,9,30,70,1,2,21,65,55,3,51,31,41,1,0,1,0,11,0,10,0,10,20,3,3,2,0,2,0,4,2,363213733,1395250430,36.537148,139.880675,2,3,9999,0,9,0
true,41,123,122,2,0,1,10350,0,201,2023,5,19,16,45,12,4,31,18,43,3,1,1,7,1,0,0,0,0,3,9,1,70,5,2,21,25,1,3,4,31,31,1,1,1,1,11,11,4,4,30,10,3,3,2,2,2,2,2,4,363227355,1395322319,36.540932,139.889533,6,3,9999,9999,1,1
true,41,123,123,2,0,3,30000,0,201,2023,5,23,7,34,12,4,28,18,47,3,3,2,1,7,9,22,9,22,11,9,30,70,5,4,21,35,35,3,4,31,31,1,1,1,1,11,11,2,3,30,10,1,3,2,2,2,2,2,4,362904400,1395307336,36.484556,139.885371,3,3,9999,9999,5,1
true,41,123,124,2,0,1,30000,0,201,2023,5,29,14,5,12,4,25,18,51,3,2,1,14,7,0,0,0,0,4,8,1,70,4,2,41,55,0,36,76,31,0,0,0,0,0,11,0,2,0,40,0,3,0,0,0,0,0,2,0,363108918,1395120160,36.519144,139.8556,2,3,9999,0,9,0
true,41,123,125,2,0,1,40,1006,201,2023,5,27,15,24,12,4,26,18,50,1,2,1,14,7,0,0,0,0,3,9,1,70,4,2,21,45,45,3,3,31,31,1,1,1,1,11,11,4,4,0,0,3,3,2,2,2,2,4,2,363013493,1395229813,36.503748,139.874948,7,3,9999,9999,1,9
true,41,123,126,2,0,2,10460,0,201,2023,5,19,8,27,12,4,31,18,43,2,3,1,1,1,9,22,9,22,17,9,30,70,1,2,21,1,55,17,3,31,31,11,1,2,1,11,11,3,3,10,60,3,3,2,2,2,2,2,2,363009742,1395644210,36.502706,139.945614,6,3,9999,9999,5,9
true,41,123,127,2,0,2,30000,0,201,2023,5,28,18,50,21,4,25,18,50,2,2,1,7,7,0,0,0,0,4,9,1,70,4,2,21,35,0,3,0,31,0,1,0,1,0,11,0,3,0,30,0,2,0,2,0,2,0,2,0,363108616,1395132810,36.51906,139.859114,1,3,9999,0,1,0
true,41,123,128,2,0,1,30000,0,201,2023,5,28,17,26,12,4,25,18,50,2,3,1,14,7,0,0,0,0,2,8,1,70,5,2,21,25,1,3,51,31,41,1,0,1,0,11,0,10,0,80,40,3,3,2,0,2,0,4,2,362911764,1395325130,36.486601,139.890314,1,3,9999,0,5,0
true,41,123,129,2,0,1,1210,0,201,2023,5,29,19,35,21,4,25,18,51,3,2,2,1,1,1,21,1,21,15,9,30,70,1,2,21,25,55,3,4,31,31,1,1,1,1,11,11,5,5,30,10,3,2,2,2,2,2,2,4,363008293,1395408517,36.502304,139.902366,2,3,9999,9999,1,9
true,41,59,15,2,0,1,42530,1110,361,2023,6,25,10,55,12,4,23,19,3,2,3,1,14,7,0,0,0,0,4,9,1,70,1,4,41,55,0,3,75,31,0,1,0,1,0,11,0,8,0,10,0,2,0,1,0,2,0,2,0,362728735,1395005345,36.457982,139.834818,1,3,9999,0,9,0
true,41,101,150,2,0,1,30000,0,201,2023,6,3,21,16,22,4,23,18,54,1,1,1,14,7,0,0,0,0,1,9,1,70,5,4,1,45,55,3,61,31,0,1,0,1,0,11,0,1,0,80,0,3,0,2,0,2,0,4,2,363322492,1395238644,36.556248,139.877401,7,3,9999,0,9,0
true,41,101,151,2,0,1,30000,0,201,2023,6,4,11,5,12,4,23,18,55,1,1,1,1,7,9,22,0,0,15,9,30,70,4,2,1,25,75,3,61,31,0,1,0,1,0,11,0,3,0,80,0,2,0,2,0,2,0,4,2,363320509,1395121445,36.555697,139.855957,1,3,9999,0,1,0
true,41,101,152,2,0,2,10630,0,201,2023,6,2,12,28,12,4,23,18,54,3,1,2,1,1,9,22,9,22,18,9,30,70,4,2,21,25,45,3,3,31,31,1,1,1,1,11,11,10,10,20,50,1,3,1,2,1,2,2,2,363447903,1395325577,36.579973,139.890438,6,3,9999,9999,1,1
true,41,101,153,2,0,1,10060,0,201,2023,6,5,20,2,22,4,23,18,55,1,1,1,1,7,1,22,9,22,11,8,30,70,5,4,21,25,35,3,51,31,41,1,0,1,0,11,0,3,0,10,20,3,3,2,0,2,0,4,2,363257890,1395051212,36.549414,139.847559,2,3,9999,0,1,0
true,41,101,154,2,0,1,30000,0,201,2023,6,8,9,43,12,4,22,18,57,1,3,1,1,1,9,22,0,0,15,9,30,70,4,2,1,75,75,4,61,31,0,1,0,1,0,11,0,3,0,10,0,3,0,2,0,2,0,4,2,363522682,1395108028,36.589634,139.85223,5,3,56,0,9,0
true,41,101,155,2,0,1,1190,0,201,2023,6,1,18,59,21,4,24,18,53,1,1,1,14,7,0,0,0,0,3,8,1,70,1,4,21,65,75,3,4,31,31,1,1,1,1,11,11,5,5,30,10,2,2,2,2,2,2,2,4,363529781,1395152203,36.591606,139.864501,5,3,9999,275,9,9
true,41,101,156,2,0,2,10350,0,201,2023,6,2,16,0,12,4,23,18,54,3,1,1,14,7,0,0,0,0,3,9,1,70,1,2,21,35,1,13,4,31,31,11,1,1,1,1,11,5,5,10,30,3,3,2,2,2,2,4,4,363305047,1395256176,36.551402,139.882271,6,3,9999,9999,1,1
true,41,101,157,2,0,1,10640,0,201,2023,6,12,19,0,21,4,22,18,59,3,1,2,1,7,9,22,0,0,14,9,30,70,5,2,41,45,0,51,76,41,0,0,0,0,0,0,0,0,0,40,0,3,0,0,0,0,0,2,0,363329890,1395316945,36.558303,139.88804,2,3,0,0,0,0
true,41,101,158,2,0,1,1190,0,201,2023,5,21,21,54,22,4,30,18,45,1,2,1,14,7,0,0,0,0,1,9,1,70,4,2,21,55,1,3,4,31,31,1,1,1,1,1,1,4,4,63,81,3,2,2,2,2,2,2,4,363434219,1395215553,36.576172,139.870987,1,3,9999,9999,9,1