資料区分,都道府県コード,警察署等コード,本票番号,事故内容,死者数,負傷者数,路線コード,地点コード,市区町村コード,発生日時　　年,発生日時　　月,発生日時　　日,発生日時　　時,発生日時　　分,昼夜,日の出時刻　　時,日の出時刻　　分,日の入り時刻　　時,日の入り時刻　　分,天候,地形,路面状態,道路形状,信号機,一時停止規制　標識（当事者A）,一時停止規制　表示（当事者A）,一時停止規制　標識（当事者B）,一時停止規制　表示（当事者B）,車道幅員,道路線形,衝突地点,ゾーン規制,中央分離帯施設等,歩車道区分,事故類型,年齢（当事者A）,年齢（当事者B）,当事者種別（当事者A）,当事者種別（当事者B）,用途別（当事者A）,用途別（当事者B）,車両形状等（当事者A）,車両形状等（当事者B）,オートマチック車（当事者A）,オートマチック車（当事者B）,サポカー（当事者A）,サポカー（当事者B）,速度規制（指定のみ）（当事者A）,速度規制（指定のみ）（当事者B）,車両の衝突部位（当事者A）,車両の衝突部位（当事者B）,車両の損壊程度（当事者A）,車両の損壊程度（当事者B）,エアバッグの装備（当事者A）,エアバッグの装備（当事者B）,サイドエアバッグの装備（当事者A）,サイドエアバッグの装備（当事者B）,人身損傷程度（当事者A）,人身損傷程度（当事者B）,地点　緯度（北緯）,地点　経度（東経）,地点　緯度（北緯）_1,地点　経度（東経）_1,曜日(発生年月日),祝日(発生年月日),認知機能検査経過日数（当事者A）,認知機能検査経過日数（当事者B）,運転練習の方法（当事者A）,運転練習の方法（当事者B）
true,41,101,159,2,0,1,30000,0,201,2023,6,13,7,18,12,4,21,19,0,2,2,2,1,7,9,22,1,21,11,9,30,70,5,3,21,25,1,4,51,31,41,1,0,1,0,11,0,1,0,10,20,2,2,2,0,2,0,4,2,363358241,1395246500,36.566178,139.879583,3,3,9999,0,1,0
true,41,101,160,2,0,1,30000,0,201,2023,6,14,15,39,12,4,21,19,0,3,2,2,1,7,9,22,1,22,11,9,30,70,5,3,21,35,25,3,51,31,41,1,0,1,0,0,0,1,0,10,40,3,3,2,0,2,0,4,2,363404350,1395239839,36.567875,139.877733,4,3,9999,0,1,0
true,41,101,161,2,0,1,30000,0,201,2023,6,8,8,45,12,4,22,18,57,1,2,1,1,1,1,22,9,22,11,9,30,70,4,3,21,65,25,3,3,31,31,1,1,1,1,0,11,1,1,50,80,2,2,1,1,2,2,4,2,363310746,1395201956,36.552985,139.86721,5,3,9999,9999,9,1
true,41,101,162,2,0,1,1190,0,201,2023,6,14,7,54,12,4,21,19,0,2,1,2,14,7,0,0,0,0,1,9,1,70,5,2,41,1,0,51,76,41,0,0,0,0,0,0,0,0,0,10,0,3,0,0,0,0,0,2,0,363332782,1395247168,36.559106,139.879769,4,3,0,0,0,0
true,41,101,163,2,0,1,30000,0,201,2023,6,16,10,35,12,4,22,19,1,1,1,1,1,7,1,21,0,0,11,9,30,70,4,3,1,65,45,3,61,1,0,1,0,1,0,1,0,10,0,55,0,3,0,2,0,2,0,4,2,363330056,1395251222,36.558349,139.880895,6,3,9999,0,9,0
true,41,101,164,2,0,1,30000,0,201,2023,6,16,12,0,12,4,22,19,1,1,2,1,14,7,0,0,0,0,2,9,1,70,5,4,41,75,0,1,75,1,0,1,0,1,0,11,0,10,0,60,0,3,0,2,0,2,0,4,0,363405959,1395015382,36.568322,139.837606,6,3,316,0,9,0
true,41,101,165,2,0,1,30000,0,201,2023,6,21,15,17,12,4,22,19,2,1,2,1,14,7,0,0,0,0,3,9,1,70,5,4,41,1,0,51,75,41,0,0,0,0,0,0,0,0,0,10,0,3,0,0,0,0,0,2,0,363432873,1395227242,36.575798,139.874234,4,3,0,0,0,0
true,41,101,166,2,0,1,1190,0,201,2023,6,21,8,55,12,4,22,19,2,1,3,1,1,7,9,22,9,22,14,9,30,70,4,1,21,65,75,4,51,31,41,1,0,1,0,11,0,4,0,50,10,3,3,2,0,2,0,4,2,363812613,1395057743,36.636837,139.849373,4,3,9999,0,9,0
true,41,101,167,2,0,1,20000,0,201,2023,3,31,10,35,12,5,29,18,1,1,2,1,14,7,0,0,0,0,4,9,1,70,5,2,21,65,35,3,3,31,31,1,1,1,1,0,0,3,3,10,30,3,3,2,2,2,2,4,2,363334006,1395120279,36.559446,139.855633,6,3,9999,9999,9,1
true,41,101,168,2,0,1,20000,0,201,2023,6,22,12,58,12,4,22,19,2,3,3,2,1,1,9,22,9,22,11,9,30,70,4,2,21,65,45,3,36,31,31,1,0,1,0,11,11,5,10,81,12,3,3,2,0,2,0,4,2,363447935,1395325858,36.579982,139.890516,5,3,9999,9999,9,1
true,41,101,169,2,0,1,1190,0,201,2023,6,22,15,42,12,4,22,19,2,3,2,2,1,1,9,22,9,22,14,9,30,70,4,1,21,45,1,3,51,31,41,1,0,1,0,1,0,2,0,81,21,3,2,2,0,2,0,4,2,363411392,1395209473,36.569831,139.869298,5,3,9999,0,9,0
true,41,101,170,2,0,1,30000,0,201,2023,6,17,9,30,12,4,22,19,1,1,2,1,1,7,9,22,0,0,11,9,30,70,5,4,1,45,55,3,61,31,0,1,0,1,0,11,0,5,0,70,0,3,0,2,0,2,0,4,2,363402839,1395112845,36.567455,139.853568,7,3,9999,0,9,0
true,41,101,171,2,0,1,30000,0,201,2023,6,26,15,55,12,4,24,19,3,3,1,2,13,7,0,0,0,0,5,3,1,70,5,2,41,1,0,51,76,41,0,0,0,0,0,0,0,0,0,0,0,3,0,0,0,0,0,2,0,363828720,1395051886,36.641311,139.847746,2,3,0,0,0,0
true,41,101,172,2,0,1,10030,0,201,2023,6,22,19,6,21,4,22,19,2,3,2,2,14,1,0,0,0,0,2,9,1,70,1,2,21,1,25,3,4,31,31,1,1,1,1,1,1,5,5,76,85,3,3,2,2,2,2,2,4,363509722,1395105242,36.586034,139.851456,5,3,9999,9999,1,5
true,41,101,173,2,0,1,1190,0,201,2023,6,15,16,51,12,4,21,19,0,3,1,2,1,1,9,22,9,22,18,9,30,70,1,2,21,45,55,3,14,31,31,1,11,1,1,11,11,2,10,60,10,1,1,2,2,2,2,2,4,363522506,1395131291,36.589585,139.858692,5,3,9999,9999,9,9
true,41,101,174,2,0,1,30000,0,201,2023,6,28,16,58,12,4,24,19,3,3,2,2,1,7,9,22,9,22,11,9,30,70,5,4,21,35,25,3,4,31,31,1,1,1,1,1,1,2,10,81,51,1,2,1,1,2,1,2,4,363433881,1395004150,36.576078,139.834486,4,3,9999,9999,1,1
true,41,101,175,2,0,1,30000,0,201,2023,6,23,10,13,12,4,23,19,3,2,2,1,1,7,9,22,9,22,11,9,30,70,5,4,21,45,35,3,4,31,31,1,1,1,1,0,0,10,10,80,10,3,3,2,2,2,2,2,4,363323810,1395032431,36.556614,139.842342,6,3,9999,9999,9,1
true,41,101,176,2,0,1,30000,0,201,2023,6,24,19,0,13,4,23,19,3,1,1,1,14,1,0,0,0,0,5,9,1,70,4,2,21,45,25,3,3,31,31,1,1,1,1,11,11,3,3,10,30,3,3,2,2,2,2,4,2,363312193,1395231508,36.553387,139.875419,7,3,9999,9999,9,5
true,41,101,177,2,0,1,20000,0,201,2023,6,29,7,52,12,4,25,19,3,1,3,1,14,7,0,0,0,0,1,7,1,70,4,2,41,1,0,51,76,41,0,0,0,0,0,0,0,0,0,11,0,2,0,0,0,0,0,2,0,363344446,1394855382,36.562346,139.815384,5,3,0,0,0,0
true,41,101,178,2,0,1,30000,0,201,2023,6,29,18,57,13,4,25,19,3,1,2,1,14,7,0,0,0,0,2,9,1,70,5,4,41,1,0,51,76,41,0,0,0,0,0,0,0,0,0,0,0,3,0,0,0,0,0,2,0,363411449,1395247867,36.569847,139.879963,5,3,0,0,0,0
true,41,102,135,2,0,1,30000,0,203,2023,6,1,7,17,12,4,24,18,53,1,3,1,7,7,0,0,0,0,3,9,1,70,4,3,21,1,25,4,4,31,31,1,1,1,1,11,11,3,3,10,30,2,2,2,2,2,2,4,2,362056753,1394247477,36.349098,139.713188,5,3,9999,9999,1,1
true,41,102,136,2,0,1,23090,0,203,2023,5,29,11,54,12,4,25,18,51,3,3,1,14,1,0,0,0,0,3,9,1,70,1,2,21,55,35,4,4,31,31,1,1,1,1,11,11,4,4,10,30,3,3,2,2,2,2,4,2,362341010,1394353558,36.394725,139.731544,2,3,9999,9999,9,1
true,41,102,137,2,0,1,10310,0,203,2023,6,2,7,25,12,4,23,18,54,3,2,2,1,7,1,22,9,22,14,9,30,70,4,2,21,75,45,4,51,31,41,1,0,1,0,11,0,10,0,10,40,3,3,2,0,2,0,4,2,362222634,1394443714,36.372954,139.745476,6,3,280,0,9,0
true,41,102,138,2,0,1,21770,0,203,2023,5,24,16,13,12,4,28,18,47,1,3,1,1,7,9,22,1,21,15,9,30,70,5,2,21,45,35,3,4,31,31,1,1,1,1,0,0,10,10,50,80,2,2,1,1,2,2,2,4,362514455,1394402569,36.420682,139.734047,4,3,9999,9999,1,1
true,41,102,139,2,0,1,30000,0,203,2023,6,2,17,12,12,4,23,18,54,3,3,2,1,7,9,22,9,22,14,9,30,70,5,3,21,65,25,4,4,31,31,1,1,1,1,11,11,4,4,0,10,4,2,2,1,2,2,4,4,362454616,1394554914,36.415171,139.765254,6,3,9999,9999,9,1
true,41,102,140,2,0,1,30000,0,361,2023,5,12,13,45,12,4,37,18,38,1,2,1,1,7,9,22,1,22,14,9,30,70,5,2,21,45,75,3,4,31,31,1,1,1,1,11,0,10,10,51,80,2,2,2,2,2,2,2,4,362601576,1394805785,36.433771,139.801607,6,3,9999,448,9,9
true,41,102,141,2,0,1,99000,0,203,2023,6,3,16,58,12,4,23,18,54,1,3,1,0,7,0,0,0,0,0,0,20,70,0,4,41,75,0,51,76,41,0,0,0,0,0,0,0,0,0,20,0,3,0,0,0,0,0,2,0,361900080,1394317152,36.316689,139.721431,7,3,0,0,0,0
true,41,102,142,2,0,1,500,640,203,2023,5,30,7,37,12,4,25,18,52,1,3,1,14,1,0,0,0,0,5,9,1,70,1,2,21,25,25,3,4,31,31,1,1,1,1,11,11,10,10,50,70,3,3,2,2,2,2,2,4,361808489,1394202261,36.302358,139.700628,3,3,9999,9999,1,1
true,41,102,143,2,0,1,500,580,203,2023,6,6,18,10,13,4,22,18,56,1,3,1,14,7,0,0,0,0,4,9,1,70,1,2,21,35,45,3,3,31,31,1,1,1,1,11,11,10,10,10,30,3,3,2,2,2,2,4,2,361827688,1393824695,36.307691,139.640193,3,3,9999,9999,1,1
true,41,102,144,2,0,1,10020,0,361,2023,6,8,6,27,12,4,22,18,57,1,3,1,14,1,0,0,0,0,5,9,1,70,1,2,21,55,55,4,14,31,31,1,11,1,1,11,11,5,5,30,50,3,3,2,2,2,2,2,4,362444320,1394753056,36.412311,139.798071,5,3,9999,9999,9,9
true,41,102,145,2,0,1,30000,0,203,2023,6,10,22,27,22,4,22,18,58,1,1,1,14,7,0,0,0,0,3,9,1,70,4,2,41,25,0,14,75,31,0,11,0,2,0,11,0,3,0,10,0,1,0,2,0,2,0,2,0,362220492,1394455745,36.372359,139.748818,7,3,9999,0,1,0
true,41,102,146,2,0,1,10370,0,203,2023,5,31,8,40,12,4,24,18,52,2,3,1,14,7,0,0,0,0,3,9,1,70,4,2,21,35,25,11,17,1,31,11,11,2,2,1,1,4,4,30,10,3,3,2,2,2,2,2,4,362802521,1394219778,36.467367,139.705494,4,3,9999,9999,1,1
true,41,102,147,2,0,1,30000,0,203,2023,6,9,16,42,12,4,22,18,58,2,3,1,13,7,0,0,0,0,3,3,1,70,5,4,21,55,55,4,4,31,31,1,1,1,1,11,11,4,4,30,30,3,3,2,2,2,2,4,2,362114476,1394552196,36.354021,139.764499,6,3,9999,9999,9,9
true,41,102,148,2,0,3,30000,0,203,2023,6,12,14,0,12,4,22,18,59,2,2,2,1,7,9,22,1,21,14,9,30,70,2,2,21,75,55,3,4,31,31,1,1,1,1,11,11,3,10,50,10,2,3,2,2,2,1,2,2,362228114,1394442544,36.374476,139.745151,2,3,724,9999,9,9
true,41,102,149,2,0,1,99000,0,203,2023,6,1,18,5,13,4,24,18,53,1,3,1,0,7,0,0,0,0,0,0,20,70,0,4,21,1,25,3,3,31,31,1,1,1,1,11,11,10,10,60,50,3,3,2,2,2,2,4,2,362434139,1394212460,36.409483,139.703461,5,3,9999,9999,1,1
true,41,102,150,2,0,1,21600,0,203,2023,5,26,8,0,12,4,26,18,49,2,3,1,1,7,1,21,9,22,14,9,30,70,4,4,21,45,45,3,4,31,31,1,1,1,1,11,11,10,3,80,80,2,3,2,2,2,2,4,2,361826140,1394159716,36.307261,139.699921,6,3,9999,9999,9,1
true,41,102,151,2,0,1,30000,0,203,2023,6,13,7,15,12,4,21,19,0,1,3,1,1,7,9,22,9,22,14,9,30,70,5,4,21,55,75,4,51,31,41,1,0,1,0,11,0,10,0,10,40,3,3,2,0,2,0,4,2,361924017,1393922273,36.323338,139.656187,3,3,9999,0,9,0
true,41,102,152,2,0,1,30000,0,203,2023,6,13,16,35,12,4,21,19,0,3,2,1,13,7,0,0,0,0,2,4,1,70,4,4,21,25,1,3,51,31,41,1,0,1,0,11,0,10,0,80,10,3,1,2,0,2,0,4,2,362147023,1394228487,36.363062,139.707913,3,3,9999,0,1,0
true,41,102,153,2,0,2,99000,0,361,2023,5,31,17,43,12,4,24,18,52,1,3,1,0,7,0,0,0,0,0,0,20,70,0,4,21,55,1,3,3,31,31,1,1,1,1,11,11,10,10,30,20,3,3,2,2,2,2,4,2,362718324,1394819649,36.45509,139.805458,4,3,9999,9999,9,1
true,41,102,154,2,0,1,500,612,203,2023,6,15,9,54,12,4,21,19,0,1,3,1,14,1,0,0,0,0,2,9,1,70,5,2,21,55,45,11,3,1,31,11,1,2,2,11,11,10,10,10,30,3,3,2,2,2,2,4,2,361849681,1394022692,36.3138,139.67297,5,3,9999,9999,9,9
true,41,102,155,2,0,1,30000,0,203,2023,6,15,17,37,12,4,21,19,0,3,3,2,1,7,9,22,1,21,11,9,30,70,5,4,21,45,55,3,52,31,41,1,0,1,0,11,0,10,0,10,20,3,2,2,0,2,0,4,2,361935288,1394311089,36.326469,139.719747,5,3,9999,0,9,0
true,41,102,156,2,0,2,10670,0,203,2023,6,16,17,30,12,4,22,19,1,1,2,1,14,7,0,0,0,0,3,9,1,70,4,2,21,25,55,3,4,31,31,1,1,1,1,11,11,3,3,10,30,2,1,1,1,2,2,4,2,361907486,1393912017,36.318746,139.653338,6,3,9999,9999,1,9
true,41,102,157,2,0,1,99000,0,203,2023,6,18,5,40,12,4,22,19,1,1,3,1,0,7,0,0,0,0,0,0,20,70,0,4,21,35,75,3,52,31,41,1,0,1,0,11,0,10,0,50,20,3,3,2,0,2,0,4,2,362555855,1394042532,36.432182,139.678481,1,3,9999,0,5,0
true,41,102,158,2,0,1,30000,0,203,2023,6,18,14,21,12,4,22,19,1,1,2,1,7,7,0,0,0,0,3,9,1,70,5,4,41,75,0,51,76,41,0,0,0,0,0,0,0,0,0,40,0,4,0,0,0,0,0,2,0,362225576,1394425822,36.373771,139.740506,1,3,0,0,0,0
true,41,102,159,2,0,1,10110,0,203,2023,6,17,10,25,12,4,22,19,1,1,3,1,1,2,9,22,9,22,19,9,30,70,1,2,21,75,45,3,3,31,31,1,1,1,1,0,0,10,10,80,20,3,3,2,2,2,2,4,2,361902399,1394033326,36.317333,139.675924,7,3,9999,9999,9,9
true,41,102,160,2,0,1,30000,0,203,2023,6,19,11,5,12,4,22,19,2,1,3,1,14,7,0,0,0,0,2,9,1,70,5,4,41,1,0,51,76,41,0,0,0,0,0,0,0,0,0,0,0,3,0,0,0,0,0,2,0,362658934,1394453830,36.449704,139.748286,2,3,0,0,0,0
true,41,102,161,2,0,1,30000,0,203,2023,6,19,8,49,12,4,22,19,2,1,3,1,1,7,9,22,9,22,11,9,30,70,5,4,21,75,1,14,51,31,41,11,0,2,0,11,0,10,0,10,40,3,3,2,0,2,0,4,2,361924704,1394236331,36.323529,139.710092,2,3,60,0,9,0
true,41,102,162,2,0,1,10110,0,203,2023,6,19,16,0,12,4,22,19,2,1,1,1,14,7,0,0,0,0,1,9,1,70,5,2,41,75,0,51,76,41,0,0,0,0,0,0,0,0,0,0,0,3,0,0,0,0,0,2,0,362234669,1394358717,36.376297,139.732977,2,3,0,0,0,0
true,41,102,163,2,0,1,23090,0,203,2023,6,21,11,18,12,4,22,19,2,1,3,1,14,7,0,0,0,0,3,9,1,70,1,2,21,45,45,3,3,31,31,1,1,1,1,11,11,10,10,10,30,2,2,2,2,2,2,4,2,362116333,1394245400,36.354537,139.712611,4,3,9999,9999,1,9
true,41,102,164,2,0,1,30000,0,203,2023,4,16,19,0,21,5,6,18,15,1,1,1,14,7,0,0,0,0,2,9,1,70,5,4,21,45,55,3,51,31,41,1,0,1,0,11,0,10,0,80,40,3,3,2,0,2,0,4,2,362248446,1394336646,36.380124,139.726846,1,3,9999,0,9,0
true,41,102,165,2,0,1,10020,0,361,2023,3,31,12,53,12,5,29,18,1,1,2,1,1,8,9,22,9,22,15,9,30,70,5,2,21,45,1,4,51,31,41,1,0,1,0,11,0,10,0,10,40,3,3,2,0,2,0,4,2,362714522,1394923045,36.454034,139.823068,6,3,9999,0,1,0
true,41,102,166,2,0,1,30000,0,203,2023,6,24,10,0,12,4,23,19,3,1,3,1,14,2,0,0,0,0,3,9,1,70,4,2,41,55,0,51,76,41,0,0,0,0,0,0,0,0,0,20,0,3,0,0,0,0,0,2,0,362420898,1394447468,36.405805,139.746519,7,3,0,0,0,0
true,41,102,167,2,0,1,10030,0,203,2023,6,16,10,3,12,4,22,19,1,1,3,1,14,7,0,0,0,0,4,9,1,70,4,2,21,55,55,3,4,31,31,1,1,1,1,11,11,4,4,30,10,3,3,2,2,2,2,2,4,362421427,1394453596,36.405952,139.748221,6,3,9999,9999,9,9
true,41,102,168,2,0,1,30000,0,203,2023,6,21,6,15,12,4,22,19,2,1,3,2,1,7,1,21,9,22,11,9,30,70,5,4,21,1,45,3,3,31,31,1,1,1,1,11,11,10,10,70,10,1,1,2,1,2,2,4,2,362025138,1394401669,36.340316,139.733797,4,3,9999,9999,5,1
true,41,102,169,2,0,2,23090,0,203,2023,6,16,14,33,12,4,22,19,1,3,3,2,1,7,9,22,9,22,15,9,30,70,4,2,21,25,55,3,3,31,31,1,1,1,1,11,11,10,10,80,15,3,3,2,2,2,2,2,2,362032143,1394147728,36.342262,139.696591,6,3,9999,9999,1,9
true,41,102,170,2,0,1,10020,0,203,2023,5,24,20,33,22,4,28,18,47,2,3,1,14,7,0,0,0,0,3,9,1,70,1,2,21,35,1,3,4,31,31,1,1,1,1,11,11,5,10,60,80,3,3,2,2,2,2,2,4,362356123,1394532148,36.398923,139.75893,4,3,9999,9999,5,5
true,41,102,171,2,0,1,10710,0,361,2023,6,27,7,40,12,4,24,19,3,1,3,1,14,7,0,0,0,0,4,9,1,70,4,2,41,55,0,51,75,41,0,0,0,0,0,0,0,0,0,10,0,3,0,0,0,0,0,2,0,362744366,1395012282,36.462324,139.836745,3,3,0,0,0,0
true,41,102,172,2,0,1,22690,0,203,2023,6,27,15,46,12,4,24,19,3,1,1,1,14,7,0,0,0,0,2,9,1,70,4,2,21,25,1,3,3,31,31,1,1,1,1,11,11,2,2,10,30,3,3,2,2,2,2,4,2,362247269,1394343234,36.379797,139.728676,3,3,0,9999,0,1
true,41,102,173,2,0,2,10310,0,203,2023,6,25,17,2,12,4,23,19,3,1,1,1,14,7,0,0,0,0,3,9,1,70,5,2,21,45,35,3,4,31,31,1,1,1,1,11,11,3,3,30,10,3,4,2,2,2,2,2,4,362226422,1394414226,36.374006,139.737285,1,3,9999,9999,1,1
true,41,102,174,2,0,4,10750,0,203,2023,6,28,17,5,12,4,24,19,3,2,3,1,14,7,0,0,0,0,3,9,1,70,4,2,21,75,1,3,4,31,31,1,1,1,1,11,11,4,4,10,10,2,2,1,1,2,1,2,2,362141695,1393731030,36.361582,139.625286,4,3,936,9999,9,1
true,41,102,175,2,0,1,2930,0,203,2023,6,22,12,35,12,4,22,19,2,3,3,2,14,7,0,0,0,0,3,9,1,70,4,2,21,25,65,3,4,31,31,1,1,1,1,11,11,4,4,30,50,2,3,2,2,2,2,2,4,362719004,1394158783,36.455279,139.699662,5,3,9999,9999,9,1
true,41,102,176,2,0,1,2930,0,203,2023,6,24,20,36,22,4,23,19,3,2,3,1,14,7,0,0,0,0,4,9,1,70,2,2,21,1,45,3,3,31,31,1,1,1,1,11,11,4,4,80,60,3,3,2,2,2,2,4,2,362555999,1394041228,36.432222,139.678119,7,3,9999,9999,1,9
true,41,102,177,2,0,2,500,630,203,2023,6,28,19,50,21,4,24,19,3,2,3,2,1,1,9,22,9,22,15,9,30,70,1,2,21,25,25,13,4,31,31,11,1,1,1,11,11,3,10,50,40,3,3,2,2,2,2,4,2,361817032,1394125084,36.304731,139.690301,4,3,9999,9999,1,1
true,41,102,178,2,0,1,23110,0,203,2023,6,30,10,43,12,4,25,19,3,2,3,2,1,7,9,22,9,22,14,6,30,70,2,2,21,55,55,3,35,31,31,1,0,1,0,11,11,4,4,50,10,3,2,2,0,2,0,4,2,362006626,1394309786,36.335174,139.719385,6,3,9999,9999,9,9
true,41,103,120,2,0,1,99000,0,202,2023,5,25,17,35,12,4,27,18,48,1,2,1,0,7,0,0,0,0,0,0,20,70,0,4,1,35,35,3,61,31,0,1,0,1,0,0,0,10,0,0,0,3,0,2,0,2,0,4,2,361942805,1392816851,36.328557,139.471348,5,3,9999,0,1,0
true,41,103,121,2,0,2,21280,0,202,2023,5,14,13,42,12,4,35,18,39,2,1,1,14,7,0,0,0,0,3,9,1,70,4,2,21,75,35,3,4,31,31,1,1,1,1,11,11,3,3,30,10,2,2,2,1,2,2,2,4,361824793,1392614600,36.306887,139.437389,1,3,470,9999,1,1
true,41,103,122,2,0,1,2930,0,202,2023,6,3,15,5,12,4,23,18,54,1,3,1,14,7,0,0,0,0,2,9,1,70,4,2,21,55,25,3,3,31,31,1,1,1,1,1,1,3,3,10,30,3,3,2,2,2,2,4,2,361943684,1392712197,36.328801,139.453388,7,3,9999,9999,9,1
true,41,103,123,2,0,1,10380,0,202,2023,6,1,14,3,12,4,24,18,53,2,2,1,1,1,9,22,9,22,15,9,30,70,4,2,21,75,1,4,51,31,41,1,0,1,0,11,0,3,0,80,20,3,2,2,0,2,0,4,2,361949832,1392653149,36.330509,139.448097,5,3,856,0,5,0
true,41,103,124,2,0,1,500,406,202,2023,5,18,15,55,12,4,32,18,43,1,2,1,1,1,9,22,9,22,19,9,30,70,1,2,21,25,75,3,3,31,31,1,1,1,1,11,11,10,10,80,20,3,3,2,2,2,2,2,4,361825160,1392757629,36.306989,139.466008,5,3,9999,184,1,9
true,41,103,125,2,0,1,30000,0,202,2023,5,23,15,45,12,4,28,18,47,3,3,2,1,7,9,22,9,22,11,9,30,70,5,4,21,45,65,13,4,31,31,11,1,1,1,11,11,2,2,20,10,2,2,2,2,2,2,2,4,361922338,1392925698,36.322872,139.490472,3,3,9999,9999,1,9
true,41,103,126,2,0,1,21280,0,202,2023,5,31,8,14,12,4,24,18,52,2,2,1,14,7,0,0,0,0,3,9,1,70,5,3,21,45,0,3,0,31,0,1,0,1,0,0,0,4,0,0,0,3,0,2,0,2,0,2,0,361812539,1392828837,36.303483,139.474677,4,3,9999,0,9,0
true,41,103,127,2,0,1,99000,0,202,2023,6,9,8,6,12,4,22,18,58,3,3,2,0,7,0,0,0,0,0,0,20,70,0,4,1,25,65,4,61,31,0,1,0,1,0,11,0,10,0,50,0,3,0,2,0,2,0,4,2,362024940,1392518228,36.340261,139.42173,6,3,9999,0,1,0
true,41,103,128,2,0,1,2930,0,202,2023,6,9,19,4,21,4,22,18,58,2,3,2,1,7,9,22,9,22,14,6,30,70,4,2,21,55,1,3,51,31,41,1,0,1,0,11,0,3,0,80,10,3,3,2,0,2,0,4,2,362020764,1392719249,36.339101,139.455347,6,3,9999,0,9,0
true,41,103,129,2,0,1,10080,0,202,2023,6,4,6,19,12,4,23,18,55,1,1,1,1,1,9,22,9,22,15,9,30,70,4,2,21,55,75,3,4,31,31,1,1,1,1,11,11,3,3,40,10,3,3,1,2,1,2,2,4,361935248,1392802734,36.326458,139.467426,1,3,9999,497,9,9
true,41,103,130,2,0,1,500,443,202,2023,6,15,18,33,13,4,21,19,0,3,1,2,14,1,0,0,0,0,4,9,1,70,1,2,21,1,0,3,0,31,0,1,0,1,0,11,0,10,0,30,0,3,0,2,0,2,0,2,0,361726518,1392944660,36.290699,139.495739,5,3,9999,0,1,0
true,41,103,131,2,0,1,30000,0,202,2023,6,15,12,59,12,4,21,19,0,2,1,1,1,7,1,21,9,22,11,9,30,70,4,3,21,35,55,3,3,31,31,1,1,1,1,11,11,3,3,51,20,2,2,2,2,2,2,4,2,362026948,1392744150,36.340819,139.462264,5,3,9999,9999,1,9
true,41,103,132,2,0,1,30000,0,202,2023,6,20,9,15,12,4,22,19,2,1,1,1,1,7,1,21,1,21,11,9,30,70,5,4,21,45,55,3,13,31,31,1,11,1,1,0,0,10,10,10,30,3,3,2,2,2,2,2,4,361940613,1392747855,36.327948,139.463293,3,3,9999,9999,5,9
true,41,103,133,2,0,1,10670,0,202,2023,6,7,16,0,12,4,22,18,57,1,2,1,14,7,0,0,0,0,3,9,1,70,4,3,21,1,55,3,3,31,31,1,1,2,1,11,11,3,3,10,30,3,3,2,2,2,2,4,2,361909001,1392925217,36.319167,139.490338,4,3,9999,9999,1,1
true,41,103,134,2,0,1,99000,0,202,2023,3,1,18,5,21,6,12,17,34,1,2,1,0,7,0,0,0,0,0,0,20,70,0,4,21,45,55,3,4,31,31,1,1,1,1,11,11,10,10,70,60,3,3,1,2,2,2,2,4,361915456,1392656393,36.32096,139.448998,4,3,9999,9999,1,9
true,41,103,135,2,0,1,21280,0,202,2023,6,17,14,55,12,4,22,19,1,1,2,1,14,7,0,0,0,0,4,9,1,70,4,2,21,55,1,3,4,31,31,1,1,1,1,11,11,3,3,30,10,3,3,2,2,2,2,2,4,361817262,1392726230,36.304795,139.457286,7,3,9999,9999,9,1
true,41,103,136,2,0,2,2930,0,202,2023,6,26,17,18,12,4,24,19,3,1,2,1,14,7,0,0,0,0,1,9,1,70,5,2,21,1,1,3,13,31,31,1,11,1,1,11,11,3,3,10,30,3,3,2,2,2,2,4,2,362031682,1392726068,36.342134,139.457241,2,3,9999,9999,1,5
true,41,103,137,2,0,1,30000,0,202,2023,6,26,8,5,12,4,24,19,3,1,2,1,1,7,9,22,1,21,14,9,30,70,5,4,21,25,1,4,51,31,41,1,0,1,0,11,0,10,0,80,10,3,2,2,0,2,0,4,2,361839766,1392745418,36.311046,139.462616,2,3,9999,0,1,0
true,41,103,138,2,0,1,30000,0,202,2023,6,27,15,41,12,4,24,19,3,2,2,1,1,7,9,22,9,22,11,9,30,70,4,3,21,65,1,4,51,31,41,1,0,1,0,11,0,4,0,10,14,2,2,2,0,2,0,4,2,362007667,1392542805,36.335463,139.428557,3,3,9999,0,9,0
true,41,103,139,2,0,1,10670,0,202,2023,6,27,18,0,12,4,24,19,3,2,2,1,14,1,0,0,0,0,1,9,1,70,4,3,21,45,25,3,4,31,31,1,1,1,1,11,0,3,3,30,10,3,3,2,2,2,2,2,4,361913454,1392914514,36.320404,139.487365,3,3,9999,0,1,0