資料区分,都道府県コード,警察署等コード,本票番号,事故内容,死者数,負傷者数,路線コード,地点コード,市区町村コード,発生日時　　年,発生日時　　月,発生日時　　日,発生日時　　時,発生日時　　分,昼夜,日の出時刻　　時,日の出時刻　　分,日の入り時刻　　時,日の入り時刻　　分,天候,地形,路面状態,道路形状,信号機,一時停止規制　標識（当事者A）,一時停止規制　表示（当事者A）,一時停止規制　標識（当事者B）,一時停止規制　表示（当事者B）,車道幅員,道路線形,衝突地点,ゾーン規制,中央分離帯施設等,歩車道区分,事故類型,年齢（当事者A）,年齢（当事者B）,当事者種別（当事者A）,当事者種別（当事者B）,用途別（当事者A）,用途別（当事者B）,車両形状等（当事者A）,車両形状等（当事者B）,オートマチック車（当事者A）,オートマチック車（当事者B）,サポカー（当事者A）,サポカー（当事者B）,速度規制（指定のみ）（当事者A）,速度規制（指定のみ）（当事者B）,車両の衝突部位（当事者A）,車両の衝突部位（当事者B）,車両の損壊程度（当事者A）,車両の損壊程度（当事者B）,エアバッグの装備（当事者A）,エアバッグの装備（当事者B）,サイドエアバッグの装備（当事者A）,サイドエアバッグの装備（当事者B）,人身損傷程度（当事者A）,人身損傷程度（当事者B）,地点　緯度（北緯）,地点　経度（東経）,地点　緯度（北緯）_1,地点　経度（東経）_1,曜日(発生年月日),祝日(発生年月日),認知機能検査経過日数（当事者A）,認知機能検査経過日数（当事者B）,運転練習の方法（当事者A）,運転練習の方法（当事者B）
true,41,103,140,2,0,1,2930,0,202,2023,6,22,21,25,22,4,22,19,2,3,1,2,1,1,9,22,9,22,15,9,30,70,5,2,21,65,1,3,51,31,41,1,0,1,0,11,0,4,0,10,10,3,3,2,0,2,0,4,2,362039927,1392727799,36.344424,139.457722,5,3,9999,0,9,0
true,41,103,141,2,0,1,30000,0,202,2023,6,27,18,30,13,4,24,19,3,2,3,1,14,7,0,0,0,0,2,9,20,70,5,4,21,65,75,14,51,31,41,11,0,2,0,11,0,10,0,0,0,3,3,2,0,2,0,4,2,362214488,1392313232,36.370691,139.387009,3,3,9999,0,9,0
true,41,104,112,2,0,1,10160,0,204,2023,6,2,2,41,22,4,23,18,54,3,1,2,14,7,0,0,0,0,4,9,1,70,4,2,21,55,25,11,52,31,41,11,0,2,0,11,0,4,0,0,32,3,1,2,0,2,0,4,2,362153176,1393429615,36.364771,139.574893,6,3,9999,0,9,0
true,41,104,113,2,0,1,500,543,204,2023,6,2,19,27,21,4,23,18,54,3,2,2,1,1,9,22,9,22,19,9,30,70,1,2,21,35,35,4,51,31,41,1,0,2,0,11,0,5,0,55,44,3,2,2,0,2,0,4,2,361746748,1393613788,36.296319,139.60383,6,3,9999,0,5,0
true,41,104,114,2,0,1,500,527,204,2023,5,30,8,26,12,4,25,18,52,1,3,1,14,1,0,0,0,0,5,9,1,70,1,2,21,55,35,13,4,31,31,11,1,1,1,11,11,10,10,10,30,3,3,2,2,2,2,4,2,361731708,1393513330,36.292141,139.587036,3,3,9999,9999,9,1
true,41,104,115,2,0,1,30000,0,204,2023,6,4,13,52,12,4,23,18,55,1,3,1,1,7,1,21,9,22,11,9,30,70,5,2,21,45,35,3,3,31,31,1,1,1,1,11,11,10,4,50,40,3,3,2,2,2,2,4,2,362035574,1393416640,36.343215,139.571289,1,3,9999,9999,1,1
true,41,104,116,2,0,1,10670,0,204,2023,6,5,14,27,12,4,23,18,55,1,1,1,1,7,8,22,8,22,11,9,30,70,5,2,21,1,1,4,51,31,41,1,0,1,0,11,0,3,0,10,20,3,3,2,0,1,0,4,2,361847347,1393524360,36.313152,139.5901,2,3,9999,0,1,0
true,41,104,117,2,0,1,30000,0,204,2023,6,7,17,43,12,4,22,18,57,1,3,1,1,7,1,21,9,22,11,9,30,70,5,2,21,65,35,3,3,31,31,1,1,1,1,11,11,10,4,11,77,3,2,2,2,2,1,4,2,362154720,1393417749,36.3652,139.571597,4,3,9999,9999,9,5
true,41,104,118,2,0,1,21410,0,204,2023,6,8,10,12,12,4,22,18,57,1,1,1,1,1,9,22,0,0,14,9,30,70,4,2,1,65,65,14,61,31,0,11,0,2,0,11,0,2,0,55,0,3,0,2,0,2,0,4,2,361928204,1393553390,36.324501,139.598164,5,3,9999,0,9,0
true,41,104,119,2,0,1,30000,0,204,2023,6,1,17,15,12,4,24,18,53,1,1,1,1,7,9,22,1,22,11,9,30,70,5,4,21,25,1,4,51,31,41,1,0,1,0,11,0,2,0,11,11,3,3,2,0,2,0,4,2,361918718,1393546846,36.321866,139.596346,5,3,9999,0,5,0
true,41,104,120,2,0,1,21410,0,204,2023,5,16,12,13,12,4,33,18,41,1,1,1,14,7,0,0,0,0,3,9,1,70,4,2,21,65,45,4,36,31,31,1,0,1,0,11,11,4,2,80,20,3,3,2,0,2,0,4,2,361927383,1393546896,36.324273,139.59636,3,3,9999,9999,9,5
true,41,104,121,2,0,1,21280,0,204,2023,6,15,7,47,12,4,21,19,0,2,3,1,14,7,0,0,0,0,4,9,1,70,5,2,21,55,45,3,3,31,31,1,1,1,1,11,11,4,4,10,30,3,3,2,2,2,2,4,2,361803776,1393227996,36.301049,139.54111,5,3,9999,9999,9,1
true,41,104,122,2,0,2,10160,0,204,2023,6,17,19,46,21,4,22,19,1,1,2,1,14,7,0,0,0,0,4,7,1,70,4,4,21,75,45,3,4,31,31,1,1,1,1,11,11,4,4,66,51,3,2,2,1,2,2,4,4,361901942,1393530426,36.317206,139.591785,7,3,311,9999,9,1
true,41,104,123,2,0,1,500,488,204,2023,6,18,0,5,22,4,22,19,1,1,3,1,7,1,0,0,0,0,5,9,1,70,1,2,21,45,55,11,12,1,1,11,11,2,2,11,11,5,5,33,11,3,1,2,1,2,2,4,4,361725786,1393244963,36.290496,139.545823,1,3,9999,9999,9,9
true,41,104,124,2,0,1,10090,0,204,2023,5,28,11,37,12,4,25,18,50,1,1,1,14,7,0,0,0,0,3,9,1,70,4,2,21,25,1,3,4,31,31,1,1,1,1,11,11,4,4,10,31,3,4,2,2,2,2,4,4,361809065,1393529447,36.302518,139.591513,1,3,9999,9999,1,1
true,41,104,125,2,0,1,2930,0,204,2023,6,12,9,1,12,4,22,18,59,2,3,1,1,1,9,22,9,22,15,9,30,70,4,2,21,55,55,11,14,1,31,11,11,1,1,11,11,4,10,50,80,3,2,2,2,2,2,4,2,362151005,1393332926,36.364168,139.559146,2,3,9999,9999,9,9
true,41,104,126,2,0,1,30000,0,204,2023,6,20,17,34,12,4,22,19,2,2,3,1,14,7,0,0,0,0,3,9,1,70,5,4,41,1,0,51,76,41,0,0,0,0,0,0,0,0,0,0,0,3,0,0,0,0,0,2,0,362109331,1393230264,36.352592,139.54174,3,3,0,0,0,0
true,41,104,127,2,0,1,30000,0,204,2023,5,20,15,36,12,4,30,18,44,2,3,1,1,7,1,21,9,22,14,9,30,70,5,4,21,65,55,3,4,31,31,1,1,1,1,11,11,10,10,10,20,3,3,2,2,2,2,4,2,362013816,1393400178,36.337171,139.566716,7,3,9999,9999,9,9
true,41,104,128,2,0,1,30000,0,204,2022,11,27,17,18,21,6,30,16,26,1,3,1,1,7,1,21,9,22,11,9,30,70,5,4,21,65,55,3,4,31,31,1,1,1,1,11,11,3,3,40,10,2,2,2,2,2,2,4,2,362015778,1393352060,36.337716,139.564461,1,3,9999,9999,9,9
true,41,104,129,2,0,3,10160,0,204,2023,6,10,15,26,12,4,22,18,58,1,2,1,1,1,9,22,9,22,15,9,30,70,4,2,21,25,35,3,3,31,31,1,1,1,1,11,11,3,3,10,30,4,3,2,2,2,2,4,2,362031340,1393421295,36.342039,139.572582,7,3,9999,9999,1,5
true,41,104,130,2,0,1,30000,0,204,2023,6,16,17,50,12,4,22,19,1,1,1,1,1,7,1,21,9,22,11,9,30,70,4,2,21,25,35,3,4,31,31,1,1,1,1,11,11,10,10,51,81,3,3,2,2,2,2,4,2,361835147,1393533724,36.309763,139.592701,6,3,9999,9999,1,5
true,41,104,131,2,0,2,20000,0,204,2023,6,21,10,20,12,4,22,19,2,1,1,1,14,7,0,0,0,0,3,9,1,70,4,2,21,45,75,4,14,31,31,1,11,1,1,11,11,4,4,73,51,3,3,2,2,2,2,2,4,361849324,1393443662,36.313701,139.578795,4,3,9999,378,9,9
true,41,104,132,2,0,1,30000,0,204,2023,6,16,17,38,12,4,22,19,1,1,2,1,1,7,1,22,9,22,11,9,30,70,5,2,21,35,25,4,4,31,31,1,1,1,1,11,11,10,10,11,74,2,2,2,2,2,2,4,2,361900779,1393538764,36.316883,139.594101,6,3,9999,9999,1,1
true,41,104,133,2,0,2,500,520,204,2023,6,29,13,40,12,4,25,19,3,1,3,1,14,1,0,0,0,0,4,9,1,70,1,2,21,55,55,3,31,31,31,1,0,1,0,11,11,10,10,30,10,3,2,2,0,2,0,2,2,361727575,1393451406,36.290993,139.580946,5,3,9999,9999,9,9
true,41,105,72,2,0,1,30000,0,205,2023,5,27,19,55,22,4,26,18,50,1,1,1,1,1,0,0,0,0,18,9,30,70,4,2,1,1,0,61,0,0,0,0,0,0,0,0,0,0,0,0,0,0,0,0,0,0,0,2,0,363404314,1394518472,36.567865,139.755131,7,3,0,0,0,0
true,41,105,73,1,1,1,10140,0,205,2023,6,1,10,20,12,4,24,18,53,1,2,1,13,7,0,0,0,0,3,3,1,70,4,3,21,75,75,3,14,31,31,1,11,1,2,11,11,3,3,10,10,1,1,1,1,2,2,2,1,363508365,1394146108,36.585657,139.696141,5,3,126,996,9,9
true,41,105,74,2,0,2,1210,0,205,2023,5,31,14,11,12,4,24,18,52,1,3,1,14,7,0,0,0,0,3,9,1,70,4,2,21,65,35,3,3,31,31,1,1,1,1,11,11,4,3,55,66,3,3,2,2,2,2,4,2,363640295,1394422583,36.611193,139.739606,4,3,9999,9999,9,1
true,41,105,75,2,0,1,30000,0,205,2023,5,30,17,27,12,4,25,18,52,2,1,1,14,7,0,0,0,0,4,9,1,70,4,2,21,25,25,3,4,31,31,1,1,1,1,1,1,4,4,10,30,3,3,2,2,2,2,4,2,363310732,1394559443,36.552981,139.766512,3,3,9999,9999,1,1
true,41,105,76,2,0,1,30000,0,205,2023,6,1,11,52,12,4,24,18,53,2,2,1,14,7,0,0,0,0,2,9,1,70,5,4,21,35,65,4,51,31,41,1,0,1,0,11,0,10,0,70,10,3,3,2,0,2,0,4,2,363406022,1394609357,36.568339,139.769266,5,3,9999,0,1,0
true,41,105,77,2,0,1,2930,0,205,2023,6,4,17,8,12,4,23,18,55,2,3,1,1,1,9,22,9,22,18,9,30,70,5,2,21,75,25,3,4,31,31,1,1,1,1,1,1,3,4,50,50,3,3,2,2,2,2,4,2,362839194,1394513662,36.477554,139.753795,1,3,514,9999,9,1
true,41,105,78,2,0,1,10040,0,205,2023,6,12,17,50,12,4,22,18,59,3,1,2,7,2,0,0,0,0,3,9,20,70,4,2,21,25,45,3,13,31,31,1,11,1,1,11,11,3,3,80,60,2,3,2,2,2,2,4,2,363355346,1394622439,36.565374,139.7729,2,3,9999,9999,1,9
true,41,105,79,2,0,1,30000,0,205,2023,6,17,10,13,12,4,22,19,1,1,3,1,1,7,9,22,9,22,15,9,30,70,4,2,21,75,25,3,32,31,31,1,0,1,0,11,11,4,4,20,10,3,2,2,0,2,0,4,2,363023328,1394721041,36.50648,139.789178,7,3,733,9999,9,1
true,41,105,80,2,0,2,10370,0,205,2023,6,18,13,49,12,4,22,19,1,1,3,1,14,7,0,0,0,0,3,9,20,70,4,4,41,55,0,3,75,31,0,1,0,1,0,11,0,4,0,80,0,1,0,1,0,2,0,2,0,363046159,1394144837,36.512822,139.695788,1,3,9999,0,9,0
true,41,105,81,2,0,1,30000,0,205,2023,6,8,16,39,12,4,22,18,57,2,2,1,14,7,0,0,0,0,4,9,1,70,1,2,21,55,55,3,3,31,31,1,1,1,1,11,11,4,4,40,20,3,3,2,2,2,2,4,2,363303600,1394703890,36.551,139.784414,5,3,9999,9999,9,9
true,41,105,83,2,0,1,1210,0,205,2023,6,16,15,35,12,4,22,19,1,1,2,1,14,7,0,0,0,0,3,9,1,70,4,2,21,25,1,3,51,31,41,1,0,1,0,11,0,3,0,10,40,2,3,2,0,2,0,4,2,363321460,1394619373,36.555961,139.772048,6,3,9999,0,1,0
true,41,105,84,2,0,2,1210,0,205,2023,6,11,14,34,12,4,22,18,59,3,3,2,14,7,0,0,0,0,3,9,1,70,4,3,41,25,0,3,75,31,0,1,0,1,0,11,0,4,0,10,0,1,0,1,0,2,0,2,0,363639280,1394422870,36.610911,139.739686,1,3,9999,0,1,0
true,41,106,80,1,1,0,23160,0,209,2023,6,8,7,35,12,4,22,18,57,1,2,1,14,7,0,0,0,0,3,9,1,70,4,4,41,45,0,51,76,41,0,0,0,0,0,0,0,0,0,20,0,3,0,0,0,0,0,1,0,362522213,1395829140,36.422837,139.974761,5,3,0,0,0,0
true,41,106,81,2,0,5,30000,0,209,2023,6,12,15,5,12,4,22,18,59,3,3,2,1,1,9,22,9,22,19,9,30,70,4,2,21,45,75,3,3,31,31,1,1,1,1,11,11,1,4,10,50,2,2,1,1,2,2,2,2,362801178,1395756887,36.466994,139.965802,2,3,9999,46,9,9
true,41,106,82,2,0,1,2940,0,209,2023,6,5,7,25,12,4,23,18,55,2,3,1,14,7,0,0,0,0,3,9,1,70,4,2,21,1,25,3,3,31,31,1,1,1,1,11,11,5,5,10,30,3,2,2,2,2,2,4,2,362228250,1395749784,36.374514,139.963829,2,3,9999,9999,1,1
true,41,106,83,2,0,1,10690,0,345,2023,6,8,9,14,12,4,22,18,57,1,2,1,14,7,0,0,0,0,5,9,1,70,1,2,21,65,45,4,4,31,31,1,1,1,1,11,11,10,5,14,14,2,2,2,2,2,2,4,2,363243901,1400338257,36.545528,140.060627,5,3,9999,9999,9,9
true,41,106,84,2,0,1,30000,0,209,2023,6,8,17,45,12,4,22,18,57,1,3,2,1,7,1,21,9,22,14,9,30,70,5,2,21,65,45,3,4,31,31,1,1,1,1,11,11,10,10,80,50,1,1,2,2,2,2,4,2,362516385,1400234109,36.421218,140.042808,5,3,9999,9999,9,9
true,41,106,85,2,0,1,30000,0,345,2023,6,17,11,10,12,4,22,19,1,1,3,1,1,7,1,21,9,22,15,9,30,70,4,2,21,55,65,3,4,31,31,1,1,1,1,11,11,5,5,80,50,1,1,1,1,2,2,4,2,363451197,1400315757,36.580888,140.054377,7,3,9999,9999,9,9
true,41,106,86,2,0,1,10410,0,342,2023,6,24,7,40,12,4,23,19,3,1,2,1,14,7,0,0,0,0,3,9,1,70,5,4,21,55,45,3,51,31,41,1,0,1,0,11,0,10,0,20,10,3,2,2,0,2,0,4,2,362430467,1400433514,36.408463,140.075976,7,3,9999,0,9,0
true,41,106,87,2,0,1,30000,0,209,2023,6,25,9,45,12,4,23,19,3,1,2,1,1,1,9,22,9,22,15,9,30,70,4,2,21,75,75,4,51,31,41,1,0,1,0,11,0,3,0,50,40,3,3,2,0,2,0,4,2,362640819,1400057103,36.444672,140.015862,1,3,641,0,9,0
true,41,106,88,2,0,1,99000,0,209,2023,6,26,16,0,12,4,24,19,3,2,3,1,0,7,0,0,0,0,0,0,20,70,0,4,41,1,0,51,76,41,0,0,0,0,0,0,0,0,0,10,0,3,0,0,0,0,0,2,0,362657746,1400014263,36.449374,140.003962,2,3,0,0,0,0
true,41,106,89,2,0,1,4080,0,209,2023,6,26,11,20,12,4,24,19,3,1,3,1,7,1,0,0,0,0,6,9,1,70,4,2,21,65,35,3,4,31,31,1,1,1,1,11,11,4,4,10,31,2,1,2,2,2,2,4,2,362404043,1395814765,36.401123,139.970768,2,3,9999,0,9,0
true,41,106,90,2,0,1,30000,0,209,2023,6,28,12,48,12,4,24,19,3,1,3,1,1,7,9,22,2,21,15,9,30,70,5,3,21,35,1,3,51,31,41,1,0,1,0,11,0,10,0,50,11,3,3,2,0,2,0,4,2,362702189,1395821403,36.450608,139.972612,4,3,9999,0,5,0
true,41,106,91,1,1,0,2940,0,342,2023,6,28,14,19,12,4,24,19,3,1,2,1,14,7,0,0,0,0,3,9,1,70,4,3,21,45,75,11,14,1,31,11,11,2,2,11,11,10,10,50,10,3,1,2,1,2,2,4,1,362749500,1400512293,36.46375,140.086748,4,3,9999,62,5,9
true,41,106,92,2,0,1,30000,0,209,2023,6,28,15,35,12,4,24,19,3,1,1,1,14,7,0,0,0,0,3,9,1,70,5,4,41,75,0,51,76,41,0,0,0,0,0,0,0,0,0,41,0,3,0,0,0,0,0,2,0,362655149,1400054495,36.448653,140.015138,4,3,0,0,0,0
true,41,106,93,2,0,1,4080,0,209,2023,6,30,7,38,12,4,25,19,3,2,3,1,14,7,0,0,0,0,4,9,1,70,4,2,21,35,25,3,3,31,31,1,1,1,1,11,11,4,4,10,30,3,3,2,2,2,2,4,2,362656569,1395743164,36.449047,139.96199,6,3,9999,9999,1,5
true,41,107,166,2,0,1,99000,0,208,2023,5,31,17,20,12,4,24,18,52,2,3,1,0,7,0,0,0,0,0,0,20,70,0,4,1,45,25,4,61,31,0,1,0,1,0,11,0,10,0,30,0,3,0,2,0,2,0,4,2,361848686,1394840734,36.313524,139.811315,4,3,9999,0,1,0
true,41,107,167,2,0,1,10330,0,208,2023,5,28,9,34,12,4,25,18,50,1,3,1,1,1,9,22,9,22,15,9,30,70,4,2,21,25,55,3,4,31,31,1,1,1,1,11,11,4,4,20,10,2,3,2,1,2,2,2,4,362016850,1395049283,36.338014,139.847023,1,3,9999,9999,1,9
true,41,107,168,2,0,1,41,838,208,2023,6,3,15,46,12,4,23,18,54,1,3,1,1,1,9,22,0,0,15,9,30,70,4,2,1,65,65,14,61,31,0,11,0,1,0,11,0,2,0,10,0,3,0,2,0,2,0,4,2,362131914,1394951337,36.358865,139.830927,7,3,9999,0,9,0
true,41,107,169,2,0,1,30000,0,208,2023,5,26,8,35,12,4,26,18,49,2,2,1,14,7,0,0,0,0,3,9,1,70,5,4,21,65,45,3,3,31,31,1,1,1,1,11,11,10,2,80,20,3,3,2,2,2,2,4,2,361818112,1394833379,36.305031,139.809272,6,3,9999,9999,9,1
true,41,107,170,2,0,1,41,695,208,2023,5,12,8,5,12,4,37,18,38,1,3,1,14,1,0,0,0,0,4,9,1,70,1,2,21,1,35,3,3,31,31,1,1,1,1,1,1,10,10,10,30,3,3,2,2,2,2,4,2,361548467,1394917083,36.263463,139.821412,6,3,9999,9999,1,1
true,41,107,171,2,0,1,30000,0,208,2023,5,3,12,3,12,4,46,18,30,1,1,1,14,7,0,0,0,0,4,9,20,70,4,2,21,65,25,3,51,31,41,1,0,1,0,11,0,10,0,0,0,4,3,2,0,2,0,4,2,361742792,1394804777,36.29522,139.801327,4,1,9999,0,9,0
true,41,107,172,2,0,1,30000,0,208,2023,6,6,8,43,12,4,22,18,56,1,2,1,1,1,8,22,0,0,15,9,30,70,4,2,1,35,55,3,61,31,0,1,0,1,0,11,0,3,0,10,0,3,0,2,0,2,0,4,2,361929467,1394851905,36.324852,139.814418,3,3,9999,0,1,0
true,41,107,173,2,0,1,40,771,208,2023,6,3,15,0,12,4,23,18,54,1,1,1,14,7,0,0,0,0,2,9,1,70,4,2,21,25,65,3,3,31,31,1,1,1,1,11,11,4,4,10,30,3,3,2,2,2,2,4,2,361823206,1394741456,36.306446,139.794849,7,3,9999,9999,4,9
true,41,107,174,2,0,1,10360,0,208,2023,5,18,8,14,12,4,32,18,43,1,3,1,14,7,0,0,0,0,3,9,1,70,4,2,21,65,1,2,3,31,31,1,1,1,1,11,1,4,4,80,20,3,3,2,2,2,2,4,2,361907709,1394519631,36.318808,139.755453,5,3,9999,9999,1,1
true,41,107,175,2,0,1,30000,0,208,2023,5,12,19,26,21,4,37,18,38,2,1,2,1,7,1,21,9,22,11,9,30,70,5,4,21,1,45,4,14,31,1,1,11,1,1,11,11,10,10,50,77,3,2,2,2,2,2,4,2,361715310,1394830971,36.287586,139.808603,6,3,9999,9999,1,1
true,41,107,176,2,0,1,30000,0,364,2023,6,9,19,32,21,4,22,18,58,2,2,1,14,7,0,0,0,0,2,9,1,70,4,2,21,35,65,3,14,31,31,1,11,1,1,11,11,4,4,10,30,3,3,1,2,2,2,4,2,361410385,1394443998,36.236218,139.745555,6,3,9999,9999,1,9
true,41,107,177,2,0,1,30000,0,208,2023,6,6,9,0,12,4,22,18,56,1,3,1,1,7,8,22,9,22,14,9,30,70,4,4,21,1,75,3,14,31,31,1,11,1,1,11,11,4,10,50,20,2,3,2,2,2,2,2,4,361859623,1395326099,36.316562,139.890583,3,3,9999,301,5,9
true,41,107,178,2,0,1,30000,0,208,2023,6,9,12,18,12,4,22,18,58,2,2,1,1,7,1,21,9,22,14,9,30,70,5,4,21,75,35,3,3,1,31,1,1,1,1,11,11,10,2,20,10,3,3,2,2,2,2,4,2,361559342,1394600674,36.266484,139.766854,6,3,252,9999,9,1
true,41,107,179,2,0,1,30000,0,208,2023,6,13,7,33,12,4,21,19,0,1,3,1,1,1,9,22,9,22,14,9,20,70,4,3,21,45,1,4,51,31,41,1,0,1,0,11,0,10,0,80,20,3,2,2,0,2,0,4,2,362007760,1394556340,36.335489,139.76565,3,3,9999,0,9,0
true,41,107,180,2,0,1,99000,0,208,2023,6,12,14,50,12,4,22,18,59,3,3,2,0,7,0,0,0,0,0,0,20,70,0,4,1,35,35,4,61,31,0,1,0,1,0,11,0,10,0,50,0,3,0,2,0,2,0,4,2,362005309,1394834160,36.334808,139.809489,2,3,9999,0,5,0
true,41,107,181,2,0,1,99000,0,208,2023,6,2,13,55,12,4,23,18,54,3,3,2,0,7,0,0,0,0,0,0,20,70,0,4,21,55,45,3,4,31,31,1,1,1,1,11,11,10,10,70,10,3,3,2,2,2,2,4,2,361852988,1394518745,36.314719,139.755207,6,3,9999,9999,9,1
true,41,107,182,2,0,1,30000,0,208,2023,6,17,9,50,12,4,22,19,1,1,2,1,1,7,9,22,9,22,15,9,30,70,5,4,21,25,1,13,35,1,31,11,0,1,0,11,11,10,10,80,10,3,3,2,0,2,0,4,2,361833736,1395005507,36.309371,139.834863,7,3,9999,9999,1,1
true,41,107,183,2,0,2,30000,0,208,2023,6,17,10,27,12,4,22,19,1,1,3,1,14,7,0,0,0,0,3,9,1,70,4,1,21,45,55,12,3,1,31,11,1,2,1,11,1,4,4,10,30,3,3,2,2,2,2,4,2,362012422,1394909613,36.336784,139.819337,7,3,9999,9999,9,9
true,41,107,184,1,1,0,10310,0,208,2023,6,18,22,16,22,4,22,19,1,1,2,1,14,7,0,0,0,0,4,9,1,70,1,2,1,35,75,3,61,31,0,1,0,1,0,11,0,5,0,80,0,3,0,2,0,2,0,4,1,361922336,1394735308,36.322871,139.793141,1,3,9999,0,1,0
true,41,107,185,2,0,1,30000,0,208,2023,5,25,21,21,22,4,27,18,48,1,1,1,1,1,9,22,0,0,15,9,30,70,4,2,1,55,25,3,61,31,0,1,0,1,0,11,0,10,0,50,0,3,0,2,0,2,0,4,2,361842993,1394830062,36.311943,139.808351,5,3,9999,0,9,0
true,41,107,186,2,0,1,20000,0,364,2023,6,4,9,27,12,4,23,18,55,1,3,1,1,7,9,22,9,22,11,9,30,70,1,2,21,75,25,3,34,31,31,1,0,1,0,11,11,10,10,20,10,3,3,2,0,2,0,4,2,361300343,1394453844,36.216762,139.74829,1,3,611,9999,9,1
true,41,107,187,2,0,1,30000,0,208,2023,6,15,13,37,12,4,21,19,0,2,1,1,14,7,0,0,0,0,3,9,1,70,4,2,21,65,65,3,14,31,1,1,11,1,2,11,11,4,4,10,30,3,3,2,2,2,2,4,2,361927484,1394931192,36.324301,139.825331,5,3,9999,9999,9,9
true,41,107,188,2,0,2,99000,0,208,2023,6,16,10,15,12,4,22,19,1,1,1,1,0,7,0,0,0,0,0,0,20,70,0,4,21,45,25,11,14,1,31,11,11,2,1,11,11,10,10,30,10,3,3,2,2,2,2,4,2,361958415,1394824570,36.332893,139.806825,6,3,9999,9999,5,1
true,41,107,189,2,0,1,30000,0,208,2023,4,17,13,53,12,5,5,18,16,1,1,1,1,7,9,22,9,22,14,9,30,70,5,2,21,55,55,3,51,31,41,1,0,1,0,1,0,10,0,80,20,3,3,2,0,2,0,4,2,361741086,1394831673,36.294746,139.808798,2,3,9999,0,4,0
true,41,107,190,2,0,1,30000,0,208,2023,6,20,8,50,12,4,22,19,2,2,2,1,14,7,0,0,0,0,4,9,1,70,4,2,21,25,65,3,4,31,31,1,1,1,1,11,11,4,4,10,30,3,3,2,2,2,2,4,2,361634619,1394755925,36.276283,139.798868,3,3,9999,9999,4,9
true,41,107,191,2,0,1,21910,0,208,2023,6,21,17,50,12,4,22,19,2,1,1,1,1,7,1,21,0,0,11,9,30,70,4,2,1,25,25,3,61,31,0,1,0,1,0,11,0,4,0,10,0,4,0,2,0,2,0,4,2,361721386,1394822180,36.289274,139.806161,4,3,9999,0,1,0
true,41,107,192,2,0,3,10330,0,208,2023,6,23,13,55,12,4,23,19,3,2,2,1,14,7,0,0,0,0,4,9,1,70,4,2,21,25,25,3,3,31,31,1,1,1,1,11,11,4,4,10,31,3,3,2,2,2,2,4,2,361925615,1395025033,36.323782,139.840287,6,3,9999,9999,1,1
true,41,107,193,2,0,1,21740,0,208,2023,6,24,11,13,12,4,23,19,3,1,3,1,14,7,0,0,0,0,3,9,1,70,4,2,41,55,0,11,75,31,0,11,0,2,0,11,0,4,0,80,0,3,0,2,0,2,0,4,0,361818104,1394425973,36.305029,139.740548,7,3,9999,0,9,0
true,41,107,194,2,0,1,41,791,208,2023,6,15,19,35,21,4,21,19,0,3,2,2,14,7,0,0,0,0,4,9,1,70,1,2,21,35,1,3,3,31,31,1,1,1,1,11,11,10,10,10,30,3,3,2,2,2,2,4,2,362041021,1395108608,36.344728,139.852391,5,3,9999,9999,1,1
true,41,107,195,2,0,1,10330,0,208,2023,6,26,4,57,11,4,24,19,3,2,2,1,1,3,9,22,9,22,15,9,30,70,5,2,21,25,65,3,14,31,31,1,11,1,1,11,11,2,3,10,85,2,2,1,2,2,2,4,2,362123746,1394858658,36.356596,139.816294,2,3,9999,9999,1,9
true,41,107,196,2,0,1,40,804,208,2023,6,20,12,24,12,4,22,19,2,1,2,1,14,7,0,0,0,0,5,9,1,70,4,2,21,45,35,3,3,31,31,1,1,1,1,11,11,4,4,10,31,2,2,2,2,2,2,4,2,362002656,1394838992,36.334071,139.810831,3,3,9999,9999,4,1
true,41,107,197,2,0,1,90000,0,364,2023,4,20,17,20,13,5,1,18,19,1,3,1,14,7,0,0,0,0,2,9,1,70,5,4,1,55,45,3,61,31,0,1,0,1,0,11,0,10,0,50,0,3,0,2,0,2,0,4,2,361357551,1394303032,36.232653,139.717509,5,3,9999,0,9,0
true,41,107,198,2,0,1,10330,0,208,2023,6,20,7,1,12,4,22,19,2,1,3,1,1,7,9,22,9,22,11,9,30,70,5,4,21,1,45,3,3,31,31,1,1,1,1,11,11,10,10,50,50,3,3,2,2,2,2,4,2,361746723,1394558468,36.296312,139.766241,3,3,9999,9999,1,1
true,41,107,199,2,0,1,500,780,208,2023,6,28,7,54,12,4,24,19,3,2,1,1,14,7,0,0,0,0,4,9,1,70,1,2,21,45,1,3,3,31,31,1,1,1,1,1,11,10,10,10,30,3,3,2,2,2,2,4,2,361752091,1394922609,36.297803,139.822947,4,3,9999,9999,9,5
true,41,107,200,2,0,1,95000,0,208,2023,6,29,11,50,12,4,25,19,3,1,1,1,0,7,0,0,0,0,0,0,20,70,0,4,41,75,0,51,76,41,0,0,0,0,0,0,0,0,0,40,0,3,0,0,0,0,0,2,0,362155703,1394959480,36.365473,139.833189,5,3,0,0,0,0