資料区分,都道府県コード,警察署等コード,本票番号,事故内容,死者数,負傷者数,路線コード,地点コード,市区町村コード,発生日時　　年,発生日時　　月,発生日時　　日,発生日時　　時,発生日時　　分,昼夜,日の出時刻　　時,日の出時刻　　分,日の入り時刻　　時,日の入り時刻　　分,天候,地形,路面状態,道路形状,信号機,一時停止規制　標識（当事者A）,一時停止規制　表示（当事者A）,一時停止規制　標識（当事者B）,一時停止規制　表示（当事者B）,車道幅員,道路線形,衝突地点,ゾーン規制,中央分離帯施設等,歩車道区分,事故類型,年齢（当事者A）,年齢（当事者B）,当事者種別（当事者A）,当事者種別（当事者B）,用途別（当事者A）,用途別（当事者B）,車両形状等（当事者A）,車両形状等（当事者B）,オートマチック車（当事者A）,オートマチック車（当事者B）,サポカー（当事者A）,サポカー（当事者B）,速度規制（指定のみ）（当事者A）,速度規制（指定のみ）（当事者B）,車両の衝突部位（当事者A）,車両の衝突部位（当事者B）,車両の損壊程度（当事者A）,車両の損壊程度（当事者B）,エアバッグの装備（当事者A）,エアバッグの装備（当事者B）,サイドエアバッグの装備（当事者A）,サイドエアバッグの装備（当事者B）,人身損傷程度（当事者A）,人身損傷程度（当事者B）,地点　緯度（北緯）,地点　経度（東経）,地点　緯度（北緯）_1,地点　経度（東経）_1,曜日(発生年月日),祝日(発生年月日),認知機能検査経過日数（当事者A）,認知機能検査経過日数（当事者B）,運転練習の方法（当事者A）,運転練習の方法（当事者B）
true,41,107,201,2,0,1,41,700,208,2023,4,29,9,10,12,4,50,18,26,1,3,1,1,1,9,22,9,22,18,9,30,70,1,2,21,25,55,3,14,31,1,1,11,1,1,11,11,10,10,70,50,2,3,2,2,2,2,4,2,361601031,1394933856,36.266953,139.826071,7,1,9999,9999,1,9
true,41,108,37,2,0,1,30000,0,210,2023,6,1,7,42,12,4,24,18,53,2,2,1,13,7,0,0,0,0,2,3,1,70,5,4,21,35,1,3,51,31,41,1,0,1,0,11,0,10,0,20,20,3,3,2,0,2,0,4,2,365333720,1400249247,36.8927,140.047013,5,3,9999,0,5,0
true,41,108,38,2,0,1,30000,0,210,2023,4,20,9,47,12,5,1,18,19,1,2,1,1,7,1,21,9,22,14,9,30,70,4,2,21,65,45,3,51,31,41,1,0,1,0,11,0,10,0,11,44,3,3,2,0,2,0,4,2,365102839,1400126580,36.850789,140.02405,5,3,9999,0,9,0
true,41,108,39,2,0,1,30000,0,210,2023,6,5,9,15,12,4,23,18,55,1,2,1,1,7,1,22,1,22,11,9,30,70,5,4,21,75,65,3,51,31,41,1,0,1,0,11,0,3,0,10,20,3,3,2,0,2,0,4,2,365110904,1400054817,36.853029,140.015227,2,3,9999,0,9,0
true,41,108,40,2,0,1,4610,0,210,2023,5,2,7,5,12,4,47,18,29,1,2,1,14,7,0,0,0,0,1,9,1,70,5,2,21,1,35,3,3,31,31,1,1,1,1,1,11,4,4,10,30,3,3,2,2,2,2,4,2,365130330,1400600648,36.858425,140.10018,3,2,9999,9999,1,5
true,41,108,41,2,0,1,2940,0,210,2023,6,7,3,54,23,4,22,18,57,1,3,1,14,7,0,0,0,0,3,9,1,70,4,2,21,55,55,11,36,1,31,11,0,2,0,11,11,4,10,10,10,3,2,2,0,2,0,4,2,365340175,1400705074,36.894493,140.118076,4,3,9999,9999,9,9
true,41,108,42,1,1,0,2940,0,210,2023,6,7,4,1,23,4,22,18,57,1,3,1,14,7,0,0,0,0,3,9,1,70,4,2,21,35,55,11,36,31,31,11,0,2,0,11,11,4,10,10,10,2,3,2,0,2,0,4,1,365356728,1400706308,36.899091,140.118419,4,3,9999,9999,5,9
true,41,108,43,2,0,1,20000,0,210,2023,6,7,18,0,13,4,22,18,57,1,3,1,14,7,0,0,0,0,3,9,1,70,4,2,21,1,55,4,4,31,31,1,1,1,1,11,11,3,3,10,10,1,1,1,1,2,2,4,2,365358794,1400414236,36.899665,140.070621,4,3,9999,9999,1,9
true,41,108,44,2,0,1,4610,0,210,2023,6,6,8,36,12,4,22,18,56,1,3,1,1,7,1,21,9,22,15,9,30,70,4,2,21,65,1,3,51,31,41,1,0,1,0,11,0,4,0,80,10,3,3,2,0,2,0,4,2,365208454,1400325510,36.869015,140.057086,3,3,9999,0,9,0
true,41,108,45,2,0,1,4610,0,210,2023,6,10,9,30,12,4,22,18,58,1,3,1,1,7,9,22,1,22,15,9,30,70,5,2,21,45,35,3,34,31,31,1,0,1,0,11,11,4,10,50,10,3,2,2,0,1,0,4,2,365208483,1400325556,36.869023,140.057099,7,3,9999,9999,9,5
true,41,108,46,2,0,1,30000,0,210,2023,6,15,21,4,22,4,21,19,0,2,1,2,7,1,0,0,0,0,2,9,1,70,5,2,21,25,65,3,4,31,31,1,1,1,1,11,11,3,3,10,30,3,3,2,2,2,2,4,2,365214383,1400106683,36.870662,140.018523,5,3,9999,9999,1,9
true,41,108,47,2,0,1,10720,0,210,2023,6,19,9,59,12,4,22,19,2,1,1,1,12,7,0,0,0,0,3,9,1,70,4,1,41,65,0,51,75,41,0,0,0,0,0,0,0,0,0,40,0,3,0,0,0,0,0,2,0,365212983,1400201997,36.870273,140.033888,2,3,0,0,0,0
true,41,108,48,2,0,1,20000,0,210,2023,6,21,15,5,12,4,22,19,2,1,3,1,14,7,0,0,0,0,3,7,1,70,4,2,41,1,0,51,75,41,0,0,0,0,0,0,0,0,0,10,0,3,0,0,0,0,0,2,0,364855973,1400640846,36.815548,140.111346,4,3,0,0,0,0
true,41,108,49,2,0,2,30000,0,210,2023,6,23,10,23,12,4,23,19,3,2,3,1,1,7,1,21,9,22,15,9,30,70,4,3,21,75,55,4,14,31,31,1,11,1,2,11,11,10,3,80,50,3,3,2,2,2,2,2,2,365238730,1400231567,36.877425,140.042102,6,3,400,9999,9,9
true,41,108,50,2,0,1,30000,0,210,2023,6,27,9,42,12,4,24,19,3,3,2,2,14,7,0,0,0,0,3,9,1,70,5,4,41,75,0,51,76,41,0,0,0,0,0,0,0,0,0,20,0,3,0,0,0,0,0,2,0,365213678,1400122066,36.870466,140.022796,3,3,0,0,0,0
true,41,108,51,2,0,2,30000,0,210,2023,6,20,19,13,21,4,22,19,2,1,2,1,1,7,9,22,1,22,15,9,30,70,5,2,21,35,1,3,4,31,31,1,1,1,1,11,11,3,3,40,10,3,3,2,2,2,2,2,2,365217047,1400029120,36.871402,140.008089,3,3,9999,9999,1,1
true,41,108,52,2,0,1,30000,0,210,2023,6,30,18,25,13,4,25,19,3,2,2,1,14,1,0,0,0,0,3,9,1,70,5,2,21,55,65,3,4,31,31,1,1,1,1,11,11,4,4,10,31,2,2,2,2,2,2,4,2,365400086,1400107169,36.900024,140.018658,6,3,9999,9999,9,1
true,41,109,16,2,0,1,1190,0,206,2023,5,19,15,58,12,4,31,18,43,3,1,2,1,7,9,22,9,22,15,8,30,70,5,2,21,25,65,3,4,31,31,1,1,1,1,11,11,3,3,10,30,2,2,2,2,2,2,4,2,364501236,1393637616,36.750343,139.610449,6,3,9999,9999,1,9
true,41,110,37,2,0,1,1190,0,206,2023,5,23,17,52,13,4,28,18,47,2,3,1,14,7,0,0,0,0,3,9,1,70,4,2,21,1,45,3,3,31,31,1,1,1,1,1,1,4,4,10,30,2,2,1,2,2,2,4,2,364315200,1394223987,36.720889,139.706663,3,3,9999,9999,1,5
true,41,110,38,2,0,1,1210,0,206,2023,6,2,17,29,12,4,23,18,54,3,3,2,14,7,0,0,0,0,3,9,1,70,4,2,21,75,1,3,4,31,31,1,1,1,1,11,11,10,10,10,10,1,1,2,2,2,2,4,2,364649771,1394217762,36.780492,139.704934,6,3,165,9999,9,1
true,41,110,39,2,0,1,1210,0,206,2023,6,11,18,57,13,4,22,18,59,3,3,2,14,7,0,0,0,0,3,9,1,70,5,4,1,25,75,14,61,31,0,11,0,1,0,11,0,3,0,80,0,2,0,2,0,2,0,4,2,364507038,1394231568,36.751955,139.708769,1,3,9999,0,1,0
true,41,110,40,2,0,1,10620,0,206,2023,6,14,8,13,12,4,21,19,0,3,1,2,14,7,0,0,0,0,3,9,1,70,4,2,41,1,0,51,75,41,0,0,0,0,0,0,0,0,0,41,0,3,0,0,0,0,0,2,0,364334727,1394232170,36.726313,139.708936,4,3,0,0,0,0
true,41,110,41,2,0,1,1210,0,206,2023,6,15,7,26,12,4,21,19,0,2,1,1,14,7,0,0,0,0,3,9,1,70,5,4,1,35,1,3,61,31,0,1,0,1,0,11,0,3,0,52,0,3,0,2,0,2,0,4,2,364407729,1394142798,36.73548,139.695222,5,3,9999,0,1,0
true,41,110,42,2,0,1,1190,0,206,2023,6,8,7,55,12,4,22,18,57,1,3,1,14,7,0,0,0,0,3,9,1,70,4,2,21,1,25,3,3,31,31,1,1,1,1,11,11,4,4,10,30,3,3,2,2,2,2,4,2,364134094,1394531086,36.692804,139.758635,5,3,9999,9999,1,1
true,41,110,43,2,0,1,20000,0,206,2023,6,12,12,30,12,4,22,18,59,2,3,1,1,7,9,22,9,22,15,9,30,70,4,3,21,55,65,12,4,1,31,11,1,1,1,11,1,10,10,50,85,2,2,2,2,2,2,2,4,363938934,1394554328,36.660815,139.765091,2,3,9999,9999,9,9
true,41,110,44,2,0,1,30000,0,206,2023,6,21,15,41,12,4,22,19,2,1,2,1,7,1,0,0,0,0,3,9,1,70,4,2,41,75,0,51,76,41,0,0,0,0,0,0,0,0,0,20,0,3,0,0,0,0,0,2,0,364304832,1394145913,36.718009,139.696087,4,3,0,0,0,0
true,41,110,45,2,0,1,30000,0,206,2023,6,22,7,51,12,4,22,19,2,2,3,2,1,7,9,22,9,22,14,9,30,70,4,3,21,35,25,3,4,31,31,1,1,1,1,11,11,10,10,50,0,3,3,2,2,2,2,4,2,364324434,1394316104,36.723454,139.72114,5,3,9999,9999,5,1
true,41,110,46,2,0,1,30000,0,206,2023,6,24,10,20,12,4,23,19,3,3,3,2,14,7,0,0,0,0,3,8,1,70,4,2,41,1,0,51,75,41,0,0,0,0,0,0,0,0,0,40,0,3,0,0,0,0,0,2,0,364533872,1394250897,36.759409,139.714138,7,3,0,0,0,0
true,41,111,95,2,0,1,4000,0,213,2023,6,1,8,15,12,4,24,18,53,1,3,1,14,7,0,0,0,0,2,9,1,70,5,2,21,25,1,3,51,31,41,1,0,1,0,11,0,10,0,10,20,3,2,2,0,2,0,4,2,365334328,1395751545,36.892869,139.964318,5,3,9999,0,1,0
true,41,111,96,2,0,2,30000,0,213,2023,6,1,16,56,12,4,24,18,53,2,3,1,13,7,0,0,0,0,1,6,1,70,5,4,21,35,45,3,14,31,31,1,11,1,2,11,11,10,10,50,50,2,2,2,1,2,2,2,4,365453924,1400126512,36.914979,140.024031,5,3,9999,9999,1,9
true,41,111,97,2,0,1,30000,0,213,2023,6,4,14,42,12,4,23,18,55,1,2,1,14,7,0,0,0,0,2,9,1,70,5,2,41,1,0,51,75,41,0,0,0,0,0,0,0,0,0,10,0,3,0,0,0,0,0,2,0,365216655,1395958279,36.871293,139.999522,1,3,0,0,0,0
true,41,111,98,2,0,1,4610,0,213,2023,6,4,15,32,12,4,23,18,55,2,3,1,1,8,9,22,9,22,18,9,30,70,4,2,21,65,25,3,33,31,31,1,0,1,0,1,11,10,10,10,20,2,2,2,0,2,0,4,2,365053369,1395854977,36.848158,139.981938,1,3,9999,9999,9,5
true,41,111,99,2,0,5,30000,0,407,2023,6,5,8,48,12,4,23,18,55,1,3,1,1,7,9,22,9,22,11,7,30,70,5,4,21,65,35,3,4,31,31,1,1,1,1,11,11,10,10,80,10,2,2,1,1,2,1,2,4,370356178,1400015818,37.065605,140.004394,2,3,9999,9999,9,1
true,41,111,100,2,0,1,30000,0,213,2023,6,6,8,0,12,4,22,18,56,1,3,1,14,7,0,0,0,0,5,9,1,70,5,2,41,1,0,51,75,41,0,0,0,0,0,0,0,0,0,44,0,3,0,0,0,0,0,2,0,365231930,1400002804,36.875536,140.000779,3,3,0,0,0,0
true,41,111,101,2,0,1,30000,0,213,2023,6,6,12,39,12,4,22,18,56,1,2,1,1,7,1,21,9,22,14,9,30,70,5,2,21,25,45,4,33,31,31,1,0,1,0,11,11,10,4,20,10,2,1,1,0,2,0,4,2,365747632,1400221278,36.963231,140.039244,3,3,9999,9999,1,9
true,41,111,102,2,0,1,30000,0,213,2023,6,6,8,0,12,4,22,18,56,1,3,1,1,7,9,22,1,21,11,9,30,70,5,4,21,25,75,3,14,31,31,1,11,1,2,11,11,4,10,80,50,2,2,1,2,1,2,2,4,365635642,1400411618,36.943234,140.069894,3,3,9999,613,1,9
true,41,111,103,2,0,1,30000,0,213,2023,5,17,9,38,12,4,32,18,42,1,3,1,1,7,1,21,9,22,14,9,30,70,5,4,21,25,65,3,14,31,31,1,11,1,1,11,11,10,10,10,60,2,3,2,2,2,2,4,2,365622772,1400246345,36.939659,140.046207,4,3,9999,9999,9,9
true,41,111,104,2,0,1,90000,0,407,2023,6,9,14,25,12,4,22,18,58,1,3,1,14,7,0,0,0,0,3,7,1,70,4,4,41,55,0,4,75,31,0,1,0,1,0,11,0,10,0,81,0,2,0,1,0,2,0,2,0,370609374,1400339982,37.102604,140.061106,6,3,9999,0,9,0
true,41,111,105,2,0,1,30000,0,213,2023,6,4,20,15,22,4,23,18,55,1,3,1,14,7,0,0,0,0,3,9,1,70,4,2,21,45,35,3,31,31,31,1,0,1,0,1,11,10,10,10,30,2,2,2,0,2,0,4,2,365946828,1395942698,36.996341,139.995194,1,3,9999,9999,1,5
true,41,111,106,2,0,1,30000,0,213,2023,6,11,15,11,12,4,22,18,59,3,3,2,13,7,0,0,0,0,2,6,1,70,4,2,41,1,0,4,75,31,0,1,0,1,0,11,0,10,0,50,0,1,0,2,0,2,0,4,0,365841106,1400306520,36.978085,140.051811,1,3,9999,0,1,0
true,41,111,107,2,0,2,20000,0,213,2023,6,5,13,2,12,4,23,18,55,1,2,1,14,1,0,0,0,0,1,9,1,70,5,2,21,75,35,7,3,31,31,1,1,1,1,11,11,3,3,10,30,3,2,2,2,2,2,4,2,365843378,1400206500,36.978716,140.035139,2,3,564,9999,9,1
true,41,111,108,2,0,1,30000,0,213,2023,6,16,6,0,12,4,22,19,1,3,1,2,14,7,0,0,0,0,2,9,1,70,5,2,41,65,0,52,76,41,0,0,0,0,0,0,0,0,0,40,0,3,0,0,0,0,0,2,0,365349016,1395914179,36.896949,139.987272,6,3,0,0,0,0
true,41,111,109,2,0,1,23030,0,407,2023,6,15,23,5,22,4,21,19,0,3,3,2,13,7,0,0,0,0,2,5,1,70,5,2,21,35,65,4,4,31,31,1,1,1,1,1,1,10,10,10,10,1,1,1,1,2,2,4,2,370000317,1400337919,37.000088,140.060533,5,3,9999,9999,5,9
true,41,111,110,1,1,0,30000,0,213,2023,6,17,11,15,12,4,22,19,1,1,3,1,14,7,0,0,0,0,1,8,1,70,5,4,1,75,75,4,61,31,0,1,0,1,0,11,0,10,0,32,0,3,0,2,0,2,0,4,1,365928892,1395331837,36.991359,139.892177,7,3,1023,0,9,0
true,41,111,111,2,0,2,30000,0,213,2023,6,8,12,15,12,4,22,18,57,2,2,1,14,7,0,0,0,0,2,9,1,70,4,2,21,65,55,3,4,31,31,1,1,1,1,11,11,4,4,70,50,3,3,2,2,2,2,2,4,365314392,1395929895,36.887331,139.991638,5,3,9999,9999,9,9
true,41,111,112,2,0,1,30000,0,213,2023,6,28,11,45,12,4,24,19,3,1,2,1,0,7,0,0,0,0,0,0,20,70,0,2,21,75,75,14,51,31,41,11,0,2,0,11,0,10,0,11,22,3,3,2,0,2,0,4,2,365703125,1400206785,36.950868,140.035218,4,3,377,0,9,0
true,41,111,113,2,0,1,30000,0,213,2023,6,29,19,40,21,4,25,19,3,1,3,1,14,7,0,0,0,0,2,9,20,70,5,4,41,25,0,33,75,31,0,0,0,0,0,11,0,10,0,14,0,2,0,0,0,0,0,4,0,365814596,1400049406,36.970721,140.013724,5,3,9999,0,1,0
true,41,111,114,2,0,2,30000,0,213,2023,6,17,16,54,12,4,22,19,1,1,3,1,14,7,0,0,0,0,1,9,20,70,5,2,21,45,45,4,4,31,31,1,1,1,1,11,11,4,4,80,60,3,2,2,2,2,2,4,2,365746850,1400140278,36.963014,140.027855,7,3,9999,9999,9,1
true,41,112,63,2,0,1,10440,0,216,2023,5,16,8,17,12,4,33,18,41,1,3,1,1,7,9,22,9,22,11,7,30,70,5,4,21,35,35,2,3,1,31,1,1,2,1,11,11,3,3,0,0,3,3,2,2,2,2,4,2,362156362,1395100673,36.365656,139.850187,3,3,9999,9999,5,1
true,41,112,64,2,0,1,10440,0,301,2023,6,9,7,25,12,4,22,18,58,3,3,2,1,2,1,21,9,22,14,9,30,70,4,2,21,55,35,3,36,31,31,1,0,1,0,11,11,10,10,50,10,3,3,2,0,2,0,4,2,362644437,1395330131,36.445677,139.891703,6,3,9999,9999,9,5
true,41,112,65,2,0,1,40,937,216,2023,6,6,19,7,21,4,22,18,56,3,1,2,14,7,0,0,0,0,4,9,1,70,4,2,21,25,45,3,51,31,41,1,0,1,0,0,0,10,0,10,20,3,3,2,0,2,0,4,2,362629519,1395151664,36.441533,139.864351,3,3,9999,0,5,0
true,41,112,66,2,0,5,41,941,301,2023,6,11,22,36,22,4,22,18,59,3,3,2,14,7,0,0,0,0,6,9,1,70,1,1,21,55,1,3,3,31,31,1,1,1,1,0,0,5,5,10,31,2,2,1,2,1,2,4,2,362800919,1395434661,36.466922,139.909628,1,3,9999,9999,9,1
true,41,112,67,2,0,1,30000,0,216,2023,6,20,8,48,12,4,22,19,2,1,3,1,1,1,9,22,9,22,11,9,30,70,5,4,21,55,75,4,51,31,41,1,0,1,0,11,0,1,0,0,0,3,3,2,0,2,0,4,2,362619025,1395055709,36.438618,139.848808,3,3,9999,0,9,0
true,41,112,68,2,0,1,21930,0,301,2023,5,31,13,35,12,4,24,18,52,1,3,1,14,1,0,0,0,0,1,9,1,70,5,4,21,25,65,12,4,1,31,11,1,2,1,11,11,1,1,0,0,3,3,2,2,2,2,2,4,362821947,1395639401,36.472763,139.944278,4,3,9999,9999,1,9
true,41,112,69,2,0,1,10350,0,301,2023,4,10,17,26,13,5,15,18,10,1,3,1,14,7,0,0,0,0,3,9,1,70,5,4,21,55,25,4,4,31,31,1,1,1,1,11,11,10,10,10,30,3,3,2,2,2,2,4,2,362647321,1395433026,36.446478,139.909174,2,3,9999,9999,9,1
true,41,113,49,2,0,1,40,1247,214,2023,5,25,16,49,12,4,27,18,48,1,2,1,14,7,0,0,0,0,5,9,1,70,1,2,21,25,55,3,14,31,31,1,11,1,1,11,11,10,10,30,10,3,3,2,1,2,2,2,4,364041146,1395738372,36.678096,139.960659,5,3,9999,9999,1,9
true,41,113,50,2,0,1,30000,0,386,2023,6,1,16,13,12,4,24,18,53,1,2,1,1,7,1,21,1,21,14,9,30,70,5,4,21,55,1,13,51,1,41,11,0,1,0,11,0,10,0,40,10,3,3,2,0,2,0,4,2,363715668,1395857918,36.621019,139.982755,5,3,9999,0,9,0
true,41,113,51,2,0,1,30000,0,386,2023,5,22,7,6,12,4,29,18,46,1,3,1,0,7,0,0,0,0,0,0,20,70,0,4,21,45,1,3,51,31,41,1,0,1,0,11,0,10,0,10,40,3,2,2,0,2,0,4,2,363729345,1395912667,36.624818,139.986852,2,3,9999,0,9,0
true,41,113,52,2,0,2,40,1170,386,2023,5,28,8,17,12,4,25,18,50,2,2,1,14,1,0,0,0,0,5,9,1,70,1,2,21,45,45,3,3,31,31,1,1,1,1,11,11,10,10,10,30,3,3,2,2,2,2,4,2,363717442,1395828492,36.621512,139.974581,1,3,9999,9999,1,9
true,41,113,53,2,0,1,99000,0,214,2023,6,12,16,30,12,4,22,18,59,3,3,1,0,7,0,0,0,0,0,0,20,70,0,4,41,1,0,51,76,41,0,0,0,0,0,0,0,0,0,40,0,3,0,0,0,0,0,2,0,364155324,1395809206,36.698701,139.969224,2,3,0,0,0,0
true,41,113,54,2,0,1,2930,0,214,2023,6,7,21,18,22,4,22,18,57,1,2,1,1,1,9,22,0,0,15,9,30,70,5,2,1,35,35,3,61,31,0,1,0,1,0,11,0,4,0,80,0,3,0,2,0,2,0,4,2,364051920,1395818732,36.681089,139.97187,4,3,9999,0,1,0
true,41,113,55,2,0,1,99000,0,214,2023,6,17,12,17,12,4,22,19,1,1,3,1,0,7,0,0,0,0,0,0,20,70,0,4,21,55,35,14,34,31,31,11,0,2,0,11,11,10,10,60,40,3,3,2,0,2,0,4,2,364237177,1400130360,36.710327,140.0251,7,3,9999,9999,9,1
true,41,113,56,2,0,1,10640,0,386,2023,6,19,8,53,12,4,22,19,2,1,3,1,14,1,0,0,0,0,4,9,1,70,4,2,21,65,35,32,51,31,41,0,0,0,0,11,0,4,0,10,30,3,3,0,0,0,0,4,2,363506410,1400033012,36.585114,140.00917,2,3,9999,0,9,0
true,41,113,57,2,0,1,30000,0,214,2023,6,24,14,25,12,4,23,19,3,2,3,1,1,7,1,22,9,22,14,9,30,70,4,1,21,45,45,3,51,31,41,1,0,1,0,11,0,10,0,50,10,3,2,2,0,2,0,4,2,363946116,1395800163,36.66281,139.966712,7,3,9999,0,1,0
true,41,113,58,2,0,1,99000,0,214,2023,5,28,10,38,12,4,25,18,50,1,3,1,0,7,0,0,0,0,0,0,20,70,0,4,21,75,35,3,4,31,31,1,1,1,1,11,11,1,1,60,20,3,3,2,2,2,2,4,2,364132570,1395750114,36.692381,139.963921,1,3,1041,9999,9,1
true,41,113,59,2,0,1,30000,0,386,2023,6,11,13,17,12,4,22,18,59,3,3,2,1,7,9,22,9,22,11,9,30,70,5,4,21,35,55,13,4,31,31,11,1,1,1,11,11,10,10,40,50,3,3,2,2,2,2,2,4,363749382,1400306023,36.630384,140.051673,1,3,9999,9999,5,9
true,41,114,44,2,0,1,30000,0,211,2023,6,2,15,39,12,4,23,18,54,3,3,2,14,7,0,0,0,0,2,9,20,1,5,4,1,55,1,3,61,31,0,1,0,1,0,11,0,2,0,50,0,3,0,2,0,2,0,4,2,364527479,1395703460,36.757633,139.950961,6,3,9999,0,9,0
true,41,114,45,2,0,3,30000,0,384,2023,6,9,7,42,12,4,22,18,58,3,3,2,1,7,1,21,9,22,11,9,30,70,5,4,21,65,35,3,4,31,31,1,1,1,1,11,11,10,10,10,40,2,2,1,1,1,1,2,2,364457790,1395224629,36.749386,139.873508,6,3,9999,9999,9,1
true,41,114,46,2,0,1,30000,0,211,2023,6,12,7,50,12,4,22,18,59,3,3,2,14,7,0,0,0,0,3,7,20,1,5,2,21,45,1,4,51,31,41,1,0,1,0,11,0,2,0,10,10,3,2,2,0,2,0,4,2,364528883,1395705047,36.758023,139.951402,2,3,9999,0,9,0
true,41,114,47,2,0,1,40,1380,211,2023,6,20,17,57,12,4,22,19,2,1,2,1,14,7,0,0,0,0,5,9,1,70,4,2,21,35,45,3,13,31,31,1,11,1,1,11,11,4,4,80,50,2,2,2,2,2,2,4,2,364757034,1395635801,36.799176,139.943278,3,3,9999,9999,1,1
true,41,115,15,2,0,1,10120,0,215,2023,6,9,16,55,12,4,22,18,58,1,2,1,14,7,0,0,0,0,1,9,1,70,5,2,41,1,0,51,75,41,0,0,0,0,0,0,0,0,0,10,0,2,0,0,0,0,0,2,0,363855154,1401021997,36.648654,140.172777,6,3,0,0,0,0
true,41,115,16,2,0,1,2940,0,215,2023,6,9,18,50,13,4,22,18,58,1,3,1,14,7,0,0,0,0,1,9,1,70,5,2,41,1,0,51,76,41,0,0,0,0,0,0,0,0,0,10,0,3,0,0,0,0,0,2,0,363930780,1400938560,36.65855,140.160711,6,3,0,0,0,0
true,41,115,17,2,0,1,20000,0,215,2023,6,13,7,59,12,4,21,19,0,2,2,2,14,7,0,0,0,0,3,9,1,70,4,2,21,55,55,3,4,31,31,1,1,1,1,11,11,3,3,10,31,3,3,2,2,2,2,4,2,363909677,1400911038,36.652688,140.153066,3,3,9999,9999,9,9
true,41,115,18,2,0,1,20000,0,215,2023,6,14,9,37,12,4,21,19,0,3,3,2,1,7,1,21,9,22,11,9,30,70,4,4,21,35,55,3,14,31,31,1,11,1,1,1,11,3,3,30,10,3,3,2,2,2,2,2,4,363944248,1400544030,36.662291,140.095564,4,3,9999,9999,1,9
true,41,115,19,2,0,2,30000,0,215,2023,6,17,6,37,12,4,22,19,1,1,3,1,1,7,9,22,1,21,14,8,30,70,5,3,21,25,1,4,4,31,31,1,1,1,1,11,11,10,10,10,50,3,3,2,2,2,2,4,2,363809704,1400916229,36.636029,140.154508,7,3,9999,9999,5,1
true,41,116,12,2,0,1,10270,0,343,2023,5,27,14,42,12,4,26,18,50,1,3,1,1,7,1,22,9,22,14,8,30,70,5,3,21,1,25,3,31,31,31,1,0,1,0,11,11,10,10,55,11,3,3,2,0,2,0,4,2,363437139,1401240939,36.576983,140.211372,7,3,9999,9999,1,5
true,41,119,8,2,0,3,2930,0,411,2023,6,29,10,40,12,4,25,19,3,1,3,1,1,1,9,22,9,22,15,7,30,70,4,2,21,45,55,3,4,31,31,1,1,1,1,1,1,4,4,80,10,2,2,1,1,2,2,2,2,364400226,1400929336,36.733396,140.158149,5,3,9999,9999,5,9
true,41,122,188,2,0,1,30010,0,201,2023,5,16,14,20,12,4,33,18,41,1,3,1,14,7,0,0,0,0,3,9,1,70,4,2,1,75,65,4,61,31,0,1,0,1,0,11,0,3,0,40,0,3,0,2,0,2,0,4,2,363429058,1395402782,36.574738,139.900773,3,3,9999,0,9,0
true,41,122,189,2,0,1,99000,0,201,2023,6,3,15,40,12,4,23,18,54,1,1,1,0,7,0,0,0,0,0,0,20,70,0,4,1,45,45,4,61,31,0,1,0,1,0,11,0,10,0,30,0,3,0,2,0,2,0,4,2,363339568,1395454536,36.560991,139.915149,7,3,9999,0,5,0
true,41,122,190,2,0,1,10630,0,201,2023,6,3,15,30,12,4,23,18,54,2,2,1,14,7,0,0,0,0,1,8,1,70,4,2,41,75,0,51,75,41,0,0,0,0,0,0,0,0,0,10,0,3,0,0,0,0,0,2,0,364157419,1395345154,36.699283,139.895876,7,3,0,0,0,0
true,41,122,191,2,0,1,40,1118,201,2023,5,17,19,50,22,4,32,18,42,1,2,1,14,7,0,0,0,0,2,9,1,70,5,2,21,35,25,3,4,31,31,1,1,1,1,11,11,5,5,20,80,3,3,2,2,2,2,2,4,363507454,1395546873,36.585404,139.929687,4,3,9999,9999,1,1
true,41,122,192,2,0,1,30000,0,201,2023,6,5,7,8,12,4,23,18,55,1,2,1,14,7,0,0,0,0,1,9,1,70,5,4,41,1,0,51,76,41,0,0,0,0,0,0,0,0,0,40,0,3,0,0,0,0,0,2,0,363248257,1395530238,36.546738,139.925066,2,3,0,0,0,0
true,41,122,193,2,0,1,30000,0,201,2023,6,2,21,40,22,4,23,18,54,3,2,1,14,7,0,0,0,0,1,9,1,70,5,4,21,75,35,3,3,31,31,1,1,1,1,11,11,10,10,30,50,3,3,2,2,2,2,4,2,363456111,1395533276,36.582253,139.92591,6,3,9999,9999,9,1
true,41,122,194,2,0,2,10640,0,201,2022,7,8,21,3,22,4,29,19,2,1,2,1,1,1,9,22,9,22,19,9,30,70,1,2,21,1,35,3,3,31,31,1,1,1,1,11,11,10,10,10,40,2,2,2,2,2,2,4,2,363400768,1395859768,36.56688,139.983269,6,3,9999,9999,1,1
true,41,122,195,2,0,1,10630,0,201,2023,6,4,18,10,13,4,23,18,55,1,1,1,1,1,9,22,9,22,15,6,30,70,5,2,21,45,45,3,4,31,31,1,1,1,1,11,11,4,4,11,13,3,3,2,2,2,2,4,2,363537392,1395343706,36.59372,139.895474,1,3,9999,9999,5,9