資料区分,都道府県コード,警察署等コード,本票番号,事故内容,死者数,負傷者数,路線コード,地点コード,市区町村コード,発生日時　　年,発生日時　　月,発生日時　　日,発生日時　　時,発生日時　　分,昼夜,日の出時刻　　時,日の出時刻　　分,日の入り時刻　　時,日の入り時刻　　分,天候,地形,路面状態,道路形状,信号機,一時停止規制　標識（当事者A）,一時停止規制　表示（当事者A）,一時停止規制　標識（当事者B）,一時停止規制　表示（当事者B）,車道幅員,道路線形,衝突地点,ゾーン規制,中央分離帯施設等,歩車道区分,事故類型,年齢（当事者A）,年齢（当事者B）,当事者種別（当事者A）,当事者種別（当事者B）,用途別（当事者A）,用途別（当事者B）,車両形状等（当事者A）,車両形状等（当事者B）,オートマチック車（当事者A）,オートマチック車（当事者B）,サポカー（当事者A）,サポカー（当事者B）,速度規制（指定のみ）（当事者A）,速度規制（指定のみ）（当事者B）,車両の衝突部位（当事者A）,車両の衝突部位（当事者B）,車両の損壊程度（当事者A）,車両の損壊程度（当事者B）,エアバッグの装備（当事者A）,エアバッグの装備（当事者B）,サイドエアバッグの装備（当事者A）,サイドエアバッグの装備（当事者B）,人身損傷程度（当事者A）,人身損傷程度（当事者B）,地点　緯度（北緯）,地点　経度（東経）,地点　緯度（北緯）_1,地点　経度（東経）_1,曜日(発生年月日),祝日(発生年月日),認知機能検査経過日数（当事者A）,認知機能検査経過日数（当事者B）,運転練習の方法（当事者A）,運転練習の方法（当事者B）
true,41,102,180,2,0,1,30000,0,203,2023,7,2,18,28,13,4,26,19,3,1,1,1,14,7,0,0,0,0,2,9,1,70,5,4,21,75,35,3,3,31,31,1,1,2,1,11,11,10,10,30,30,3,3,2,2,2,2,4,2,362312750,1394344544,36.386875,139.72904,1,3,1038,9999,9,1
true,41,102,181,2,0,2,2930,0,203,2023,7,5,7,44,12,4,27,19,2,1,2,1,1,1,9,22,9,22,15,9,30,70,1,2,21,25,55,4,14,31,31,1,11,1,1,11,11,4,4,10,50,2,2,1,1,1,1,2,2,362812317,1394431186,36.470088,139.741996,4,3,9999,9999,1,9
true,41,102,182,2,0,1,23090,0,203,2023,7,6,11,20,12,4,28,19,2,1,2,1,1,1,9,22,9,22,18,9,30,70,1,1,21,45,45,3,3,31,31,1,1,1,1,11,11,4,4,10,20,3,3,1,2,2,2,4,2,362331524,1394324298,36.39209,139.723416,5,3,9999,9999,9,1
true,41,102,183,2,0,1,30000,0,203,2023,7,9,6,30,12,4,29,19,2,2,3,1,1,7,9,22,0,0,15,1,30,70,5,4,41,65,0,51,76,41,0,0,0,0,0,0,0,0,0,20,0,3,0,0,0,0,0,2,0,361611816,1394231723,36.269949,139.708812,1,3,0,0,0,0
true,41,102,184,2,0,1,21720,0,361,2023,7,10,7,40,12,4,30,19,1,1,2,1,14,7,0,0,0,0,3,9,1,70,4,2,21,55,45,3,4,31,31,1,1,1,1,11,11,4,4,60,10,3,3,2,1,2,2,2,4,362701415,1394802286,36.450393,139.800635,2,3,9999,9999,9,9
true,41,102,185,2,0,1,30000,0,203,2023,7,13,17,45,12,4,32,19,0,2,3,1,14,7,0,0,0,0,3,9,1,70,5,4,41,1,0,51,76,41,0,0,0,0,0,0,0,0,0,40,0,3,0,0,0,0,0,2,0,361948126,1394236950,36.330035,139.710264,5,3,0,0,0,0
true,41,102,186,2,0,2,30000,0,203,2023,7,5,17,50,12,4,27,19,2,2,2,1,1,7,9,22,9,22,11,9,30,70,5,4,21,35,25,3,3,31,31,1,1,1,1,0,0,10,10,50,80,2,2,2,1,2,2,2,2,362449565,1394439736,36.413768,139.744371,4,3,9999,9999,1,1
true,41,102,188,2,0,1,1210,0,361,2023,6,21,18,40,13,4,22,19,2,1,3,1,1,7,9,22,1,22,11,9,30,70,4,4,21,35,45,13,4,31,31,11,1,1,1,11,11,10,10,80,80,3,3,2,2,2,2,2,4,362954301,1394927710,36.498417,139.824364,4,3,9999,9999,1,1
true,41,102,189,2,0,1,10110,0,203,2023,7,16,11,50,12,4,34,18,59,1,1,1,14,7,0,0,0,0,3,9,1,70,1,2,21,65,75,3,51,31,41,1,0,1,0,11,0,4,0,10,20,3,3,2,0,2,0,4,2,362110462,1394240126,36.352906,139.711146,1,2,9999,0,9,0
true,41,102,190,2,0,1,30000,0,203,2023,7,10,8,46,12,4,30,19,1,1,3,1,14,7,0,0,0,0,3,9,1,70,5,2,21,65,35,3,4,31,31,1,1,1,1,11,11,10,10,50,10,3,3,2,2,2,2,4,2,362428253,1394326951,36.407848,139.724153,2,3,9999,9999,9,1
true,41,102,191,2,0,2,3520,0,361,2023,7,22,23,28,22,4,38,18,55,1,3,1,14,7,0,0,0,0,3,9,1,70,4,4,41,55,0,14,75,31,0,11,0,2,0,11,0,4,0,10,0,1,0,2,0,2,0,2,0,362553220,1394846127,36.43145,139.812813,7,3,9999,0,9,0
true,41,102,192,2,0,2,30000,0,361,2023,7,24,8,5,12,4,40,18,54,1,2,1,14,1,0,0,0,0,3,9,1,1,1,2,21,75,35,3,3,31,31,1,1,1,1,11,11,2,2,84,10,2,2,1,1,1,2,4,2,362816262,1394929654,36.471184,139.824904,2,3,977,9999,9,5
true,41,102,193,2,0,1,20000,0,203,2023,7,24,20,42,22,4,40,18,54,1,3,1,12,7,0,0,0,0,4,7,1,70,2,2,21,55,55,3,24,31,0,1,0,1,0,11,11,4,4,80,30,3,1,2,0,2,0,4,2,362600067,1394448469,36.433352,139.746797,2,3,9999,9999,9,9
true,41,102,194,2,0,1,22210,0,203,2023,7,26,4,55,11,4,41,18,52,1,3,1,1,4,9,22,9,22,15,9,30,70,5,2,21,1,25,3,3,31,31,1,1,1,1,11,11,4,4,50,60,3,2,2,2,2,2,4,2,362602004,1394545688,36.43389,139.762691,4,3,9999,9999,1,1
true,41,102,195,2,0,1,2930,0,203,2023,7,26,10,21,12,4,41,18,52,1,3,1,1,1,9,22,9,22,17,9,30,70,1,2,21,55,65,11,4,31,31,11,1,2,2,11,11,5,2,10,60,3,1,2,1,2,2,4,2,362812299,1394431470,36.470083,139.742075,4,3,9999,9999,9,9
true,41,102,196,2,0,1,10750,0,203,2023,7,20,7,17,12,4,37,18,57,1,1,1,14,7,0,0,0,0,2,9,1,70,5,4,21,25,75,3,4,31,31,1,1,1,1,11,11,2,2,10,40,3,3,2,2,2,2,2,4,362251708,1394339115,36.38103,139.727532,5,3,9999,1,5,9
true,41,102,197,2,0,1,21720,0,361,2023,7,16,16,50,12,4,34,18,59,1,3,1,1,7,1,21,9,22,15,9,20,70,4,2,21,55,45,4,31,31,31,1,0,1,0,11,11,10,3,0,20,4,3,2,0,2,0,4,2,362601795,1394807769,36.433832,139.802158,1,2,9999,9999,1,5
true,41,102,198,2,0,1,30000,0,203,2023,7,28,17,30,12,4,43,18,51,1,2,1,14,1,0,0,0,0,2,9,1,70,4,3,41,75,0,51,76,41,0,0,0,0,0,0,0,0,0,10,0,3,0,0,0,0,0,2,0,362324058,1394447371,36.390016,139.746492,6,3,0,0,0,0
true,41,102,199,2,0,1,10110,0,203,2023,5,22,12,50,12,4,29,18,46,1,1,1,14,7,0,0,0,0,4,9,1,70,5,2,21,35,25,17,36,31,31,11,0,1,0,11,11,3,2,80,20,3,3,2,0,2,0,4,2,362223466,1394346603,36.373185,139.729612,2,3,9999,9999,9,1
true,41,103,142,2,0,1,30000,0,202,2023,7,1,15,40,12,4,25,19,3,3,2,2,1,7,9,22,1,21,14,9,30,70,5,4,21,65,1,4,51,31,41,1,0,1,0,11,0,10,0,20,10,3,3,2,0,2,0,4,2,362130370,1392410897,36.358436,139.403027,7,3,9999,0,9,0
true,41,103,143,2,0,1,2930,0,202,2023,5,22,18,50,21,4,29,18,46,3,2,2,1,2,9,22,9,22,14,9,30,70,4,2,21,1,45,3,3,31,31,1,1,1,1,11,11,4,4,80,50,3,3,2,2,2,2,4,2,361918286,1392657232,36.321746,139.449231,2,3,9999,9999,1,1
true,41,103,144,2,0,1,30000,0,202,2023,6,22,18,3,13,4,22,19,2,3,1,2,1,1,9,22,9,22,15,9,30,70,4,2,21,35,55,4,4,31,31,1,1,1,1,11,11,3,3,10,40,2,2,1,2,2,1,4,2,362027730,1392741479,36.341036,139.461522,5,3,9999,9999,1,9
true,41,103,145,2,0,2,30000,0,202,2023,6,20,15,20,12,4,22,19,2,1,2,1,14,7,0,0,0,0,1,9,1,70,5,4,21,75,25,3,3,31,31,1,1,1,1,0,0,2,10,60,50,3,3,2,2,2,2,4,2,361929104,1392656785,36.324751,139.449107,3,3,496,9999,9,1
true,41,103,146,2,0,3,10380,0,202,2023,7,1,16,36,12,4,25,19,3,2,1,1,1,7,9,22,1,21,14,9,30,70,4,2,21,35,45,3,4,31,31,1,1,1,1,11,11,3,10,50,80,3,3,2,2,2,2,2,4,361932002,1392644513,36.325556,139.445698,7,3,9999,9999,5,1
true,41,103,147,2,0,1,10380,0,202,2023,2,27,5,25,23,6,15,17,32,1,2,1,1,1,9,22,9,22,15,9,30,70,5,2,21,65,75,4,51,31,41,1,0,1,0,11,0,3,0,10,10,3,3,2,0,2,0,4,2,361950009,1392652724,36.330558,139.447979,2,3,9999,0,9,0
true,41,103,148,1,1,0,30000,0,202,2023,7,7,19,8,21,4,28,19,2,2,1,1,14,7,0,0,0,0,4,9,1,70,4,2,1,45,75,3,61,31,0,1,0,1,0,11,0,4,0,10,0,3,0,2,0,2,0,4,1,362004567,1392610226,36.334602,139.436174,6,3,9999,0,1,0
true,41,103,149,2,0,1,30000,0,202,2023,6,26,11,50,12,4,24,19,3,1,1,1,1,7,1,21,9,22,11,9,30,70,5,4,21,65,45,3,4,31,31,1,1,1,1,11,11,10,3,52,10,2,2,2,1,2,2,4,2,361914038,1392607253,36.320566,139.435348,2,3,9999,9999,9,1
true,41,103,150,2,0,1,99000,0,202,2023,7,3,16,0,12,4,26,19,3,1,1,1,0,7,0,0,0,0,0,0,20,70,0,4,21,65,35,4,4,31,31,1,1,1,1,11,11,10,10,30,70,3,3,2,2,2,2,4,2,361942795,1392548714,36.328554,139.430198,2,3,9999,9999,9,5
true,41,103,151,2,0,1,2930,0,202,2023,7,7,10,1,12,4,28,19,2,1,2,1,1,7,1,21,9,22,15,9,30,70,4,2,21,55,65,3,3,31,31,1,1,1,1,11,11,10,4,50,40,3,3,2,2,2,2,4,2,361847135,1392645550,36.313093,139.445986,6,3,9999,9999,9,9
true,41,103,152,2,0,1,20000,0,202,2023,7,8,9,40,12,4,29,19,2,3,3,1,1,7,9,22,1,21,14,9,30,70,5,2,21,35,65,11,3,31,31,11,1,2,1,11,11,3,10,80,81,3,2,2,2,2,2,2,4,362319195,1392239872,36.388665,139.377742,7,3,9999,9999,1,9
true,41,103,153,2,0,1,20000,0,202,2023,5,25,11,23,12,4,27,18,48,1,2,1,7,7,0,0,0,0,5,9,1,70,4,2,21,65,45,17,3,31,31,11,1,1,1,11,11,3,3,30,10,3,3,2,2,2,2,2,4,362231333,1392230142,36.37537,139.375039,5,3,9999,9999,9,9
true,41,103,154,2,0,1,99000,0,202,2023,7,10,9,52,12,4,30,19,1,1,2,1,0,7,0,0,0,0,0,0,20,70,0,4,21,75,75,4,36,31,31,1,0,1,0,11,11,10,10,70,20,3,3,2,0,2,0,4,2,362030923,1392526954,36.341923,139.424154,2,3,77,161,9,9
true,41,103,155,2,0,1,30000,0,202,2023,7,8,15,20,12,4,29,19,2,2,1,1,1,7,1,21,9,22,11,9,30,70,5,4,21,65,45,3,3,31,31,1,1,1,1,0,0,10,10,10,26,3,3,2,2,2,2,4,2,362003448,1392808188,36.334291,139.468941,7,3,9999,9999,9,5
true,41,103,156,2,0,1,30000,0,202,2023,7,9,9,27,12,4,29,19,2,3,2,2,14,7,0,0,0,0,2,9,1,70,4,2,21,1,35,3,14,31,31,1,11,1,1,11,11,4,4,30,10,3,3,2,2,2,2,2,4,361958577,1392659183,36.332938,139.449773,1,3,9999,9999,1,1
true,41,103,157,2,0,1,30000,0,202,2023,6,23,15,51,12,4,23,19,3,2,3,1,1,1,9,22,9,22,15,9,30,70,5,2,21,75,1,4,51,31,41,1,0,1,0,11,0,3,0,10,11,3,1,2,0,2,0,4,2,362054042,1392456074,36.348345,139.415576,6,3,875,0,9,0
true,41,103,158,2,0,1,10670,0,202,2023,7,12,8,30,12,4,31,19,1,1,3,1,14,7,0,0,0,0,3,9,1,70,5,2,21,25,55,3,4,31,31,1,1,1,1,11,11,3,3,33,10,3,3,2,2,2,2,2,4,361940620,1392832718,36.32795,139.475755,4,3,9999,9999,1,9
true,41,103,159,2,0,1,10080,0,202,2023,7,19,18,38,13,4,36,18,57,2,1,1,1,7,9,22,0,0,14,9,30,70,4,2,1,45,75,4,61,31,0,1,0,1,0,11,0,3,0,50,0,3,0,2,0,2,0,4,2,361934043,1392806917,36.326123,139.468588,4,3,9999,0,1,0
true,41,103,160,2,0,1,2930,0,202,2023,7,20,11,12,12,4,37,18,57,1,1,1,7,1,0,0,0,0,5,9,1,70,4,2,21,75,45,3,3,31,31,1,1,1,1,0,0,4,4,50,70,3,3,2,2,2,2,4,2,362027593,1392722255,36.340998,139.456182,5,3,9999,9999,9,9
true,41,103,161,2,0,1,30000,0,202,2023,7,23,19,33,21,4,39,18,55,1,2,1,14,7,0,0,0,0,4,9,1,70,4,2,21,45,35,13,4,31,31,11,1,1,1,11,11,4,4,10,30,3,3,2,2,2,2,4,2,361905477,1392852594,36.318188,139.481276,1,3,9999,9999,9,1
true,41,103,162,2,0,1,99000,0,202,2023,7,14,16,25,12,4,33,19,0,2,2,1,0,7,0,0,0,0,0,0,20,70,0,4,1,35,75,3,61,31,0,1,0,1,0,11,0,10,0,60,0,3,0,2,0,2,0,4,2,361933964,1392546344,36.326101,139.42954,6,3,9999,0,5,0
true,41,103,163,2,0,2,30000,0,202,2023,7,21,12,15,12,4,37,18,56,1,1,1,14,1,0,0,0,0,4,9,1,70,4,2,21,45,1,4,14,31,31,1,11,1,1,11,11,4,4,31,10,3,3,2,2,2,2,2,4,361827184,1392759515,36.307551,139.466532,6,3,9999,9999,9,1
true,41,103,164,2,0,3,30000,0,202,2023,7,13,11,30,12,4,32,19,0,2,1,1,14,7,0,0,0,0,4,9,1,70,4,2,21,55,55,4,14,31,31,1,11,1,1,11,11,3,3,31,10,3,3,2,2,2,2,2,4,362023942,1392818797,36.339984,139.471888,5,3,9999,9999,9,9
true,41,103,165,2,0,1,30000,0,202,2023,7,9,12,38,12,4,29,19,2,1,1,1,14,1,0,0,0,0,2,9,1,70,1,2,21,1,35,3,3,31,31,1,1,1,1,11,11,3,3,10,30,3,3,2,2,2,2,4,2,361845169,1392604034,36.312547,139.434454,1,3,9999,9999,1,1
true,41,103,166,2,0,1,30000,0,202,2023,7,28,16,2,12,4,43,18,51,1,3,1,7,7,0,0,0,0,3,9,1,70,4,2,21,65,45,3,4,31,31,1,1,1,1,11,1,3,3,10,30,3,3,2,2,2,2,4,2,362040855,1392511363,36.344682,139.419823,6,3,9999,9999,9,9
true,41,103,167,2,0,2,30000,0,202,2023,7,25,17,32,12,4,40,18,53,1,3,1,14,7,0,0,0,0,3,9,1,70,4,2,21,65,1,3,4,31,31,1,1,1,1,11,11,3,3,30,10,3,3,2,2,2,2,2,4,362128426,1392357253,36.357896,139.399237,3,3,9999,9999,9,5
true,41,104,134,2,0,1,500,526,204,2023,7,4,7,0,12,4,27,19,3,1,3,1,14,7,0,0,0,0,4,9,1,70,1,2,21,65,25,3,4,31,31,1,1,1,1,11,11,10,10,30,11,3,3,2,2,2,2,2,4,361731708,1393513474,36.292141,139.587076,3,3,9999,9999,9,1
true,41,104,135,2,0,1,30000,0,204,2023,7,2,11,57,12,4,26,19,3,1,2,1,1,7,1,21,9,22,15,9,30,70,4,2,21,45,45,3,4,31,31,1,1,1,1,11,11,10,10,10,70,2,1,2,2,2,2,4,2,361829578,1393533634,36.308216,139.592676,1,3,9999,9999,9,1
true,41,104,136,2,0,1,500,476,204,2023,7,7,0,1,22,4,28,19,2,1,3,1,14,1,0,0,0,0,5,9,1,70,1,2,21,45,45,11,12,1,1,11,11,2,2,11,11,10,10,30,10,2,1,2,1,2,2,4,2,361736344,1393157680,36.293429,139.532689,6,3,9999,9999,1,9
true,41,104,137,2,0,1,10160,0,204,2023,7,7,15,40,12,4,28,19,2,1,2,1,14,2,0,0,0,0,1,9,1,70,5,1,1,65,1,3,61,31,0,1,0,1,0,11,0,4,0,44,0,3,0,2,0,2,0,4,2,361932488,1393521275,36.325691,139.589243,6,3,9999,0,9,0
true,41,104,138,2,0,1,2930,0,204,2023,6,14,20,20,22,4,21,19,0,3,3,2,13,1,0,0,0,0,3,5,1,70,5,2,21,25,55,3,3,31,31,1,1,1,1,11,1,4,4,10,10,3,1,2,1,2,1,4,2,362357070,1393619098,36.399186,139.605305,4,3,9999,9999,1,9
true,41,104,139,2,0,1,22700,0,204,2023,6,30,16,1,12,4,25,19,3,2,1,1,14,7,0,0,0,0,4,9,1,70,1,2,21,35,65,12,14,1,31,11,11,1,1,11,11,4,4,10,31,3,2,2,2,2,2,4,4,361932750,1393359350,36.325764,139.566486,6,3,9999,9999,5,9
true,41,104,140,2,0,2,30000,0,204,2023,7,12,13,13,12,4,31,19,1,1,3,1,1,7,1,21,9,22,15,9,30,70,4,2,21,65,1,4,34,31,31,1,0,1,0,11,11,10,10,80,40,3,3,2,0,2,0,4,2,361729983,1393610940,36.291662,139.603039,4,3,9999,9999,9,1
true,41,104,141,2,0,1,500,537,204,2023,7,16,9,10,12,4,34,18,59,1,2,1,12,7,0,0,0,0,3,8,1,70,1,3,41,45,0,51,76,41,0,0,0,0,0,0,0,0,0,40,0,3,0,0,0,0,0,2,0,361744700,1393552926,36.29575,139.598035,1,2,0,0,0,0
true,41,104,142,2,0,1,500,543,204,2023,7,5,0,30,22,4,27,19,2,1,3,1,14,7,0,0,0,0,4,9,1,70,1,1,21,55,55,3,4,31,31,1,1,1,1,11,11,10,10,55,77,3,2,2,2,2,2,4,2,361746514,1393616063,36.296254,139.604462,4,3,9999,9999,9,9
true,41,104,143,2,0,1,20000,0,204,2023,7,19,11,10,12,4,36,18,57,2,3,1,14,7,0,0,0,0,3,9,20,70,5,4,41,35,0,51,75,41,0,0,0,0,0,0,0,0,0,0,0,4,0,0,0,0,0,2,0,362027442,1393450275,36.340956,139.580632,4,3,0,0,0,0
true,41,104,144,2,0,1,30000,0,204,2023,7,14,17,45,12,4,33,19,0,2,1,1,14,7,0,0,0,0,3,9,1,70,5,2,21,1,1,3,3,31,31,1,1,1,1,11,11,10,10,10,30,3,3,2,2,2,2,4,2,361839413,1393537774,36.310948,139.593826,6,3,9999,9999,1,1
true,41,104,145,2,0,1,99000,0,204,2023,6,20,19,30,21,4,22,19,2,1,3,1,0,7,0,0,0,0,0,0,20,70,0,4,1,55,45,3,61,31,0,1,0,1,0,11,0,10,0,70,0,4,0,2,0,2,0,4,2,361909664,1393732423,36.319351,139.625673,3,3,9999,0,9,0
true,41,104,146,2,0,1,22700,0,204,2023,7,20,23,0,22,4,37,18,57,1,2,1,1,3,1,22,9,22,11,9,30,70,1,2,21,75,55,3,51,31,41,1,0,2,0,11,0,3,0,80,40,3,3,2,0,2,0,4,2,361757991,1393617906,36.299442,139.604974,5,3,51,0,9,0
true,41,104,147,2,0,1,30000,0,204,2023,7,19,15,17,12,4,36,18,57,1,3,1,1,7,9,22,9,21,14,9,30,70,5,4,21,25,75,13,4,31,31,11,1,1,1,11,11,10,10,50,60,3,3,2,2,2,2,2,4,362157888,1393333386,36.36608,139.559274,4,3,9999,1084,1,9
true,41,104,148,2,0,1,20000,0,204,2023,7,27,19,58,22,4,42,18,52,1,1,1,1,1,9,22,0,0,15,9,30,70,4,2,1,25,75,4,61,31,0,1,0,1,0,11,0,3,0,50,0,3,0,2,0,2,0,4,2,361918858,1393454728,36.321905,139.581869,5,3,9999,0,1,0
true,41,104,149,2,0,1,30000,0,204,2023,7,20,14,23,12,4,37,18,57,1,3,1,14,7,0,0,0,0,4,9,1,70,4,2,21,55,45,3,3,31,31,1,1,1,1,11,11,4,4,80,80,3,3,2,2,2,2,2,4,361828501,1393622234,36.307917,139.606176,5,3,9999,9999,9,9
true,41,104,150,2,0,1,30000,0,204,2023,7,19,9,15,12,4,36,18,57,1,3,1,1,7,1,21,9,22,15,9,30,70,5,2,21,35,25,4,14,31,31,1,11,1,1,11,11,10,10,80,50,3,3,2,2,2,2,4,2,361838704,1393344024,36.310751,139.562229,4,3,9999,9999,1,1
true,41,105,85,2,0,1,3520,0,205,2023,7,4,18,14,13,4,27,19,3,2,1,1,7,7,0,0,0,0,2,9,1,70,4,3,21,55,25,3,35,31,31,1,0,1,0,11,11,10,4,60,10,3,3,2,0,2,0,4,2,363222999,1394450467,36.539722,139.747352,3,3,9999,9999,9,1
true,41,105,86,2,0,2,21770,0,205,2023,7,9,16,40,12,4,29,19,2,2,3,1,14,7,0,0,0,0,2,9,1,70,4,4,41,1,0,34,75,31,0,0,0,0,0,11,0,3,0,10,0,1,0,0,0,0,0,2,0,363500427,1393736944,36.583452,139.626929,1,3,0,0,0,0
true,41,105,87,2,0,1,30000,0,205,2023,6,23,10,19,12,4,23,19,3,2,3,1,14,7,0,0,0,0,3,9,1,70,4,2,21,25,65,3,3,31,1,1,1,1,1,11,11,4,4,10,30,3,3,2,2,2,2,4,2,363354781,1394627710,36.565217,139.774364,6,3,9999,9999,9,9
true,41,105,88,2,0,1,30000,0,205,2023,7,13,9,45,12,4,32,19,0,1,1,1,14,7,0,0,0,0,5,9,1,70,4,2,21,75,1,3,51,31,41,1,0,1,0,11,0,10,0,50,40,3,3,2,0,2,0,4,2,363218679,1394918649,36.538522,139.821847,5,3,281,0,9,0
true,41,105,89,2,0,1,20000,0,205,2023,7,13,16,15,12,4,32,19,0,1,3,1,13,7,0,0,0,0,3,6,20,70,4,2,41,65,0,4,75,31,0,1,0,1,0,11,0,3,0,10,0,2,0,1,0,2,0,2,0,363829371,1394216466,36.641492,139.704574,5,3,9999,0,9,0
true,41,105,90,2,0,2,10320,0,205,2023,7,16,15,22,12,4,34,18,59,2,3,2,11,7,0,0,0,0,3,9,1,70,4,2,21,65,55,12,4,31,31,11,1,2,1,11,11,3,4,50,50,2,1,1,1,2,2,2,2,362955727,1393702975,36.498813,139.617493,1,2,9999,9999,9,9
true,41,105,91,2,0,1,22680,0,205,2023,7,14,9,30,12,4,33,19,0,2,1,1,14,1,0,0,0,0,2,9,1,70,4,2,21,65,25,3,3,31,31,1,1,1,1,11,11,10,4,10,40,3,3,2,2,2,2,4,2,363233986,1394454557,36.542774,139.748488,6,3,9999,9999,9,1
true,41,105,92,2,0,2,2930,0,205,2023,7,19,9,15,12,4,36,18,57,1,1,1,14,7,0,0,0,0,3,9,1,70,4,2,21,25,25,3,4,31,31,1,1,1,1,11,11,3,3,30,10,3,3,2,2,2,2,2,4,363451640,1394606690,36.581011,139.768525,4,3,9999,9999,1,1
true,41,105,93,2,0,2,99000,0,205,2023,7,20,7,20,12,4,37,18,57,1,3,1,0,7,0,0,0,0,0,0,20,70,0,4,21,55,35,3,3,31,31,1,1,1,1,1,1,10,10,70,40,3,3,2,2,2,2,4,2,363608237,1394433101,36.602288,139.742528,5,3,9999,9999,9,5
true,41,105,94,2,0,1,10060,0,205,2023,7,14,10,22,12,4,33,19,0,3,1,1,14,1,0,0,0,0,3,8,1,70,1,2,21,25,65,3,4,31,31,1,1,1,1,11,11,4,4,10,30,3,2,2,2,2,2,4,4,363216789,1394834236,36.537997,139.80951,6,3,9999,9999,9,9
true,41,105,95,2,0,1,99000,0,205,2023,7,25,5,52,12,4,40,18,53,1,2,1,0,7,0,0,0,0,0,0,20,70,0,4,1,55,35,12,61,1,0,11,0,2,0,11,0,10,0,30,0,3,0,2,0,2,0,4,2,363101942,1394757602,36.517206,139.799334,3,3,9999,0,5,0
true,41,105,96,2,0,1,2930,0,205,2023,7,26,8,30,12,4,41,18,52,1,1,1,7,7,0,0,0,0,3,9,1,70,4,2,21,75,45,3,4,31,31,1,1,1,1,11,11,3,3,10,30,3,3,2,2,2,2,4,2,363233248,1394452037,36.542569,139.747788,4,3,76,9999,9,1
true,41,105,97,2,0,1,1210,0,205,2023,7,28,13,5,12,4,43,18,51,1,3,1,14,7,0,0,0,0,4,9,1,70,4,2,21,65,25,3,3,31,31,1,1,1,1,11,11,3,3,10,30,3,3,2,2,2,2,4,2,363152579,1394754265,36.531272,139.798407,6,3,9999,9999,1,1
true,41,106,94,2,0,1,10460,0,209,2023,6,22,19,18,21,4,22,19,2,3,1,2,1,1,9,22,9,22,19,9,30,70,1,2,21,45,35,3,3,31,31,1,1,1,1,11,11,4,4,10,20,2,2,2,2,2,2,4,2,362711315,1395954938,36.453143,139.998594,5,3,9999,9999,9,5
true,41,106,95,2,0,1,30000,0,345,2023,6,26,20,25,22,4,24,19,3,2,1,2,14,7,0,0,0,0,6,9,1,70,6,2,21,35,55,3,51,31,41,1,0,1,0,11,0,10,0,10,40,3,3,2,0,2,0,4,2,363416452,1400052895,36.571237,140.014693,2,3,9999,0,1,0
true,41,106,96,2,0,1,30000,0,345,2023,7,4,7,28,12,4,27,19,3,1,3,1,1,7,2,21,9,22,15,9,30,70,4,2,21,45,65,3,14,31,31,1,11,1,1,11,11,10,5,10,10,2,2,2,2,2,2,4,2,363227175,1400317579,36.540882,140.054883,3,3,9999,9999,1,9
true,41,106,97,2,0,1,30000,0,342,2023,6,23,12,38,12,4,23,19,3,1,2,1,1,7,1,21,9,22,15,9,30,70,5,4,21,65,75,3,14,31,31,1,11,2,2,1,11,10,10,80,80,2,3,2,2,2,2,4,2,362746555,1400410308,36.462932,140.06953,6,3,9999,513,9,9
true,41,106,98,2,0,1,30000,0,209,2023,7,6,8,20,12,4,28,19,2,1,1,1,1,7,9,22,1,21,17,9,30,70,1,2,21,45,1,14,51,31,41,11,0,1,0,11,0,4,0,10,20,2,2,2,0,2,0,4,2,362653268,1400006559,36.44813,140.001822,5,3,9999,0,5,0
true,41,106,99,2,0,1,30000,0,342,2023,6,18,12,44,12,4,22,19,1,1,2,1,1,7,9,22,9,22,14,9,30,70,4,4,21,75,25,14,33,31,31,11,0,1,0,11,11,10,3,20,10,3,2,2,0,2,0,4,2,362840084,1400437528,36.477801,140.077091,1,3,39,9999,9,5
true,41,106,100,2,0,1,10010,0,342,2023,7,1,16,50,12,4,25,19,3,2,3,2,13,7,0,0,0,0,3,6,1,70,4,3,21,65,1,17,4,31,31,11,1,1,1,11,11,4,4,50,50,1,1,2,1,2,2,2,4,362806118,1400903474,36.468366,140.150965,7,3,9999,9999,9,1
true,41,106,101,2,0,1,2940,0,209,2023,6,17,10,55,12,4,22,19,1,1,3,1,14,7,0,0,0,0,3,9,1,70,1,2,21,65,45,3,3,31,31,1,1,1,1,11,11,10,10,60,80,3,3,2,2,2,2,4,2,362354888,1395812205,36.39858,139.970057,7,3,9999,9999,9,5
true,41,106,102,2,0,1,10460,0,209,2023,7,10,22,40,22,4,30,19,1,2,2,2,7,1,0,0,0,0,4,6,1,70,4,2,21,1,45,3,3,31,31,1,1,1,1,1,11,4,4,10,10,1,1,1,1,1,2,4,2,362716121,1395949520,36.454478,139.997089,2,3,9999,9999,1,1