資料区分,都道府県コード,警察署等コード,本票番号,事故内容,死者数,負傷者数,路線コード,地点コード,市区町村コード,発生日時　　年,発生日時　　月,発生日時　　日,発生日時　　時,発生日時　　分,昼夜,日の出時刻　　時,日の出時刻　　分,日の入り時刻　　時,日の入り時刻　　分,天候,地形,路面状態,道路形状,信号機,一時停止規制　標識（当事者A）,一時停止規制　表示（当事者A）,一時停止規制　標識（当事者B）,一時停止規制　表示（当事者B）,車道幅員,道路線形,衝突地点,ゾーン規制,中央分離帯施設等,歩車道区分,事故類型,年齢（当事者A）,年齢（当事者B）,当事者種別（当事者A）,当事者種別（当事者B）,用途別（当事者A）,用途別（当事者B）,車両形状等（当事者A）,車両形状等（当事者B）,オートマチック車（当事者A）,オートマチック車（当事者B）,サポカー（当事者A）,サポカー（当事者B）,速度規制（指定のみ）（当事者A）,速度規制（指定のみ）（当事者B）,車両の衝突部位（当事者A）,車両の衝突部位（当事者B）,車両の損壊程度（当事者A）,車両の損壊程度（当事者B）,エアバッグの装備（当事者A）,エアバッグの装備（当事者B）,サイドエアバッグの装備（当事者A）,サイドエアバッグの装備（当事者B）,人身損傷程度（当事者A）,人身損傷程度（当事者B）,地点　緯度（北緯）,地点　経度（東経）,地点　緯度（北緯）_1,地点　経度（東経）_1,曜日(発生年月日),祝日(発生年月日),認知機能検査経過日数（当事者A）,認知機能検査経過日数（当事者B）,運転練習の方法（当事者A）,運転練習の方法（当事者B）
true,41,106,103,2,0,1,30000,0,209,2023,6,20,20,42,22,4,22,19,2,1,1,1,14,7,0,0,0,0,3,9,1,70,4,2,21,25,45,3,3,31,31,1,1,1,1,11,11,4,4,10,31,2,2,1,2,2,2,4,2,362658168,1395914896,36.449491,139.987471,3,3,9999,9999,5,1
true,41,106,104,2,0,1,30000,0,209,2023,7,13,18,5,13,4,32,19,0,1,3,1,1,7,9,22,2,21,15,9,30,70,5,4,21,45,1,14,51,1,41,11,0,1,0,11,0,10,0,0,0,3,3,2,0,2,0,4,2,362539940,1400118437,36.427761,140.021788,5,3,9999,0,1,0
true,41,106,105,2,0,1,30000,0,345,2023,5,9,7,25,12,4,39,18,35,1,3,1,7,1,0,0,0,0,4,9,1,70,4,2,21,35,45,3,4,31,31,1,1,1,1,11,11,4,4,30,10,3,3,2,2,2,2,2,4,363128855,1400117544,36.524682,140.02154,3,3,9999,9999,1,2
true,41,106,106,2,0,2,10440,0,209,2023,7,20,7,25,12,4,37,18,57,1,3,1,1,7,9,22,9,22,14,9,30,70,4,3,21,35,35,12,3,1,31,11,1,1,1,11,11,3,3,80,60,3,2,2,2,2,2,4,2,362213539,1395735487,36.370428,139.959858,5,3,9999,9999,1,5
true,41,106,107,2,0,1,30000,0,345,2023,6,13,16,45,12,4,21,19,0,3,3,1,1,7,1,21,9,22,15,9,30,70,5,4,21,25,35,4,4,31,31,1,1,1,1,11,11,10,10,10,40,3,3,2,2,2,2,4,2,363604255,1400326356,36.601182,140.057321,3,3,9999,9999,1,1
true,41,106,108,2,0,1,2940,0,209,2023,7,24,12,23,12,4,40,18,54,2,3,1,14,7,0,0,0,0,3,9,1,70,4,2,21,35,35,12,4,1,31,11,1,2,1,11,11,5,5,10,31,3,2,2,1,2,2,4,2,362234892,1395749824,36.376359,139.96384,2,3,9999,9999,5,1
true,41,106,109,2,0,1,2940,0,209,2023,7,24,17,15,12,4,40,18,54,2,3,1,14,7,0,0,0,0,2,8,1,70,5,2,21,1,55,3,3,31,31,1,1,2,1,11,11,5,5,10,31,3,3,2,2,2,2,4,2,362538710,1395947560,36.427419,139.996544,2,3,9999,9999,1,9
true,41,106,110,2,0,1,30000,0,209,2023,7,15,16,23,12,4,33,18,59,2,3,1,14,7,0,0,0,0,3,9,1,70,4,3,21,1,65,4,4,31,31,1,1,1,1,11,11,4,4,10,30,3,3,2,2,2,2,4,2,362742214,1400034751,36.461726,140.009653,7,3,9999,9999,1,9
true,41,106,111,2,0,1,30000,0,209,2023,7,24,10,30,12,4,40,18,54,1,3,1,1,7,9,22,9,22,14,9,30,70,1,2,21,75,35,3,3,31,31,1,1,1,1,11,11,5,5,80,50,3,3,2,2,2,2,4,2,362608966,1400001840,36.435824,140.000511,2,3,753,9999,9,1
true,41,106,112,2,0,1,2940,0,209,2023,7,28,15,16,12,4,43,18,51,1,2,1,1,1,9,22,9,22,18,9,30,70,1,2,21,45,65,3,4,31,31,1,1,1,1,11,11,5,10,10,20,3,2,2,2,2,2,4,2,362448409,1395842550,36.413447,139.978486,6,3,9999,9999,1,9
true,41,106,113,2,0,2,10610,0,209,2023,7,29,12,54,12,4,44,18,50,1,3,1,1,7,9,22,9,22,14,9,30,70,4,4,21,25,65,3,3,31,31,1,1,1,1,11,11,4,4,80,30,2,2,2,2,2,2,4,2,362910864,1400259892,36.486351,140.04997,7,3,9999,9999,1,9
true,41,107,202,2,0,1,30000,0,208,2023,6,22,18,18,13,4,22,19,2,3,3,2,14,1,0,0,0,0,3,9,1,70,4,2,21,55,0,3,0,31,0,1,0,1,0,1,0,4,0,30,0,3,0,2,0,2,0,2,0,361904519,1395104565,36.317922,139.851268,5,3,9999,0,9,0
true,41,107,203,2,0,2,20000,0,208,2023,6,28,7,27,12,4,24,19,3,1,2,1,14,7,0,0,0,0,3,9,1,70,4,2,21,35,65,4,4,31,31,1,1,1,1,11,11,4,4,10,30,3,3,2,2,2,2,4,2,361513972,1394245468,36.253881,139.71263,4,3,9999,9999,9,1
true,41,107,204,2,0,1,30000,0,364,2023,6,20,18,32,13,4,22,19,2,1,3,1,14,7,0,0,0,0,3,9,1,70,4,2,21,25,25,3,3,31,31,1,1,1,1,11,11,3,3,10,30,3,3,2,2,2,2,4,2,361500785,1394652471,36.250218,139.781242,3,3,9999,9999,5,1
true,41,107,205,2,0,2,40,692,208,2023,7,4,8,5,12,4,27,19,3,1,2,1,1,7,9,22,9,22,14,9,30,70,4,2,21,1,25,3,13,31,31,1,11,1,1,11,11,4,4,31,10,3,3,2,2,2,2,2,4,361500274,1394438429,36.250076,139.744008,3,3,9999,9999,1,1
true,41,107,206,2,0,1,30000,0,208,2023,6,26,6,13,12,4,24,19,3,1,2,1,1,7,1,22,1,22,15,9,30,70,5,4,21,1,45,3,4,31,31,1,1,1,1,11,11,10,2,80,10,3,3,2,1,2,2,4,2,361805026,1394839308,36.301396,139.810919,2,3,9999,9999,1,1
true,41,107,207,2,0,1,21910,0,208,2023,7,8,18,59,13,4,29,19,2,3,2,2,1,2,8,21,0,0,15,9,30,70,5,2,1,35,45,4,61,31,0,1,0,1,0,11,0,4,0,10,0,2,0,2,0,2,0,4,2,361749870,1394828696,36.297186,139.807971,7,3,9999,0,1,0
true,41,107,208,2,0,1,20000,0,208,2023,6,28,12,45,12,4,24,19,3,1,1,1,14,7,0,0,0,0,3,9,1,70,4,2,21,75,1,3,51,31,41,1,0,1,0,11,0,4,0,80,20,3,3,2,0,2,0,4,2,361756044,1394830118,36.298901,139.808366,4,3,808,0,9,0
true,41,107,209,2,0,1,40,778,208,2023,6,29,15,7,12,4,25,19,3,1,2,1,14,2,0,0,0,0,3,9,1,70,4,2,21,45,25,4,4,31,31,1,1,1,1,11,11,4,4,50,70,3,3,2,2,2,2,4,2,361841461,1394758254,36.311517,139.799515,5,3,9999,9999,9,1
true,41,107,210,2,0,4,10310,0,208,2023,7,9,21,35,22,4,29,19,2,1,1,1,1,1,9,22,9,22,15,9,30,70,5,2,21,25,1,3,4,31,31,1,1,1,2,11,11,10,10,10,30,3,3,2,2,2,2,4,2,361859854,1394759662,36.316626,139.799906,1,3,9999,9999,1,5
true,41,107,211,2,0,1,30000,0,208,2023,7,8,16,29,12,4,29,19,2,2,2,2,1,7,1,22,9,22,14,9,30,70,4,2,21,35,25,3,4,31,31,1,1,1,1,11,11,10,4,51,62,3,3,2,2,2,2,4,2,361917954,1395012595,36.321654,139.836832,7,3,9999,9999,1,1
true,41,107,212,2,0,1,30000,0,208,2023,7,2,15,24,12,4,26,19,3,1,2,1,14,7,0,0,0,0,2,9,1,70,5,4,21,45,1,13,4,31,31,11,1,1,1,11,11,10,10,30,10,3,3,2,1,2,2,2,4,361732632,1394958550,36.292398,139.832931,1,3,9999,9999,9,1
true,41,107,213,2,0,1,30000,0,208,2023,7,4,11,42,12,4,27,19,3,1,2,1,1,7,9,22,9,22,11,9,30,70,5,2,21,45,25,4,51,31,41,1,0,1,0,11,0,10,0,10,20,3,3,2,0,2,0,4,2,361823810,1394912965,36.306614,139.820268,3,3,9999,0,1,0
true,41,107,214,2,0,1,10330,0,208,2023,6,28,17,0,12,4,24,19,3,3,3,2,1,1,9,22,0,0,15,9,30,70,5,2,1,75,1,3,61,31,0,1,0,1,0,11,0,4,0,10,0,3,0,2,0,2,0,4,2,361729663,1394741287,36.291573,139.794802,4,3,675,0,9,0
true,41,107,215,2,0,1,10330,0,208,2023,7,8,16,43,12,4,29,19,2,3,2,2,1,7,1,22,1,22,11,9,30,70,5,2,21,65,25,13,14,31,31,11,11,1,1,11,11,10,10,10,30,3,3,2,2,2,2,4,2,362132195,1394832962,36.358943,139.809156,7,3,9999,9999,9,5
true,41,107,216,2,0,1,30000,0,364,2023,7,15,7,24,12,4,33,18,59,3,3,2,14,7,0,0,0,0,4,9,1,70,5,2,21,45,65,4,51,31,41,1,0,1,0,11,0,10,0,10,20,3,2,2,0,2,0,4,2,361304418,1394324722,36.217894,139.723534,7,3,9999,0,1,0
true,41,107,217,2,0,1,41,695,208,2023,7,16,0,10,22,4,34,18,59,1,2,1,14,7,0,0,0,0,5,9,1,70,1,2,21,25,1,3,33,31,31,1,0,1,0,11,11,10,10,0,0,3,2,2,0,2,0,4,2,361548208,1394917818,36.263391,139.821616,1,2,9999,9999,5,1
true,41,107,218,2,0,1,40,637,364,2023,7,11,7,40,12,4,31,19,1,1,3,1,14,7,0,0,0,0,2,9,1,70,5,2,21,55,0,3,0,31,0,1,0,1,0,11,0,10,0,60,0,3,0,2,0,2,0,2,0,361242394,1394241310,36.211776,139.711475,3,3,9999,0,9,0
true,41,107,219,2,0,1,10330,0,208,2023,6,10,17,6,12,4,22,18,58,2,3,1,1,7,1,21,9,22,11,9,30,70,5,4,21,35,25,13,32,31,31,11,0,1,0,11,11,10,4,10,40,3,3,2,0,2,0,4,2,361653224,1394956107,36.281451,139.832252,7,3,9999,9999,1,1
true,41,107,220,2,0,1,20000,0,208,2023,6,30,12,20,12,4,25,19,3,2,2,1,14,7,0,0,0,0,4,9,1,70,4,2,21,25,1,3,4,31,31,1,1,1,1,11,11,4,4,10,0,3,3,2,2,2,2,4,2,361902240,1394847441,36.317289,139.813178,6,3,9999,9999,1,1
true,41,107,221,2,0,1,30000,0,208,2023,7,6,18,59,13,4,28,19,2,1,2,1,14,1,0,0,0,0,4,9,1,70,4,3,21,25,25,3,36,31,31,1,0,1,0,11,11,10,10,10,30,3,3,2,0,2,0,4,2,361757070,1394851512,36.299186,139.814309,5,3,9999,9999,1,5
true,41,107,222,2,0,1,30000,0,364,2023,7,19,17,17,12,4,36,18,57,2,3,1,1,7,1,22,9,22,11,9,30,70,5,4,21,55,75,3,51,31,41,1,0,1,0,11,0,10,0,50,40,3,3,2,0,2,0,4,2,361411299,1394441392,36.236472,139.744831,4,3,9999,0,9,0
true,41,107,223,2,0,1,30000,0,364,2023,7,18,15,33,12,4,35,18,58,1,3,1,14,7,0,0,0,0,3,9,1,70,4,3,21,55,35,3,4,31,31,1,1,1,1,11,11,2,2,30,10,3,3,2,2,2,2,2,4,361328812,1394245947,36.22467,139.712763,3,3,9999,9999,1,1
true,41,107,224,2,0,1,22650,0,208,2023,6,9,16,56,12,4,22,18,58,1,1,1,1,7,9,22,9,22,11,9,30,70,4,2,21,65,45,12,4,1,31,11,1,2,1,11,11,3,3,30,10,3,3,2,2,2,2,4,2,361805868,1394747425,36.30163,139.796507,6,3,9999,9999,9,9
true,41,107,225,2,0,1,20000,0,208,2023,7,23,10,20,12,4,39,18,55,1,1,1,1,1,9,22,0,0,15,9,30,70,4,2,1,35,75,3,61,31,0,1,0,1,0,11,0,4,0,50,0,3,0,2,0,2,0,4,2,361905808,1394849712,36.31828,139.813809,1,3,9999,0,1,0
true,41,107,226,2,0,1,500,720,208,2023,7,24,12,10,12,4,40,18,54,1,2,1,1,1,1,22,0,0,15,9,30,70,1,1,41,55,0,51,75,41,0,0,0,0,0,0,0,0,0,10,0,3,0,0,0,0,0,2,0,361758715,1394831907,36.299643,139.808863,2,3,0,0,0,0
true,41,107,227,2,0,1,30000,0,208,2023,7,25,12,25,12,4,40,18,53,1,3,1,1,7,9,22,9,22,14,9,30,70,5,2,21,55,45,3,4,31,31,1,1,1,1,11,11,4,4,50,20,3,2,2,2,2,2,4,2,361634766,1394650372,36.276324,139.780659,3,3,9999,9999,1,9
true,41,107,228,2,0,1,30000,0,208,2023,6,16,10,55,12,4,22,19,1,1,1,1,1,7,1,21,1,21,14,9,30,70,4,2,21,55,35,3,4,31,31,1,1,1,1,1,11,10,10,10,30,3,3,2,2,2,2,2,4,361739703,1394841958,36.294362,139.811655,6,3,9999,9999,9,1
true,41,107,229,2,0,1,99000,0,208,2023,7,19,11,50,12,4,36,18,57,2,3,1,0,7,0,0,0,0,0,0,20,70,0,4,21,65,65,3,4,31,31,1,1,1,1,11,11,10,10,60,20,3,3,2,2,2,2,4,2,361554206,1394624963,36.265057,139.773601,4,3,9999,9999,9,9
true,41,107,230,2,0,1,500,756,208,2023,7,8,17,55,12,4,29,19,2,2,2,1,14,7,0,0,0,0,5,9,1,70,1,2,21,45,45,3,14,31,31,1,11,1,1,11,11,10,10,10,31,2,3,2,2,2,2,4,2,361751259,1394937146,36.297572,139.826985,7,3,9999,9999,9,9
true,41,107,231,2,0,2,500,780,208,2023,7,29,17,5,12,4,44,18,50,1,1,1,14,7,0,0,0,0,4,9,1,70,1,2,21,1,25,3,3,31,31,1,1,1,1,11,11,10,10,10,30,3,3,2,2,2,2,4,2,361757692,1394840226,36.299359,139.811174,7,3,9999,9999,1,5
true,41,108,53,2,0,1,10530,0,210,2023,7,7,21,3,22,4,28,19,2,1,1,1,1,7,9,22,0,0,14,9,30,70,4,2,1,35,55,14,61,31,0,11,0,1,0,11,0,3,0,10,0,3,0,2,0,2,0,4,2,365204537,1400137330,36.867927,140.027036,6,3,9999,0,5,0
true,41,108,54,2,0,1,10530,0,210,2023,7,4,9,10,12,4,27,19,3,1,1,1,7,1,0,0,0,0,4,9,1,70,4,2,21,25,45,3,3,31,31,1,1,1,1,11,11,3,3,11,33,2,3,2,2,2,2,4,2,365217256,1400124240,36.87146,140.0234,3,3,9999,9999,1,1
true,41,108,55,2,0,1,30000,0,210,2023,7,12,16,15,12,4,31,19,1,1,2,1,1,7,1,22,9,22,15,9,30,70,4,2,21,75,45,3,3,31,31,1,1,1,2,11,11,5,5,70,80,3,2,2,1,2,2,4,2,365147563,1395950849,36.863212,139.997458,4,3,5,9999,9,9
true,41,108,56,2,0,1,10480,0,210,2023,7,6,9,41,12,4,28,19,2,1,3,1,13,7,0,0,0,0,3,4,1,70,4,4,21,35,45,4,14,31,31,1,11,1,2,11,11,3,3,10,10,2,3,1,1,2,2,2,4,364841803,1400025160,36.811612,140.006989,5,3,9999,9999,1,5
true,41,108,57,2,0,1,30000,0,210,2023,7,14,19,10,21,4,33,19,0,1,1,1,1,2,9,22,1,21,14,9,30,70,4,2,21,25,1,4,51,31,41,1,0,1,0,11,0,3,0,55,44,3,3,2,0,1,0,4,2,365155796,1400111816,36.865499,140.019949,6,3,9999,0,1,0
true,41,108,58,2,0,1,30000,0,210,2023,7,20,10,37,12,4,37,18,57,1,2,1,7,7,0,0,0,0,3,9,20,70,5,2,1,45,0,61,0,0,0,0,0,0,0,0,0,0,0,0,0,0,0,0,0,0,0,2,0,365247993,1400214165,36.879998,140.037268,5,3,0,0,0,0
true,41,108,59,2,0,1,40,1148,210,2023,7,10,18,25,13,4,30,19,1,3,2,2,14,7,0,0,0,0,3,9,1,70,5,2,21,35,35,11,3,1,31,11,1,1,1,1,1,4,4,10,31,3,3,2,2,2,2,4,4,365017038,1395712269,36.838066,139.953408,2,3,9999,9999,1,1
true,41,108,60,2,0,1,30000,0,210,2023,7,29,14,57,12,4,44,18,50,1,1,1,1,7,9,22,9,22,11,9,30,1,5,4,21,65,1,3,51,31,41,1,0,1,0,11,0,2,0,10,11,3,3,2,0,2,0,4,2,365009886,1395812657,36.836079,139.970183,7,3,9999,0,9,0
true,41,109,17,2,0,1,30000,0,206,2023,7,16,10,31,12,4,34,18,59,1,3,1,14,7,0,0,0,0,4,9,1,70,5,2,21,25,55,3,31,31,31,1,0,1,0,11,11,3,3,50,10,2,2,1,0,1,0,4,2,364425404,1392938728,36.74039,139.494091,1,2,9999,9999,1,9
true,41,110,47,2,0,1,1190,0,206,2023,7,2,13,7,12,4,26,19,3,1,3,1,14,7,0,0,0,0,3,7,1,70,4,2,41,55,0,4,75,31,0,1,0,1,0,1,0,4,0,10,0,1,0,1,0,2,0,4,0,364207013,1394508161,36.701948,139.752267,1,3,9999,0,9,0
true,41,110,48,2,0,1,1210,0,206,2023,6,30,21,33,22,4,25,19,3,3,2,2,14,7,0,0,0,0,4,9,1,70,4,2,21,25,45,4,4,31,31,1,1,1,1,11,11,4,4,10,30,2,2,1,2,2,2,4,2,364025961,1394322660,36.673878,139.722961,6,3,9999,9999,1,9
true,41,110,49,2,0,1,1210,0,206,2023,7,21,10,47,12,4,37,18,56,1,2,1,7,7,0,0,0,0,3,6,1,70,1,2,21,25,65,3,51,31,41,1,0,1,0,11,0,10,0,80,20,3,3,2,0,2,0,4,2,364902759,1394256815,36.817433,139.715782,6,3,9999,0,1,0
true,41,111,115,2,0,1,4000,0,213,2023,7,1,8,4,12,4,25,19,3,2,3,1,14,7,0,0,0,0,3,9,1,70,1,2,21,1,1,3,36,31,31,1,0,1,0,11,11,4,10,10,30,2,2,2,0,2,0,4,2,365444482,1395636168,36.912356,139.94338,7,3,9999,9999,1,5
true,41,111,116,2,0,1,4000,0,213,2023,6,28,22,37,22,4,24,19,3,3,3,2,14,7,0,0,0,0,4,9,1,70,1,2,21,25,25,13,4,31,31,11,1,2,1,11,11,4,4,10,30,3,3,2,2,2,2,4,2,365312678,1395818322,36.886855,139.971756,4,3,9999,9999,1,9
true,41,111,117,2,0,1,30000,0,213,2023,6,24,21,4,22,4,23,19,3,1,3,2,1,7,9,22,9,22,11,9,30,70,5,4,21,45,35,3,4,31,31,1,1,1,1,11,11,10,10,10,20,3,3,2,2,2,2,4,2,365742595,1400103900,36.961832,140.01775,7,3,9999,9999,9,1
true,41,111,118,2,0,1,30000,0,213,2023,6,14,17,55,12,4,21,19,0,3,1,2,1,7,1,22,9,22,14,9,30,70,4,2,21,75,45,3,3,31,31,1,1,1,1,11,11,10,3,80,60,3,3,2,2,2,2,4,2,365810052,1400238951,36.969459,140.044153,4,3,503,9999,9,1
true,41,111,119,2,0,1,99000,0,213,2023,4,17,18,26,21,5,5,18,16,2,2,1,0,7,0,0,0,0,0,0,20,70,0,4,21,45,55,4,4,31,31,1,1,1,1,11,11,10,10,55,44,3,3,2,2,2,2,4,2,365828852,1400224832,36.974681,140.040231,2,3,9999,9999,9,9
true,41,111,120,2,0,2,30000,0,213,2023,6,24,11,17,12,4,23,19,3,1,3,1,14,7,0,0,0,0,3,9,1,70,4,2,21,35,55,4,4,31,31,1,1,1,1,11,11,4,4,10,30,3,3,1,2,2,2,4,2,365404568,1395747005,36.901269,139.963057,7,3,9999,9999,1,9
true,41,111,121,2,0,3,10550,0,213,2023,7,1,14,40,12,4,25,19,3,2,3,1,7,7,0,0,0,0,2,9,1,70,1,2,21,35,1,3,4,31,31,1,1,1,1,11,11,4,4,70,10,3,3,2,2,2,2,2,4,365519229,1395925498,36.922008,139.990416,7,3,9999,9999,1,1
true,41,111,122,2,0,1,30000,0,213,2023,5,23,17,13,12,4,28,18,47,2,2,2,7,1,0,0,0,0,2,9,1,70,5,2,21,35,25,3,4,31,31,1,1,1,1,11,11,4,4,10,30,3,3,2,2,2,2,4,2,365318410,1395854598,36.888447,139.981833,3,3,9999,9999,5,1
true,41,111,123,2,0,1,30000,0,407,2023,6,18,12,52,12,4,22,19,1,1,3,1,14,7,0,0,0,0,2,9,1,70,5,4,21,65,75,3,3,31,31,1,1,1,1,11,11,10,10,50,60,3,2,2,1,2,2,4,2,370426548,1400458012,37.074041,140.082781,1,3,9999,205,9,9
true,41,111,124,2,0,1,30000,0,213,2023,7,12,8,2,12,4,31,19,1,1,1,1,1,7,9,22,1,22,14,9,30,70,4,2,21,45,1,4,51,31,41,1,0,1,0,11,0,10,0,10,20,1,1,2,0,2,0,4,2,365319648,1395935858,36.888791,139.993294,4,3,9999,0,9,0
true,41,111,125,2,0,1,4610,0,213,2023,7,12,23,37,22,4,31,19,1,2,3,1,14,7,0,0,0,0,3,9,1,70,5,4,41,45,0,51,76,41,0,0,0,0,0,0,0,0,0,10,0,3,0,0,0,0,0,2,0,365039188,1395816597,36.844219,139.971277,4,3,0,0,0,0
true,41,111,126,2,0,1,10340,0,213,2023,7,12,15,45,12,4,31,19,1,1,1,1,1,7,9,22,9,22,14,9,30,70,4,2,21,25,1,3,51,31,41,1,0,1,0,11,0,4,0,80,10,3,2,2,0,2,0,4,2,365735107,1400402446,36.959752,140.067346,4,3,9999,0,1,0
true,41,111,127,2,0,1,30000,0,213,2023,7,13,9,57,12,4,32,19,0,1,3,1,14,7,0,0,0,0,2,9,1,70,5,3,21,65,75,3,51,31,41,1,0,1,0,11,0,4,0,80,20,3,2,2,0,2,0,4,2,365415862,1395943854,36.904406,139.995515,5,3,9999,0,9,0
true,41,111,128,2,0,1,23030,0,213,2023,7,1,10,19,12,4,25,19,3,3,2,2,7,7,0,0,0,0,2,9,1,70,5,2,21,75,65,3,4,31,31,1,1,1,1,11,11,10,10,80,40,3,3,2,2,2,2,4,2,365659327,1400219104,36.949813,140.03864,7,3,242,9999,9,9
true,41,111,129,2,0,1,99000,0,213,2023,7,12,10,7,12,4,31,19,1,1,3,1,0,7,0,0,0,0,0,0,20,70,0,4,21,35,75,3,4,31,31,1,1,1,1,11,11,10,10,20,30,3,3,2,2,2,2,2,4,365613279,1400043232,36.937022,140.012009,4,3,9999,643,1,9
true,41,111,130,2,0,1,30000,0,407,2023,7,5,7,30,12,4,27,19,2,2,3,1,1,7,1,21,9,22,15,9,30,70,5,3,21,75,25,3,3,31,31,1,1,1,1,11,1,10,10,10,40,3,3,2,2,2,2,4,2,365737793,1400837964,36.960498,140.143879,4,3,76,9999,9,1
true,41,111,131,2,0,1,4000,0,213,2023,7,18,17,46,12,4,35,18,58,2,2,1,14,7,0,0,0,0,3,8,1,70,1,2,21,25,45,3,3,31,31,1,1,1,1,11,11,4,4,10,30,3,3,2,2,2,2,4,2,365310705,1395820683,36.886307,139.972412,3,3,9999,9999,1,5
true,41,111,132,2,0,1,10550,0,213,2023,7,21,17,4,12,4,37,18,56,2,2,1,1,1,9,22,9,22,17,9,30,70,1,2,21,25,65,3,51,31,41,1,0,1,0,11,0,10,0,10,40,3,3,2,0,2,0,4,2,365811518,1400210993,36.969866,140.036387,6,3,9999,0,1,0
true,41,111,133,2,0,1,40,1580,213,2023,7,24,8,20,12,4,40,18,54,1,1,1,14,1,0,0,0,0,4,9,1,70,4,2,21,55,65,12,4,1,31,11,1,1,1,11,11,4,4,10,31,3,3,2,2,2,2,4,2,365541430,1400117306,36.928175,140.021474,2,3,9999,9999,9,9
true,41,111,134,2,0,1,40,1523,213,2023,7,15,17,23,12,4,33,18,59,1,2,1,14,7,0,0,0,0,3,9,1,70,4,2,21,35,25,3,3,31,31,1,1,1,1,1,1,4,4,10,30,2,2,2,2,2,2,4,2,365315007,1395819711,36.887502,139.972142,7,3,9999,9999,5,1
true,41,111,135,2,0,1,40,1585,213,2023,7,15,11,48,12,4,33,18,59,2,2,1,1,1,8,21,8,21,18,9,30,70,4,2,21,45,35,4,4,31,31,1,1,1,1,11,11,4,4,80,10,3,3,2,2,2,2,4,2,365551805,1400136984,36.931057,140.02694,7,3,9999,9999,9,5
true,41,111,136,2,0,2,4000,0,213,2023,7,26,12,22,12,4,41,18,52,1,3,1,14,7,0,0,0,0,4,9,1,70,1,2,21,55,45,3,3,31,31,1,1,1,1,11,11,4,4,10,31,3,3,1,2,2,2,4,2,365306608,1395826252,36.885169,139.973959,4,3,9999,9999,9,1
true,41,111,137,2,0,1,10530,0,213,2023,7,28,17,26,12,4,43,18,51,1,3,1,1,1,9,22,9,22,11,9,30,70,5,2,21,1,1,3,3,31,31,1,1,1,1,11,11,4,4,44,11,3,3,2,2,2,2,4,2,365613376,1400045371,36.937049,140.012603,6,3,0,9999,0,1
true,41,111,138,2,0,1,30000,0,213,2023,7,31,18,43,13,4,45,18,48,2,2,1,1,7,9,22,9,22,14,9,30,70,5,2,21,1,75,3,51,31,41,1,0,1,0,11,0,4,0,10,40,3,3,2,0,2,0,4,2,365243795,1400010123,36.878832,140.002812,2,3,9999,0,1,0
true,41,112,70,2,0,1,30000,0,216,2023,7,2,0,30,22,4,26,19,3,3,1,2,14,7,0,0,0,0,4,9,1,70,5,2,41,65,0,51,76,41,0,0,0,0,0,0,0,0,0,10,0,3,0,0,0,0,0,2,0,362829398,1395140617,36.474833,139.861283,1,3,0,0,0,0
true,41,112,71,2,0,1,30000,0,216,2023,6,26,8,36,12,4,24,19,3,1,1,1,1,7,1,22,9,22,15,9,30,70,5,2,21,25,55,3,34,31,31,1,0,1,0,11,11,10,10,20,10,3,2,2,0,2,0,4,2,362224020,1395236937,36.373339,139.876927,2,3,9999,9999,5,9
true,41,112,72,2,0,1,30000,0,216,2023,7,6,18,52,13,4,28,19,2,1,2,1,1,7,9,22,9,22,11,9,30,70,5,4,21,25,65,3,36,31,31,1,0,1,0,11,11,10,10,10,10,3,3,2,0,2,0,4,2,362716898,1395137674,36.454694,139.860465,5,3,9999,9999,1,9
true,41,112,73,2,0,2,30000,0,216,2023,7,6,15,25,12,4,28,19,2,1,1,1,1,7,9,22,1,22,14,9,30,70,5,2,21,35,1,4,34,31,31,1,0,1,0,11,11,3,10,40,10,3,2,2,0,2,0,2,2,362218606,1395053070,36.371835,139.848075,5,3,9999,9999,1,5
true,41,112,74,2,0,1,30000,0,216,2023,6,28,21,50,22,4,24,19,3,2,2,1,7,7,0,0,0,0,3,9,1,70,5,2,21,25,55,4,4,31,31,1,1,1,1,11,11,3,3,10,30,3,3,2,2,2,2,4,2,362308858,1395040297,36.385794,139.844527,4,3,9999,9999,1,9
true,41,112,75,2,0,2,30000,0,301,2023,6,22,15,30,12,4,22,19,2,3,3,2,1,7,9,22,9,22,14,9,30,70,5,2,21,1,65,3,14,31,31,1,11,1,2,0,0,10,10,20,10,3,2,2,1,2,2,2,4,362720146,1395354391,36.455596,139.898442,5,3,9999,9999,1,9
true,41,112,76,2,0,1,99000,0,216,2023,7,16,15,58,12,4,34,18,59,1,3,1,0,7,0,0,0,0,0,0,20,70,0,4,41,75,0,14,75,31,0,11,0,1,0,0,0,10,0,30,0,3,0,2,0,2,0,4,0,362533816,1395119418,36.42606,139.855394,1,2,647,0,9,0
true,41,112,77,2,0,1,10650,0,216,2023,7,16,13,18,12,4,34,18,59,1,3,1,1,7,9,22,1,22,14,9,30,70,5,3,21,35,35,3,4,31,31,1,1,1,1,0,0,10,10,40,10,2,2,1,2,2,2,2,4,362816691,1395103676,36.471303,139.851021,1,2,9999,9999,5,1