資料区分,都道府県コード,警察署等コード,本票番号,事故内容,死者数,負傷者数,路線コード,地点コード,市区町村コード,発生日時　　年,発生日時　　月,発生日時　　日,発生日時　　時,発生日時　　分,昼夜,日の出時刻　　時,日の出時刻　　分,日の入り時刻　　時,日の入り時刻　　分,天候,地形,路面状態,道路形状,信号機,一時停止規制　標識（当事者A）,一時停止規制　表示（当事者A）,一時停止規制　標識（当事者B）,一時停止規制　表示（当事者B）,車道幅員,道路線形,衝突地点,ゾーン規制,中央分離帯施設等,歩車道区分,事故類型,年齢（当事者A）,年齢（当事者B）,当事者種別（当事者A）,当事者種別（当事者B）,用途別（当事者A）,用途別（当事者B）,車両形状等（当事者A）,車両形状等（当事者B）,オートマチック車（当事者A）,オートマチック車（当事者B）,サポカー（当事者A）,サポカー（当事者B）,速度規制（指定のみ）（当事者A）,速度規制（指定のみ）（当事者B）,車両の衝突部位（当事者A）,車両の衝突部位（当事者B）,車両の損壊程度（当事者A）,車両の損壊程度（当事者B）,エアバッグの装備（当事者A）,エアバッグの装備（当事者B）,サイドエアバッグの装備（当事者A）,サイドエアバッグの装備（当事者B）,人身損傷程度（当事者A）,人身損傷程度（当事者B）,地点　緯度（北緯）,地点　経度（東経）,地点　緯度（北緯）_1,地点　経度（東経）_1,曜日(発生年月日),祝日(発生年月日),認知機能検査経過日数（当事者A）,認知機能検査経過日数（当事者B）,運転練習の方法（当事者A）,運転練習の方法（当事者B）
true,41,112,78,2,0,1,99000,0,216,2023,7,19,12,40,12,4,36,18,57,2,3,1,0,7,0,0,0,0,0,0,20,70,0,4,1,45,65,3,61,31,0,1,0,1,0,11,0,10,0,50,0,3,0,2,0,2,0,4,2,362611645,1395130802,36.436568,139.858556,4,3,9999,0,9,0
true,41,112,79,2,0,1,30000,0,216,2023,7,15,8,53,12,4,33,18,59,3,3,1,1,7,9,22,1,21,11,9,30,70,5,3,21,45,55,3,13,31,31,1,11,1,1,11,11,5,1,0,0,2,2,2,2,2,2,2,4,362751620,1395220759,36.464339,139.872433,7,3,9999,9999,1,9
true,41,112,80,2,0,1,40,853,216,2023,7,11,18,22,13,4,31,19,1,3,3,1,14,7,0,0,0,0,4,9,1,70,4,2,1,1,1,4,61,31,0,1,0,2,0,0,0,4,0,10,0,3,0,2,0,2,0,4,2,362216540,1395015659,36.371261,139.837683,3,3,9999,0,1,0
true,41,113,60,2,0,1,40,1238,214,2023,7,2,6,48,12,4,26,19,3,1,3,1,1,1,9,22,9,22,18,9,30,70,1,2,21,35,75,13,31,31,31,11,0,2,0,11,11,10,10,30,10,2,2,2,0,2,0,4,2,364000869,1395743391,36.666908,139.962053,1,3,9999,124,5,9
true,41,113,61,2,0,1,40,1260,214,2023,6,29,6,4,12,4,25,19,3,1,3,1,7,1,0,0,0,0,4,9,1,70,1,2,21,75,1,4,4,31,31,1,1,1,1,11,11,10,5,10,30,2,2,1,1,2,2,4,2,364130718,1395746181,36.691866,139.962828,5,3,9999,9999,9,1
true,41,113,62,1,1,0,30000,0,214,2023,7,5,9,47,12,4,27,19,2,2,3,1,1,7,9,22,9,22,14,9,30,70,5,4,21,45,75,12,14,1,31,11,11,2,2,11,11,5,5,50,80,2,1,2,2,2,2,4,1,364313011,1395637998,36.720281,139.943888,4,3,9999,298,1,9
true,41,113,63,2,0,1,10640,0,386,2023,7,5,12,50,12,4,27,19,2,2,3,1,1,1,9,22,0,0,18,9,30,70,5,2,1,35,25,4,61,31,0,1,0,1,0,11,0,10,0,50,0,3,0,2,0,2,0,4,2,363506346,1400033275,36.585096,140.009243,4,3,9999,0,1,0
true,41,113,64,2,0,1,30000,0,386,2023,7,7,10,25,12,4,28,19,2,1,2,1,14,7,0,0,0,0,3,9,1,70,4,2,21,75,55,3,51,31,41,1,0,1,0,11,0,3,0,80,40,3,3,2,0,2,0,4,2,363715528,1395853706,36.62098,139.981585,6,3,962,0,9,0
true,41,113,65,2,0,1,40,1256,214,2023,7,6,17,24,12,4,28,19,2,1,2,1,14,7,0,0,0,0,1,9,1,70,1,2,21,45,35,3,3,31,31,1,1,1,1,11,11,4,4,80,30,3,3,2,2,2,2,4,2,364103926,1395730406,36.684424,139.958446,5,3,9999,9999,1,5
true,41,113,66,2,0,1,40,1250,214,2023,7,9,22,2,22,4,29,19,2,1,3,1,7,1,0,0,0,0,4,9,1,70,1,2,21,45,35,3,3,31,31,1,1,1,1,11,11,10,10,10,30,3,3,2,2,2,2,4,2,364052694,1395734060,36.681304,139.959461,1,3,9999,9999,1,5
true,41,113,67,2,0,1,10100,0,386,2023,7,12,10,10,12,4,31,19,1,1,2,1,1,7,9,22,1,22,17,9,30,70,1,2,21,75,65,3,34,31,31,1,0,1,0,11,11,10,10,60,40,3,2,2,0,2,0,4,2,363828176,1400003870,36.64116,140.001075,4,3,273,9999,9,9
true,41,113,68,2,0,1,4080,0,386,2023,7,14,21,49,22,4,33,19,0,2,3,1,1,1,9,22,9,22,19,9,30,70,1,2,21,55,1,4,51,31,41,1,0,1,0,11,0,10,0,50,10,3,3,2,0,2,0,4,2,363645767,1395856878,36.612713,139.982466,6,3,9999,0,1,0
true,41,113,69,2,0,1,2930,0,214,2023,7,13,16,2,12,4,32,19,0,2,3,1,14,7,0,0,0,0,3,8,1,70,4,2,21,65,75,3,4,31,31,1,1,2,2,11,11,4,4,10,30,3,3,2,2,2,2,4,2,364238812,1400133380,36.710781,140.025939,5,3,9999,432,9,9
true,41,113,70,2,0,2,21140,0,214,2023,7,16,12,5,12,4,34,18,59,1,3,1,14,7,0,0,0,0,3,9,1,70,5,2,21,35,55,3,14,31,31,1,11,1,2,11,11,3,3,10,30,3,3,2,2,2,2,4,2,364344875,1400117285,36.729132,140.021468,1,2,9999,9999,1,9
true,41,113,71,2,0,2,10640,0,386,2023,7,16,0,55,22,4,34,18,59,1,2,1,14,1,0,0,0,0,4,9,1,70,5,3,21,25,1,3,3,31,31,1,1,1,1,11,11,10,10,80,60,1,2,2,2,2,2,4,2,363541341,1400153252,36.594817,140.031459,1,2,9999,9999,1,1
true,41,113,72,2,0,2,99000,0,214,2023,7,22,20,36,22,4,38,18,55,1,3,1,0,7,0,0,0,0,0,0,20,70,0,4,21,45,45,13,51,31,41,11,0,1,0,11,0,10,0,10,20,3,3,2,0,2,0,4,2,364157311,1395739532,36.699253,139.960981,7,3,9999,0,1,0
true,41,113,73,2,0,1,30000,0,214,2023,7,26,13,0,12,4,41,18,52,1,3,1,14,7,0,0,0,0,1,9,1,70,5,3,41,75,0,51,76,41,0,0,0,0,0,0,0,0,0,20,0,3,0,0,0,0,0,2,0,364317332,1400149174,36.721481,140.030326,4,3,0,0,0,0
true,41,113,74,2,0,1,30000,0,214,2023,7,29,10,40,12,4,44,18,50,1,3,1,14,7,0,0,0,0,1,9,1,70,5,2,41,45,0,51,76,41,0,0,0,0,0,0,0,0,0,40,0,3,0,0,0,0,0,2,0,364108574,1400019638,36.685715,140.005455,7,3,0,0,0,0
true,41,113,75,2,0,1,10100,0,386,2023,7,25,22,7,22,4,40,18,53,1,3,1,14,1,0,0,0,0,3,9,1,70,1,2,21,35,25,3,3,31,31,1,1,1,2,11,11,10,10,30,30,3,3,2,2,2,2,4,2,363742575,1395935632,36.628493,139.993231,3,3,9999,9999,5,1
true,41,113,76,2,0,1,40,1250,214,2023,7,27,20,9,22,4,42,18,52,1,2,1,1,1,9,22,9,22,18,9,30,70,1,2,21,75,55,3,4,31,31,1,1,1,1,11,11,4,10,50,80,1,2,2,2,2,2,4,2,364051931,1395734344,36.681092,139.95954,5,3,9999,9999,9,9
true,41,114,48,2,0,1,30000,0,211,2023,7,5,22,45,22,4,27,19,2,3,1,1,1,1,1,21,9,22,15,9,30,70,4,2,21,45,1,3,3,31,31,1,1,1,1,11,1,4,10,13,80,2,2,1,1,2,1,4,2,364828973,1395609812,36.808048,139.936059,4,3,9999,9999,1,1
true,41,114,49,2,0,2,10250,0,211,2023,6,17,12,0,12,4,22,19,1,1,2,1,14,1,0,0,0,0,2,9,1,70,5,2,21,35,65,3,3,31,31,1,1,1,1,11,11,4,4,10,30,3,3,2,2,2,2,4,2,364738267,1395642464,36.793963,139.945129,7,3,9999,9999,5,9
true,41,114,50,2,0,1,95000,0,211,2023,7,12,17,23,12,4,31,19,1,2,2,1,0,7,0,0,0,0,0,0,20,70,0,4,41,1,0,51,75,41,0,0,0,0,0,0,0,0,0,40,0,3,0,0,0,0,0,2,0,364833908,1395613855,36.809419,139.937182,4,3,0,0,0,0
true,41,114,51,1,1,0,30000,0,211,2023,7,13,4,0,23,4,32,19,0,2,1,1,14,7,0,0,0,0,2,9,1,70,4,2,1,65,75,14,61,31,0,11,0,1,0,11,0,4,0,10,0,3,0,2,0,2,0,4,1,364749416,1395607498,36.79706,139.935416,5,3,9999,0,9,0
true,41,114,52,2,0,1,30000,0,211,2023,7,14,10,12,12,4,33,19,0,3,3,2,14,7,0,0,0,0,2,9,1,70,5,2,21,75,45,3,3,31,31,1,1,1,1,11,11,3,3,10,20,3,3,2,2,2,2,4,2,364759143,1395542845,36.799762,139.928568,6,3,435,9999,9,9
true,41,114,53,2,0,2,40,1394,211,2023,7,14,21,23,22,4,33,19,0,2,3,2,1,7,1,21,9,22,17,9,30,70,5,2,21,1,25,3,4,31,31,1,1,1,1,11,11,5,5,20,10,1,1,1,1,2,2,2,2,364556390,1395636074,36.765664,139.943354,6,3,9999,9999,1,1
true,41,114,54,2,0,1,99000,0,211,2023,7,22,11,15,12,4,38,18,55,1,2,1,0,7,0,0,0,0,0,0,20,70,0,4,1,55,75,4,61,31,0,1,0,1,0,0,0,10,0,60,0,3,0,2,0,2,0,4,2,364741500,1395541470,36.794861,139.928186,7,3,9999,0,9,0
true,41,114,55,2,0,1,40,1370,211,2023,7,24,13,18,12,4,40,18,54,1,3,1,14,7,0,0,0,0,2,9,1,70,5,2,21,45,35,17,3,31,31,11,1,1,1,11,11,4,4,10,30,3,3,2,2,2,2,4,2,364704592,1395650942,36.784609,139.947484,2,3,9999,9999,9,1
true,41,114,56,2,0,1,20000,0,211,2023,7,29,13,58,12,4,44,18,50,1,3,1,13,7,0,0,0,0,1,1,1,70,5,2,21,75,35,3,3,31,31,1,1,1,1,11,11,4,4,20,20,2,2,1,2,2,2,4,2,364607162,1395711920,36.768656,139.953311,7,3,116,9999,9,5
true,41,115,20,2,0,1,30000,0,215,2023,7,3,7,57,12,4,26,19,3,1,3,1,14,7,0,0,0,0,4,7,1,70,5,2,21,35,55,3,3,31,31,1,1,1,1,11,11,10,10,10,30,3,3,2,2,2,2,4,2,363843912,1400405102,36.645531,140.068084,2,3,9999,9999,1,9
true,41,115,21,2,0,1,20000,0,215,2023,7,14,10,31,12,4,33,19,0,2,3,1,1,7,9,22,9,22,14,6,30,70,4,4,21,45,35,12,14,31,31,11,11,2,1,11,11,10,10,50,70,3,3,2,2,2,2,4,4,364151385,1400642080,36.697607,140.111689,6,3,9999,9999,1,9
true,41,115,22,1,1,2,10100,0,215,2023,7,15,22,32,22,4,33,18,59,2,3,1,13,7,0,0,0,0,3,2,1,70,4,2,41,35,0,4,75,31,0,1,0,2,0,11,0,4,0,50,0,1,0,1,0,2,0,2,0,363918032,1400424784,36.655009,140.073551,7,3,9999,0,5,0
true,41,115,23,2,0,1,30000,0,215,2023,7,20,10,47,12,4,37,18,57,1,2,1,13,7,0,0,0,0,2,4,1,70,4,3,21,35,25,12,13,31,31,11,11,2,1,11,11,10,10,80,60,3,3,2,2,2,2,4,2,364215854,1400637141,36.704404,140.110317,5,3,9999,9999,1,1
true,41,116,13,2,0,3,10610,0,344,2023,7,21,16,19,12,4,37,18,56,1,3,1,14,7,0,0,0,0,3,9,1,1,4,2,21,45,1,11,4,1,31,11,1,2,1,11,11,4,4,10,10,2,1,2,1,2,2,2,2,363202602,1400340939,36.534056,140.061372,6,3,9999,9999,1,1
true,41,116,14,2,0,4,10510,0,343,2023,7,22,12,43,12,4,38,18,55,1,3,1,14,7,0,0,0,0,3,9,1,70,4,2,21,55,1,11,4,1,31,11,1,1,1,1,11,4,4,15,51,3,1,2,1,2,2,4,2,363101232,1401316601,36.517009,140.221278,7,3,9999,9999,9,1
true,41,116,15,2,0,1,2940,0,343,2023,7,30,17,27,12,4,44,18,49,1,3,1,13,7,0,0,0,0,3,1,20,70,4,3,41,55,0,4,75,31,0,1,0,1,0,11,0,5,0,85,0,1,0,1,0,1,0,2,0,363517962,1400903039,36.588323,140.150844,1,3,9999,0,9,0
true,41,122,236,2,0,1,30040,0,201,2023,7,1,20,6,22,4,25,19,3,2,1,1,1,1,9,22,9,22,18,9,30,70,1,2,21,25,1,4,4,31,31,1,1,1,1,11,11,4,4,10,10,1,1,1,1,2,2,4,2,363231438,1395410264,36.542066,139.902851,7,3,9999,9999,1,1
true,41,122,237,2,0,1,40,1078,201,2023,6,30,19,0,13,4,25,19,3,2,2,1,14,7,0,0,0,0,3,9,1,70,4,2,1,35,55,4,61,31,0,1,0,1,0,11,0,4,0,10,0,3,0,2,0,2,0,4,2,363318101,1395436439,36.555028,139.910122,6,3,9999,0,1,0
true,41,122,238,2,0,1,30000,0,201,2023,6,20,18,53,13,4,22,19,2,1,2,1,1,7,1,21,9,22,15,9,30,70,4,4,21,65,25,3,3,31,31,1,1,1,1,11,11,10,3,10,80,2,2,2,2,2,2,4,2,363339690,1395421640,36.561025,139.906011,3,3,9999,9999,9,5
true,41,122,239,2,0,1,21250,0,201,2023,7,1,19,50,21,4,25,19,3,3,1,2,1,7,9,22,9,22,17,9,30,70,5,2,21,65,25,3,51,31,41,1,0,1,0,11,0,10,0,10,10,3,3,2,0,2,0,4,2,363436610,1395422918,36.576836,139.906366,7,3,9999,0,9,0
true,41,122,240,2,0,1,30000,0,201,2023,7,5,8,8,12,4,27,19,2,2,3,1,1,7,9,22,1,21,14,9,30,70,4,2,21,25,25,3,51,31,41,1,0,1,0,11,0,3,0,80,20,3,3,2,0,2,0,4,2,363436246,1395626092,36.576735,139.940581,4,3,9999,0,1,0
true,41,122,241,2,0,1,30000,0,201,2023,7,5,14,50,12,4,27,19,2,3,2,2,1,7,1,21,9,22,11,9,30,70,5,3,21,1,55,3,3,31,31,1,1,1,1,11,11,10,3,80,10,2,2,2,1,2,2,4,2,363658910,1395223516,36.616364,139.873199,4,3,9999,9999,1,9
true,41,122,242,2,0,1,41,1080,201,2023,6,15,18,38,13,4,21,19,0,3,3,2,14,1,0,0,0,0,4,9,1,70,4,2,41,25,0,35,76,31,0,0,0,0,0,11,0,10,0,10,0,3,0,0,0,0,0,2,0,363507642,1395614827,36.585456,139.937452,5,3,9999,0,5,0
true,41,122,243,2,0,1,21250,0,201,2023,6,12,12,27,12,4,22,18,59,2,1,1,1,1,9,22,9,22,18,9,30,70,4,2,21,65,25,3,4,31,31,1,1,1,1,11,11,4,4,80,55,3,3,2,2,2,2,4,2,363502310,1395441584,36.583975,139.911551,2,3,9999,9999,9,1
true,41,122,244,2,0,1,41,1061,201,2023,7,4,5,15,11,4,27,19,3,1,3,1,14,7,0,0,0,0,3,9,1,70,1,3,21,55,1,12,13,1,31,11,11,2,1,11,11,10,10,20,40,3,2,2,2,2,2,4,2,363408094,1395632914,36.568915,139.942476,3,3,9999,9999,9,1
true,41,122,245,2,0,2,30000,0,201,2023,6,18,9,0,12,4,22,19,1,1,2,1,1,1,9,22,9,22,14,9,30,70,5,2,21,25,55,3,4,31,31,1,1,1,1,11,11,4,4,20,10,1,1,1,1,1,1,2,4,363356491,1395603512,36.565692,139.934309,1,3,9999,9999,1,9
true,41,122,246,2,0,1,21250,0,201,2023,7,12,7,10,12,4,31,19,1,1,1,1,14,7,0,0,0,0,1,9,1,70,5,2,21,25,1,3,51,31,41,1,0,1,0,11,0,10,0,11,10,3,2,2,0,2,0,4,2,363411312,1395405666,36.569809,139.901574,4,3,9999,0,1,0
true,41,122,247,2,0,1,30000,0,201,2023,7,5,19,15,21,4,27,19,2,2,1,1,14,7,0,0,0,0,3,9,1,70,5,2,21,65,45,3,3,31,31,1,1,1,1,11,11,4,4,10,30,3,3,2,2,2,2,4,4,363302128,1395520467,36.550591,139.922352,4,3,9999,9999,9,1
true,41,122,248,2,0,1,30000,0,201,2023,6,21,15,44,12,4,22,19,2,1,3,1,1,7,1,21,9,22,15,9,30,70,4,2,21,35,1,4,51,31,41,1,0,1,0,11,0,3,0,10,10,3,3,2,0,2,0,4,2,363258999,1395803562,36.549722,139.967656,4,3,9999,0,5,0
true,41,122,249,2,0,1,20000,0,201,2023,7,15,9,34,12,4,33,18,59,3,2,2,1,7,1,21,9,22,14,8,30,70,4,4,21,1,45,3,3,31,31,1,1,1,1,11,11,10,3,80,50,2,2,2,2,2,2,4,2,363236380,1395357023,36.543439,139.899173,7,3,9999,9999,1,1
true,41,122,250,2,0,1,30000,0,201,2023,7,16,8,45,12,4,34,18,59,1,3,1,7,1,0,0,0,0,2,9,1,70,5,3,21,65,35,3,3,31,31,1,1,1,1,11,11,5,5,50,50,2,1,1,2,2,1,4,2,363450120,1395607001,36.580589,139.935278,1,2,9999,9999,9,5
true,41,122,251,1,1,0,10630,0,201,2023,7,17,7,18,12,4,35,18,58,1,3,1,1,1,9,22,9,22,18,9,30,70,2,2,21,25,45,3,31,31,31,1,0,1,0,1,11,10,4,40,10,2,2,1,0,1,0,4,1,363950922,1395407106,36.664145,139.901974,2,1,9999,9999,1,5
true,41,122,252,2,0,1,40,1120,201,2023,7,6,19,26,21,4,28,19,2,1,2,1,14,7,0,0,0,0,3,9,1,70,4,2,21,1,25,3,3,31,31,1,1,1,1,11,11,4,4,10,30,3,3,2,2,2,2,4,2,363519446,1395604438,36.588735,139.934566,5,3,9999,9999,1,1
true,41,122,253,2,0,1,41,1040,201,2023,6,6,8,10,12,4,22,18,56,2,2,1,14,1,0,0,0,0,5,9,1,70,1,2,21,45,65,3,3,31,31,1,1,1,1,11,11,5,4,10,30,3,3,2,2,2,2,4,2,363338135,1395631139,36.560593,139.941983,3,3,9999,9999,1,1
true,41,122,254,2,0,1,30000,0,201,2023,7,7,20,45,22,4,28,19,2,1,1,1,1,1,9,22,9,22,17,9,30,70,1,2,21,35,1,3,51,31,41,1,0,1,0,11,0,4,0,10,40,3,3,2,0,2,0,4,2,363303733,1395407576,36.551037,139.902104,6,3,9999,0,5,0
true,41,122,255,2,0,3,40,1075,201,2023,7,19,21,11,22,4,36,18,57,2,1,2,14,7,0,0,0,0,5,9,1,70,5,2,21,35,25,3,4,31,31,1,1,1,1,11,11,4,4,10,10,2,2,2,2,2,2,4,2,363309986,1395429624,36.552774,139.908229,4,3,9999,9999,1,1
true,41,122,256,2,0,1,99000,0,201,2023,7,14,18,6,13,4,33,19,0,1,3,1,0,7,0,0,0,0,0,0,20,70,0,4,21,25,1,3,4,31,31,1,1,1,1,0,0,10,10,80,50,3,3,2,2,2,2,2,4,363320354,1395552644,36.555654,139.93129,6,3,9999,9999,1,1
true,41,122,257,2,0,1,10640,0,201,2023,7,18,10,55,12,4,35,18,58,1,1,1,14,7,0,0,0,0,5,9,1,70,1,2,21,35,25,3,4,31,31,1,1,1,1,1,1,4,4,10,30,3,3,2,2,2,2,4,2,363332386,1395413471,36.558996,139.903742,3,3,9999,9999,1,1
true,41,122,258,2,0,1,30010,0,201,2023,7,23,13,55,12,4,39,18,55,1,2,1,14,7,0,0,0,0,1,9,1,70,5,2,41,45,0,51,76,41,0,0,0,0,0,0,0,0,0,10,0,2,0,0,0,0,0,2,0,363419236,1395440421,36.57201,139.911228,1,3,0,0,0,0
true,41,122,259,2,0,1,30000,0,201,2023,7,23,14,12,12,4,39,18,55,1,2,1,1,7,9,22,9,22,11,9,30,70,5,4,21,1,1,4,51,31,41,1,0,1,0,11,0,2,0,80,10,2,2,2,0,2,0,4,2,363257516,1395455649,36.54931,139.915458,1,3,9999,0,5,0
true,41,122,260,2,0,1,30000,0,201,2023,7,18,7,54,12,4,35,18,58,1,3,1,14,7,0,0,0,0,1,9,1,70,5,2,21,45,45,4,4,31,31,1,1,1,1,11,11,2,1,50,80,3,3,2,2,2,2,4,2,363441779,1395346558,36.578272,139.896266,3,3,9999,9999,1,1
true,41,122,261,2,0,1,30000,0,201,2023,7,3,17,30,12,4,26,19,3,1,2,1,1,7,1,21,9,22,15,9,30,70,5,4,21,25,1,4,51,31,41,1,0,1,0,11,0,2,0,10,20,3,3,2,0,2,0,4,2,363322932,1395442235,36.55637,139.911732,2,3,9999,0,5,0
true,41,122,262,2,0,1,30000,0,201,2023,7,14,11,0,12,4,33,19,0,3,3,1,1,7,1,21,9,22,11,9,30,70,5,4,21,55,1,4,33,31,31,1,0,1,0,11,11,10,10,40,10,3,3,2,0,2,0,4,2,363458289,1395451304,36.582858,139.914251,6,3,9999,9999,9,5
true,41,122,263,2,0,1,21250,0,201,2023,7,25,14,30,12,4,40,18,53,1,1,1,1,2,9,22,0,0,18,9,30,70,5,2,1,65,65,3,61,31,0,1,0,1,0,11,0,4,0,10,0,3,0,2,0,2,0,4,2,363523194,1395454439,36.589776,139.915122,3,3,9999,0,5,0
true,41,122,264,2,0,1,30000,0,201,2023,7,16,21,38,22,4,34,18,59,3,1,2,14,7,0,0,0,0,3,9,1,70,5,2,1,45,25,4,61,31,0,1,0,1,0,11,0,5,0,50,0,3,0,2,0,2,0,4,2,363332977,1395352052,36.55916,139.897792,1,2,9999,0,5,0
true,41,122,265,2,0,1,21250,0,201,2023,7,27,10,47,12,4,42,18,52,1,1,1,1,1,9,22,9,22,17,9,30,70,4,2,21,75,35,3,51,31,41,1,0,1,0,11,0,4,0,10,40,3,3,2,0,2,0,4,2,363418264,1395410811,36.57174,139.903003,5,3,9999,0,9,0
true,41,122,266,2,0,1,30000,0,201,2023,7,27,11,57,12,4,42,18,52,1,2,1,13,7,0,0,0,0,3,6,1,70,5,4,1,75,65,3,61,31,0,1,0,1,0,11,0,10,0,40,0,3,0,2,0,2,0,4,2,363418318,1395452024,36.571755,139.914451,5,3,273,0,9,0
true,41,122,267,2,0,1,10010,0,201,2023,7,20,9,40,12,4,37,18,57,1,2,1,14,7,0,0,0,0,4,9,1,70,4,2,21,1,65,4,4,31,31,1,1,1,1,11,11,4,4,10,30,3,3,2,2,2,2,4,2,363312992,1395400950,36.553609,139.900264,5,3,9999,9999,1,9
true,41,122,268,2,0,1,30000,0,201,2023,7,21,7,47,12,4,37,18,56,2,3,1,14,7,0,0,0,0,3,9,1,70,4,2,21,25,45,3,3,31,31,1,1,1,1,0,0,3,3,10,30,3,3,2,2,2,2,4,2,363518100,1395537333,36.588361,139.927037,6,3,9999,9999,1,1
true,41,122,269,2,0,1,40,1075,201,2023,7,28,22,18,22,4,43,18,51,1,1,1,14,7,0,0,0,0,1,9,1,70,4,2,41,45,0,51,76,41,0,0,0,0,0,0,0,0,0,40,0,3,0,0,0,0,0,2,0,363308834,1395429218,36.552454,139.908116,6,3,0,0,0,0
true,41,122,270,2,0,1,40,1114,201,2023,7,29,14,3,12,4,44,18,50,1,3,1,1,1,9,22,9,22,18,9,30,70,4,2,21,35,55,14,31,31,31,11,0,1,0,11,11,4,4,40,22,2,3,2,0,2,0,4,2,363458480,1395534180,36.582911,139.926161,7,3,9999,9999,1,9
true,41,122,271,2,0,1,99000,0,201,2023,7,31,18,40,13,4,45,18,48,2,2,1,0,7,0,0,0,0,0,0,20,70,0,4,1,65,75,4,61,31,0,1,0,1,0,11,0,10,0,50,0,3,0,2,0,2,0,4,2,363520767,1395519463,36.589102,139.922073,2,3,9999,0,9,0
true,41,123,155,2,0,1,41,1004,201,2023,6,20,12,57,12,4,22,19,2,1,3,1,7,7,0,0,0,0,3,9,1,70,5,3,21,55,35,3,3,31,31,1,1,1,1,11,11,10,10,10,30,3,3,2,2,2,2,4,2,363119276,1395512472,36.522021,139.920131,3,3,9999,9999,1,5
true,41,123,156,2,0,1,30000,0,201,2023,7,5,7,38,12,4,27,19,2,2,2,1,1,7,9,22,0,0,14,9,30,70,4,2,1,25,1,3,61,31,0,1,0,1,0,11,0,3,0,84,0,3,0,2,0,2,0,4,2,362903203,1395215542,36.484223,139.870984,4,3,9999,0,1,0
true,41,123,157,2,0,1,99000,0,201,2023,7,4,10,44,12,4,27,19,3,1,2,1,0,7,0,0,0,0,0,0,20,70,0,4,21,45,45,3,3,31,31,1,1,1,1,11,11,10,10,30,80,3,3,2,2,2,2,4,2,362929958,1395354542,36.491655,139.898484,3,3,9999,9999,1,1
true,41,123,158,2,0,2,20000,0,201,2023,7,7,14,1,12,4,28,19,2,1,3,1,13,7,0,0,0,0,3,6,1,70,5,2,21,35,55,11,3,1,31,11,1,1,1,1,1,4,4,50,10,2,2,2,1,2,2,2,2,363044262,1395419390,36.512295,139.905386,6,3,9999,9999,5,9
true,41,123,159,2,0,1,10460,0,201,2023,7,8,23,27,22,4,29,19,2,2,3,2,1,1,9,22,9,22,19,9,30,70,1,2,21,45,1,3,51,31,41,1,0,1,0,11,0,4,0,10,40,3,3,2,0,2,0,4,2,363214521,1395435582,36.537367,139.909884,7,3,9999,0,9,0
true,41,123,160,2,0,1,41,1005,201,2023,6,29,14,31,12,4,25,19,3,1,2,1,14,7,0,0,0,0,4,9,1,70,5,2,21,55,25,12,3,31,31,11,1,1,1,11,11,10,10,10,30,3,3,2,2,2,2,4,2,363120957,1395515960,36.522488,139.9211,5,3,9999,9999,9,1
true,41,123,161,2,0,1,41,989,201,2023,7,3,19,13,21,4,26,19,3,3,3,2,14,1,0,0,0,0,4,9,1,70,5,3,21,25,25,3,4,31,31,1,1,1,1,11,11,10,10,30,10,3,3,2,2,2,2,2,4,363025884,1395503425,36.50719,139.917618,2,3,9999,9999,1,1
true,41,123,162,2,0,1,23200,0,201,2023,7,10,7,57,12,4,30,19,1,1,2,1,14,7,0,0,0,0,4,9,1,70,4,2,21,65,1,3,51,31,41,1,0,1,0,11,0,3,0,0,20,3,3,2,0,2,0,4,2,362940466,1395453464,36.494574,139.914851,2,3,9999,0,9,0
true,41,123,163,2,0,1,40,1033,201,2023,7,8,11,35,12,4,29,19,2,3,2,1,14,7,0,0,0,0,3,9,1,70,4,2,21,45,25,3,3,31,31,1,1,1,1,11,11,4,4,10,30,3,3,2,2,2,2,4,2,363137866,1395250732,36.527185,139.880759,7,3,9999,9999,1,1
true,41,123,164,2,0,2,40,1000,201,2023,7,7,15,15,12,4,28,19,2,1,1,1,14,1,0,0,0,0,5,9,1,70,4,2,21,25,25,3,4,31,31,1,1,1,1,1,1,4,4,31,10,2,2,2,2,2,2,2,4,363220184,1395250736,36.53894,139.88076,6,3,9999,9999,1,1
true,41,123,165,2,0,2,10460,0,201,2023,7,7,12,6,12,4,28,19,2,1,3,1,14,1,0,0,0,0,3,9,1,70,5,2,21,55,55,3,3,31,31,1,1,1,1,1,1,3,3,10,30,3,3,2,2,2,2,4,2,363039481,1395608495,36.510967,139.935693,6,3,9999,9999,9,9
true,41,123,166,2,0,1,30000,0,201,2023,6,19,14,29,12,4,22,19,2,1,2,1,1,7,1,21,9,22,15,9,30,70,5,3,21,75,65,3,51,31,41,1,0,1,0,1,0,3,0,50,20,3,3,2,0,2,0,4,2,362919172,1395413435,36.488659,139.903732,2,3,185,0,9,0