資料区分,都道府県コード,警察署等コード,本票番号,事故内容,死者数,負傷者数,路線コード,地点コード,市区町村コード,発生日時　　年,発生日時　　月,発生日時　　日,発生日時　　時,発生日時　　分,昼夜,日の出時刻　　時,日の出時刻　　分,日の入り時刻　　時,日の入り時刻　　分,天候,地形,路面状態,道路形状,信号機,一時停止規制　標識（当事者A）,一時停止規制　表示（当事者A）,一時停止規制　標識（当事者B）,一時停止規制　表示（当事者B）,車道幅員,道路線形,衝突地点,ゾーン規制,中央分離帯施設等,歩車道区分,事故類型,年齢（当事者A）,年齢（当事者B）,当事者種別（当事者A）,当事者種別（当事者B）,用途別（当事者A）,用途別（当事者B）,車両形状等（当事者A）,車両形状等（当事者B）,オートマチック車（当事者A）,オートマチック車（当事者B）,サポカー（当事者A）,サポカー（当事者B）,速度規制（指定のみ）（当事者A）,速度規制（指定のみ）（当事者B）,車両の衝突部位（当事者A）,車両の衝突部位（当事者B）,車両の損壊程度（当事者A）,車両の損壊程度（当事者B）,エアバッグの装備（当事者A）,エアバッグの装備（当事者B）,サイドエアバッグの装備（当事者A）,サイドエアバッグの装備（当事者B）,人身損傷程度（当事者A）,人身損傷程度（当事者B）,地点　緯度（北緯）,地点　経度（東経）,地点　緯度（北緯）_1,地点　経度（東経）_1,曜日(発生年月日),祝日(発生年月日),認知機能検査経過日数（当事者A）,認知機能検査経過日数（当事者B）,運転練習の方法（当事者A）,運転練習の方法（当事者B）
true,41,123,167,2,0,1,30000,0,201,2023,7,13,7,39,12,4,32,19,0,2,1,1,7,7,0,0,0,0,3,9,1,70,5,3,1,55,1,3,61,31,0,1,0,1,0,11,0,2,0,80,0,3,0,2,0,2,0,4,2,362952289,1395200570,36.497858,139.866825,5,3,9999,0,9,0
true,41,123,168,2,0,1,30000,0,201,2023,7,11,18,22,13,4,31,19,1,3,1,2,14,7,0,0,0,0,3,9,1,70,4,2,21,25,1,3,4,31,31,1,1,1,1,11,11,3,3,30,10,3,3,2,2,2,2,2,4,363157698,1395156214,36.532694,139.865615,3,3,9999,9999,9,1
true,41,123,169,2,0,1,30000,0,201,2023,7,4,20,39,22,4,27,19,3,2,1,1,1,7,9,22,9,22,11,9,30,70,4,3,21,55,25,3,4,31,31,1,1,1,1,11,11,4,4,80,70,2,3,2,2,2,2,2,4,363111791,1395207237,36.519942,139.868677,3,3,9999,9999,9,1
true,41,123,170,2,0,1,99000,0,201,2023,7,18,10,40,12,4,35,18,58,1,1,1,0,7,0,0,0,0,0,0,20,70,0,4,41,75,0,51,76,41,0,0,0,0,0,0,0,0,0,0,0,3,0,0,0,0,0,2,0,363140076,1395120794,36.527799,139.855776,3,3,0,0,0,0
true,41,123,171,2,0,1,23200,0,201,2023,7,14,8,12,12,4,33,19,0,3,2,2,14,7,0,0,0,0,3,9,1,70,5,2,21,35,55,3,3,31,31,1,1,1,1,11,11,4,4,10,30,3,3,2,2,2,2,4,2,362939196,1395454155,36.494221,139.915043,6,3,9999,9999,1,9
true,41,123,172,2,0,1,21550,0,201,2023,7,19,10,35,12,4,36,18,57,1,2,1,13,7,0,0,0,0,3,6,1,70,4,2,21,45,25,3,4,31,31,1,1,1,1,11,11,3,3,10,10,2,2,1,1,1,2,2,4,363147539,1395040150,36.529872,139.844486,4,3,9999,9999,9,1
true,41,123,173,2,0,1,30000,0,201,2023,7,12,15,10,12,4,31,19,1,1,2,1,7,1,0,0,0,0,1,9,1,1,4,2,21,75,45,4,4,31,31,1,1,1,1,11,11,2,2,0,0,3,3,2,2,2,2,4,2,362955349,1395145749,36.498708,139.862708,4,3,761,9999,9,5
true,41,123,174,2,0,1,23200,0,201,2023,7,22,20,15,22,4,38,18,55,1,2,1,1,7,9,22,9,22,14,6,30,70,4,3,21,25,1,3,51,31,41,1,0,1,0,11,0,4,0,80,10,2,1,2,0,2,0,4,2,363127829,1395400504,36.524397,139.90014,7,3,9999,0,1,0
true,41,123,175,2,0,1,30000,0,201,2023,7,25,7,52,12,4,40,18,53,1,1,1,1,1,9,22,9,22,15,9,30,70,4,2,21,1,1,3,51,31,41,1,0,1,0,11,0,2,0,10,20,3,2,2,0,2,0,4,2,362927949,1395230810,36.491097,139.875225,3,3,9999,0,1,0
true,41,123,176,2,0,1,40,1018,201,2023,6,27,14,42,12,4,24,19,3,2,1,1,14,7,0,0,0,0,3,9,1,70,4,2,21,65,45,3,4,1,31,1,1,1,1,11,11,4,4,50,20,3,3,2,2,2,2,4,2,363049604,1395237067,36.513779,139.876963,3,3,9999,9999,9,1
true,41,123,177,2,0,1,1210,0,201,2023,7,26,13,30,12,4,41,18,52,1,2,1,1,1,9,22,9,22,19,9,30,70,4,2,21,25,35,3,51,31,41,1,0,1,0,11,0,4,0,80,20,3,3,2,0,2,0,4,2,363058043,1395038609,36.516123,139.844058,4,3,9999,0,1,0
true,41,123,178,2,0,1,10350,0,201,2023,7,16,7,59,12,4,34,18,59,1,1,1,1,1,9,22,9,22,15,9,30,70,5,2,21,1,45,3,3,31,31,1,1,1,1,11,11,4,3,40,50,2,2,2,2,2,2,4,2,363159221,1395324465,36.533117,139.890129,1,2,9999,9999,1,9
true,41,123,179,2,0,3,21930,0,201,2023,7,23,14,20,12,4,39,18,55,1,1,1,1,7,9,22,1,21,14,9,30,70,4,2,21,25,35,3,4,31,31,1,1,1,1,11,11,3,2,40,80,3,3,2,2,2,2,2,4,362907364,1395232516,36.485379,139.875699,1,3,9999,9999,5,5
true,41,59,21,2,0,1,41020,1251,211,2023,8,1,10,46,12,4,46,18,47,2,3,2,14,7,0,0,0,0,3,9,1,70,1,4,1,45,55,11,61,1,0,11,0,1,0,11,0,8,0,80,0,3,0,2,0,2,0,4,2,364750899,1395454194,36.797472,139.915054,3,3,9999,0,1,0
true,41,59,22,2,0,7,41020,1148,214,2023,7,16,11,7,12,4,34,18,59,1,3,1,14,7,0,0,0,0,5,9,1,70,1,4,21,45,45,3,3,31,31,1,1,1,1,11,11,10,10,58,70,1,1,2,2,2,2,4,2,364259533,1395454259,36.716537,139.915072,1,2,9999,9999,5,9
true,41,59,23,2,0,1,41010,1150,384,2023,7,27,5,55,12,4,42,18,52,1,3,1,14,7,0,0,0,0,2,9,1,70,1,4,21,55,55,11,12,1,1,11,11,2,2,11,11,10,10,60,50,3,3,2,2,2,2,2,4,364312839,1395510348,36.720233,139.919541,5,3,9999,9999,9,9
true,41,59,24,2,0,2,41020,1168,211,2023,8,1,11,40,12,4,46,18,47,1,3,1,14,7,0,0,0,0,2,9,1,70,1,4,21,55,55,11,17,1,31,11,11,2,2,11,11,10,10,80,60,3,3,2,2,2,2,4,2,364408966,1395551017,36.735824,139.930838,3,3,9999,9999,9,9
true,41,59,25,2,0,1,42530,1051,361,2023,8,12,23,2,22,4,55,18,36,1,3,1,14,7,0,0,0,0,4,9,1,70,1,4,21,1,1,3,4,31,31,1,1,1,1,11,11,10,10,80,60,3,3,2,2,2,2,4,2,362636866,1394652921,36.443574,139.781367,7,3,9999,9999,1,1
true,41,59,26,2,0,4,41010,623,203,2023,8,25,5,20,11,5,5,18,20,1,2,1,14,7,0,0,0,0,4,9,1,70,1,4,41,45,0,3,75,31,0,1,0,2,0,11,0,8,0,58,0,1,0,2,0,2,0,4,0,362109126,1393730583,36.352535,139.625162,6,3,9999,0,9,0
true,41,101,193,2,0,1,30000,0,201,2023,7,17,12,13,12,4,35,18,58,1,2,1,14,7,0,0,0,0,4,9,1,70,5,4,21,35,75,3,4,31,31,1,1,1,1,11,11,10,10,20,60,3,3,2,2,2,2,2,4,363432027,1395233193,36.575563,139.875887,2,1,9999,424,1,9
true,41,101,194,2,0,1,30000,0,201,2023,7,29,13,43,12,4,44,18,50,1,1,1,14,7,0,0,0,0,5,8,1,70,4,2,21,75,35,3,3,31,31,1,1,1,1,11,11,3,3,40,20,3,3,2,2,2,2,4,2,363326323,1395254790,36.557312,139.881886,7,3,792,9999,9,1
true,41,101,195,2,0,2,10770,0,201,2023,7,29,11,33,12,4,44,18,50,1,2,1,14,7,0,0,0,0,3,9,1,70,4,2,21,35,25,3,4,31,31,1,1,1,1,11,11,4,4,30,10,3,3,2,2,2,2,2,4,364138476,1394901988,36.694021,139.817219,7,3,9999,9999,5,1
true,41,101,196,2,0,1,10350,0,201,2023,7,30,16,20,12,4,44,18,49,1,1,1,14,7,0,0,0,0,2,9,1,70,1,2,21,55,65,3,4,31,31,1,1,1,1,1,1,4,4,30,10,3,3,2,2,2,2,2,4,363346955,1395320742,36.563043,139.889095,1,3,9999,9999,9,9
true,41,101,197,2,0,1,30000,0,201,2023,8,2,11,40,12,4,47,18,46,1,1,1,1,7,1,21,9,22,11,9,30,70,5,2,21,65,45,3,51,1,41,1,0,1,0,11,0,1,0,10,40,3,3,2,0,2,0,4,2,363339128,1395255412,36.560869,139.882059,4,3,9999,0,9,0
true,41,101,198,2,0,1,1190,0,201,2023,7,21,11,0,12,4,37,18,56,2,3,1,1,2,9,22,9,22,17,9,30,70,1,2,21,1,1,4,51,31,41,1,0,1,0,11,0,4,0,50,10,3,3,2,0,2,0,4,2,363545139,1395253872,36.595872,139.881631,6,3,9999,0,1,0
true,41,101,199,2,0,1,10030,0,201,2023,6,15,8,38,12,4,21,19,0,2,1,1,12,7,0,0,0,0,4,7,1,70,1,2,21,35,1,3,4,31,31,1,1,1,1,11,11,4,4,30,10,2,2,2,2,2,2,2,4,363349514,1395101516,36.563754,139.850421,5,3,9999,9999,5,1
true,41,101,200,2,0,1,99000,0,201,2023,7,31,3,10,22,4,45,18,48,1,1,1,0,7,0,0,0,0,0,0,20,70,0,4,21,1,25,3,3,31,31,1,1,1,1,1,1,10,10,60,0,3,3,2,2,2,2,4,2,363331486,1395231609,36.558746,139.875447,2,3,9999,9999,5,1
true,41,101,201,2,0,2,30000,0,201,2023,7,21,17,15,12,4,37,18,56,1,2,1,7,7,0,0,0,0,3,9,1,70,5,4,21,1,75,3,3,31,31,1,1,1,1,11,11,10,10,10,40,3,3,2,2,2,2,2,2,363335478,1395120765,36.559855,139.855768,6,3,9999,912,1,9
true,41,101,202,2,0,1,30000,0,201,2023,8,8,21,16,22,4,52,18,40,2,1,1,1,1,9,22,0,0,18,9,30,70,4,2,1,65,35,4,61,31,0,1,0,1,0,11,0,2,0,74,0,3,0,2,0,2,0,4,2,363326471,1395258444,36.557353,139.882901,3,3,9999,0,9,0
true,41,101,203,2,0,1,30010,0,201,2023,7,18,12,10,12,4,35,18,58,1,1,1,14,7,0,0,0,0,2,8,1,70,5,2,21,45,1,4,51,31,41,1,0,1,0,1,0,3,0,0,0,3,3,2,0,2,0,2,4,363428463,1395231066,36.574573,139.875296,3,3,9999,0,1,0
true,41,101,204,2,0,1,30000,0,201,2023,8,12,17,47,13,4,55,18,36,1,2,1,14,7,0,0,0,0,3,9,1,70,4,2,1,25,1,3,61,31,0,1,0,1,0,11,0,3,0,80,0,3,0,2,0,2,0,4,2,363434820,1395034386,36.576339,139.842885,7,3,9999,0,1,0
true,41,101,205,2,0,2,30000,0,201,2023,8,4,19,10,21,4,48,18,44,2,2,1,14,7,0,0,0,0,5,9,1,70,1,2,21,1,25,4,4,31,31,1,1,1,1,0,0,4,4,10,30,3,3,2,2,2,2,4,2,363334499,1395203554,36.559583,139.867654,6,3,9999,9999,1,1
true,41,101,206,2,0,1,1190,0,201,2023,8,5,5,20,11,4,49,18,43,1,1,1,14,7,0,0,0,0,5,9,1,70,5,2,21,45,1,3,4,31,31,1,1,1,1,0,0,4,4,20,10,3,3,2,2,2,2,2,4,363233130,1395249933,36.542536,139.880537,7,3,9999,9999,1,1
true,41,101,207,2,0,1,30000,0,201,2023,8,10,20,14,22,4,53,18,38,1,1,1,1,7,1,21,9,22,11,9,30,70,5,3,21,45,35,3,3,31,31,1,1,1,1,11,11,10,10,50,80,3,3,2,2,2,2,4,2,363226243,1395129405,36.540623,139.858168,5,2,9999,9999,9,1
true,41,101,208,2,0,1,30040,0,201,2023,8,20,7,39,12,5,1,18,26,1,1,1,1,1,9,22,0,0,18,9,30,70,5,2,1,75,75,3,61,31,0,1,0,1,0,1,0,4,0,50,0,3,0,2,0,2,0,4,2,363324239,1395316159,36.556733,139.887822,1,3,782,0,9,0
true,41,101,209,2,0,2,99000,0,201,2023,8,21,2,55,22,5,2,18,25,1,3,1,0,7,0,0,0,0,0,0,20,70,0,4,41,1,0,3,76,31,0,1,0,1,0,11,0,10,0,10,0,3,0,2,0,2,0,4,0,363555979,1394920402,36.598883,139.822334,2,3,9999,0,1,0
true,41,101,210,2,0,1,95000,0,201,2023,8,21,12,50,12,5,2,18,25,1,2,1,14,7,0,0,0,0,3,9,1,70,5,4,41,75,0,51,76,41,0,0,0,0,0,0,0,0,0,20,0,3,0,0,0,0,0,2,0,363443342,1395154900,36.578706,139.86525,2,3,0,0,0,0
true,41,101,211,2,0,1,30000,0,201,2023,8,22,17,27,13,5,3,18,24,2,2,1,1,7,9,22,9,22,14,9,30,70,5,4,21,35,1,3,4,31,31,1,1,1,1,11,11,4,4,10,10,3,3,2,2,2,2,2,4,363740854,1395053470,36.628015,139.848186,3,3,9999,9999,5,1
true,41,101,212,2,0,1,30000,0,201,2023,8,25,8,39,12,5,5,18,20,1,1,1,1,7,9,22,1,21,11,9,30,70,5,4,21,55,35,3,51,31,41,1,0,1,0,11,0,1,0,51,40,3,3,2,0,2,0,4,2,363224922,1395124095,36.540256,139.856693,6,3,9999,0,1,0
true,41,101,213,2,0,1,30000,0,201,2023,8,25,15,45,12,5,5,18,20,1,2,1,14,7,0,0,0,0,2,9,1,70,5,3,41,35,0,51,76,41,0,0,0,0,0,0,0,0,0,40,0,3,0,0,0,0,0,2,0,363437798,1395226648,36.577166,139.874069,6,3,0,0,0,0
true,41,101,214,2,0,1,10350,0,201,2023,8,26,10,33,12,5,6,18,18,1,2,1,1,1,1,22,9,22,18,8,30,70,4,2,21,25,45,3,34,31,31,1,0,1,0,11,11,4,2,40,10,3,3,2,0,2,0,4,2,363304018,1395314201,36.551116,139.887278,7,3,9999,9999,1,9
true,41,101,215,2,0,1,99000,0,201,2023,8,28,7,45,12,5,8,18,15,1,1,1,0,7,0,0,0,0,0,0,20,70,0,3,41,1,0,51,76,41,0,0,0,0,0,0,0,0,0,12,0,3,0,0,0,0,0,2,0,363339380,1395309013,36.560939,139.885837,2,3,0,0,0,0
true,41,101,216,2,0,1,10700,0,201,2023,8,25,9,0,12,5,5,18,20,1,2,1,1,7,1,21,9,22,11,9,30,70,4,2,21,45,1,3,51,31,41,1,0,1,0,0,0,10,0,10,20,3,3,2,0,2,0,4,2,363441236,1395048109,36.578121,139.846697,6,3,9999,0,1,0
true,41,102,200,2,0,1,30000,0,361,2023,7,13,7,21,12,4,32,19,0,2,3,1,14,7,0,0,0,0,4,9,1,70,2,2,21,35,75,3,4,31,31,1,1,1,1,11,11,4,4,30,10,3,3,2,2,2,2,2,4,362729833,1394811192,36.458287,139.803109,5,3,9999,63,1,9
true,41,102,201,2,0,1,10020,0,203,2023,8,3,7,41,12,4,48,18,45,1,3,1,1,1,9,22,9,22,18,9,30,70,1,2,21,25,25,3,4,31,31,1,1,1,1,11,11,10,10,28,56,1,2,2,1,2,2,4,2,362415890,1394733274,36.404414,139.792576,5,3,9999,9999,1,1
true,41,102,202,2,0,1,23110,0,203,2023,8,4,8,7,12,4,48,18,44,1,3,1,14,7,0,0,0,0,1,9,1,70,5,2,1,35,1,3,61,31,0,1,0,1,0,11,0,3,0,10,0,3,0,2,0,2,0,4,2,362009564,1394226395,36.33599,139.707332,6,3,9999,0,1,0
true,41,102,203,2,0,1,30000,0,203,2023,8,4,8,6,12,4,48,18,44,1,3,1,1,7,9,22,9,22,11,9,30,70,5,3,21,45,1,3,51,31,41,1,0,1,0,11,0,3,0,10,40,3,3,2,0,2,0,4,2,361914848,1394305588,36.320791,139.718219,6,3,9999,0,9,0
true,41,102,204,2,0,2,10370,0,203,2023,8,3,14,47,12,4,48,18,45,1,1,1,14,7,0,0,0,0,3,9,1,70,4,2,21,55,25,14,14,31,31,11,11,1,1,11,11,10,10,50,20,3,3,2,2,2,2,4,2,362406347,1394317386,36.401763,139.721496,5,3,9999,9999,9,5
true,41,102,205,2,0,1,10020,0,361,2023,8,2,19,0,21,4,47,18,46,2,3,1,14,1,0,0,0,0,4,9,1,70,1,2,21,25,35,3,3,31,31,1,1,1,1,11,11,10,10,10,30,3,3,2,2,2,2,4,2,362635707,1394900008,36.443252,139.816669,4,3,9999,9999,1,1
true,41,102,206,2,0,1,10020,0,361,2023,8,8,10,46,12,4,52,18,40,1,3,1,1,1,9,22,0,0,15,6,30,70,1,2,1,65,75,3,61,31,0,1,0,1,0,11,0,10,0,80,0,3,0,2,0,2,0,4,2,362743106,1394932545,36.461974,139.825707,3,3,9999,0,9,0
true,41,102,207,2,0,2,30000,0,203,2023,8,7,13,4,12,4,51,18,41,1,3,1,1,7,9,22,9,22,14,9,30,1,5,4,21,1,1,3,51,31,41,1,0,1,0,11,0,10,0,10,40,3,3,2,0,2,0,2,2,362257058,1394253161,36.382516,139.714767,2,3,9999,0,1,0
true,41,102,208,2,0,1,10020,0,361,2023,7,11,12,29,12,4,31,19,1,1,1,1,1,1,9,22,9,22,18,9,30,70,1,2,21,65,65,3,3,31,31,1,1,1,1,11,11,5,5,60,50,2,2,2,2,2,2,4,2,362813822,1394940138,36.470506,139.827816,3,3,9999,9999,9,9
true,41,102,209,2,0,1,30000,0,203,2023,8,11,12,20,12,4,54,18,37,1,3,1,14,7,0,0,0,0,4,9,1,70,2,2,41,65,0,51,76,41,0,0,0,0,0,0,0,0,0,40,0,3,0,0,0,0,0,2,0,362107618,1394110237,36.352116,139.686177,6,1,0,0,0,0
true,41,102,210,2,0,1,22210,0,203,2023,8,12,0,0,22,4,55,18,36,1,3,1,1,1,9,22,0,0,15,9,30,70,2,3,21,1,0,3,0,31,0,1,0,1,0,11,0,4,0,20,0,2,0,1,0,1,0,2,0,362601968,1394545619,36.43388,139.762672,7,3,9999,0,1,0
true,41,102,211,2,0,1,99000,0,203,2023,7,31,8,0,12,4,45,18,48,1,2,1,0,7,0,0,0,0,0,0,20,70,0,4,21,55,45,3,3,31,31,1,1,1,1,11,11,10,10,40,70,3,3,2,2,2,2,4,2,362326488,1394449013,36.390691,139.746948,2,3,9999,9999,9,9
true,41,102,212,2,0,1,30000,0,203,2023,7,27,19,48,21,4,42,18,52,1,3,1,7,1,0,0,0,0,4,9,1,70,5,4,21,35,0,3,0,31,0,1,0,1,0,11,0,10,0,30,0,3,0,2,0,2,0,2,0,361657205,1393952160,36.282557,139.664489,5,3,9999,0,5,0
true,41,102,213,2,0,1,21770,0,203,2023,7,20,10,52,12,4,37,18,57,1,3,1,1,1,9,22,9,22,15,9,30,70,5,3,21,45,75,11,4,31,31,11,1,2,1,11,11,10,4,50,80,3,2,2,1,2,2,2,4,362711700,1394412509,36.45325,139.736808,5,3,9999,455,9,9
true,41,102,214,2,0,1,22520,0,203,2023,8,15,13,5,12,4,57,18,32,1,3,1,1,7,1,21,0,0,11,9,30,70,4,2,1,45,75,4,61,31,0,1,0,1,0,11,0,3,0,80,0,3,0,2,0,2,0,4,2,362015317,1394257172,36.337588,139.715881,3,3,9999,0,1,0
true,41,102,215,2,0,4,30000,0,203,2023,8,1,8,0,12,4,46,18,47,3,1,2,14,7,0,0,0,0,2,9,1,70,5,3,21,35,1,3,4,31,31,1,1,1,1,11,11,10,10,10,10,2,2,1,1,1,1,2,4,362213735,1394542167,36.370482,139.761713,3,3,9999,9999,5,1
true,41,102,216,2,0,1,30000,0,203,2023,8,18,22,0,22,5,0,18,29,1,2,1,14,7,0,0,0,0,3,9,1,70,5,2,41,45,0,51,76,41,0,0,0,0,0,0,0,0,0,0,0,3,0,0,0,0,0,2,0,362356756,1394306874,36.399099,139.718576,6,3,0,0,0,0
true,41,102,217,2,0,1,30000,0,361,2023,8,18,17,18,12,5,0,18,29,1,3,1,14,7,0,0,0,0,3,9,1,70,5,4,21,75,25,4,4,31,31,1,1,1,1,11,11,3,3,10,30,3,3,2,2,2,2,4,2,362908840,1394957529,36.485789,139.832647,6,3,616,9999,5,1
true,41,102,218,2,0,4,10020,0,203,2023,8,19,12,55,12,5,1,18,27,1,2,1,1,7,1,21,1,21,14,9,30,70,5,4,21,35,35,3,3,31,31,1,1,1,1,11,11,10,10,10,40,3,3,2,2,2,2,2,2,362334177,1394455306,36.392827,139.748696,7,3,9999,9999,5,1
true,41,102,219,2,0,1,20000,0,203,2023,8,23,12,20,12,5,4,18,22,3,2,2,1,7,1,22,9,22,14,9,30,70,2,2,21,45,75,17,51,31,41,11,0,2,0,11,0,3,0,10,40,3,3,2,0,2,0,4,2,362323741,1394413528,36.389928,139.737091,4,3,9999,0,9,0
true,41,102,220,2,0,1,99000,0,203,2023,8,24,15,32,12,5,5,18,21,1,1,1,0,7,0,0,0,0,0,0,20,70,0,4,1,35,75,3,61,31,0,1,0,1,0,11,0,1,0,70,0,3,0,2,0,2,0,4,2,362332708,1394329888,36.392419,139.724969,5,3,9999,0,1,0
true,41,102,221,2,0,1,10440,0,203,2023,8,28,19,47,22,5,8,18,15,2,3,1,1,1,9,22,9,22,15,9,30,70,4,2,21,55,45,3,3,31,31,1,1,1,1,11,11,3,10,41,12,1,1,1,1,2,1,4,2,362318010,1394644483,36.388336,139.779023,2,3,9999,9999,9,9
true,41,102,222,2,0,1,10020,0,203,2023,8,29,10,0,12,5,9,18,14,1,2,1,14,7,0,0,0,0,4,9,1,70,1,2,21,35,1,3,51,31,41,1,0,1,0,11,0,4,0,0,0,4,4,2,0,2,0,4,2,362341834,1394505638,36.394954,139.751566,3,3,9999,0,1,0
true,41,103,168,2,0,1,21520,0,202,2023,7,30,12,38,12,4,44,18,49,1,1,1,7,7,0,0,0,0,3,9,1,70,2,2,21,35,35,4,4,31,31,1,1,1,1,11,11,3,3,10,30,2,2,2,2,2,2,4,2,361841570,1392709931,36.311547,139.452759,1,3,9999,9999,1,1
true,41,103,169,1,1,1,500,413,202,2023,8,2,5,50,12,4,47,18,46,1,3,1,1,1,9,22,9,22,18,9,30,70,1,2,21,25,45,3,3,31,31,1,1,1,1,11,11,10,10,40,10,1,1,1,1,1,1,1,2,361735722,1392915875,36.293256,139.487743,4,3,9999,9999,1,1
true,41,103,170,2,0,1,30000,0,202,2023,8,4,18,11,13,4,48,18,44,1,2,1,14,7,0,0,0,0,3,9,1,70,4,2,21,35,55,3,4,31,31,1,1,2,1,11,11,2,2,60,60,3,3,2,2,2,2,4,2,362003451,1392648030,36.334292,139.446675,6,3,9999,9999,5,9
true,41,103,171,2,0,2,30000,0,202,2023,7,11,8,16,12,4,31,19,1,1,2,1,1,7,1,22,9,22,14,9,30,70,5,4,21,55,35,3,3,31,31,1,1,1,1,11,11,10,2,10,40,2,2,2,2,2,2,4,2,362018917,1392744050,36.338588,139.462236,3,3,9999,9999,9,1
true,41,103,172,2,0,1,20000,0,202,2023,8,3,19,0,21,4,48,18,45,1,2,1,14,7,0,0,0,0,3,9,1,70,5,2,21,35,75,4,14,31,31,1,11,2,2,11,11,3,3,30,10,3,3,2,2,2,2,2,4,362027121,1392820028,36.340867,139.47223,5,3,9999,551,5,9
true,41,103,173,2,0,1,30000,0,202,2023,8,4,8,8,12,4,48,18,44,1,3,1,1,7,9,22,9,22,11,9,30,70,5,4,21,35,55,3,4,31,31,1,1,1,1,11,11,10,10,40,10,2,2,2,1,1,1,4,2,361837703,1393018785,36.310473,139.505218,6,3,9999,9999,1,9
true,41,103,174,1,1,3,2930,0,202,2023,8,13,6,13,12,4,56,18,35,1,3,1,13,7,0,0,0,0,3,4,1,70,4,2,21,1,35,3,3,31,31,1,1,1,1,11,11,10,10,10,10,1,1,1,1,2,2,1,2,362056656,1393008957,36.349071,139.502488,1,3,9999,9999,1,5
true,41,103,175,2,0,2,30000,0,202,2023,8,5,20,50,22,4,49,18,43,1,1,1,14,7,0,0,0,0,4,9,1,70,4,2,21,55,35,3,3,31,31,1,1,1,1,11,11,3,3,10,30,3,3,2,2,2,2,4,2,361942092,1392654748,36.328359,139.448541,7,3,9999,9999,9,1
true,41,103,176,2,0,1,2930,0,202,2023,6,26,12,10,12,4,24,19,3,1,2,1,14,7,0,0,0,0,3,9,1,70,5,2,21,45,35,3,3,31,31,1,1,1,1,11,11,4,4,10,30,3,3,2,2,2,2,4,2,361856711,1392647476,36.315753,139.446521,2,3,9999,9999,1,1
true,41,103,177,2,0,3,10670,0,202,2023,7,31,18,40,13,4,45,18,48,2,2,1,14,1,0,0,0,0,4,9,1,70,4,2,21,55,45,4,14,31,31,1,11,1,1,11,11,3,3,10,31,2,3,1,2,2,2,4,2,362026588,1392551636,36.340719,139.43101,2,3,9999,9999,9,4
true,41,103,178,2,0,2,500,500,202,2023,8,15,9,45,12,4,57,18,32,2,3,1,7,1,0,0,0,0,6,9,1,70,1,2,21,25,55,3,3,31,31,1,1,1,1,11,11,10,10,10,30,3,3,2,2,2,2,4,2,361736298,1392913888,36.293416,139.487191,3,3,9999,9999,1,9
true,41,103,179,2,0,1,95000,0,202,2023,8,15,17,30,12,4,57,18,32,2,3,1,14,7,0,0,0,0,2,9,1,70,5,4,41,75,0,51,76,41,0,0,0,0,0,0,0,0,0,10,0,3,0,0,0,0,0,2,0,361801055,1393021974,36.300293,139.506104,3,3,0,0,0,0
true,41,103,180,2,0,1,10670,0,202,2023,8,1,7,39,12,4,46,18,47,3,2,1,14,7,0,0,0,0,3,9,1,70,4,2,21,55,25,4,4,31,31,1,1,1,1,11,11,3,3,10,30,3,3,2,2,2,2,4,2,361848319,1393220717,36.313422,139.539088,3,3,9999,9999,9,1
true,41,103,181,2,0,1,2930,0,202,2023,8,14,11,23,12,4,56,18,34,1,1,1,14,1,0,0,0,0,4,9,1,70,4,2,21,1,35,3,4,31,31,1,1,1,1,11,11,4,4,10,30,3,3,2,2,2,2,4,2,361909610,1392632010,36.319336,139.442225,2,3,9999,9999,1,5
true,41,103,182,2,0,1,500,426,202,2023,8,3,12,25,12,4,48,18,45,1,2,1,14,7,0,0,0,0,4,9,1,70,1,2,21,1,75,3,3,31,31,1,1,2,2,11,1,5,5,50,40,3,3,2,2,2,2,4,2,361742468,1392900280,36.29513,139.483411,5,3,9999,713,1,9
true,41,103,183,2,0,1,30000,0,202,2023,8,11,17,12,12,4,54,18,37,1,1,1,1,1,9,22,9,22,15,9,30,70,4,2,21,75,35,3,4,31,31,1,1,1,1,11,11,4,4,10,50,3,3,2,2,2,2,4,2,361944440,1392650622,36.329011,139.447395,6,1,112,9999,9,5
true,41,103,184,2,0,3,30000,0,202,2023,8,20,11,51,12,5,1,18,26,1,2,1,14,7,0,0,0,0,2,9,1,70,5,2,21,45,65,3,4,31,31,1,1,1,1,11,11,3,3,10,35,3,3,1,1,2,2,4,2,361839062,1392621273,36.310851,139.439243,1,3,9999,9999,1,9
true,41,103,185,2,0,1,22190,0,202,2023,8,21,17,20,12,5,2,18,25,1,2,1,14,7,0,0,0,0,3,9,1,70,4,2,41,75,0,51,76,41,0,0,0,0,0,0,0,0,0,20,0,3,0,0,0,0,0,2,0,362153086,1392333540,36.364746,139.39265,2,3,0,0,0,0
true,41,103,186,2,0,1,30000,0,202,2023,8,21,18,50,21,5,2,18,25,1,2,1,1,7,9,22,9,22,18,9,30,70,5,2,21,45,1,3,36,31,31,1,0,2,0,11,11,4,2,50,10,3,3,2,0,2,0,4,2,362020998,1392507540,36.339166,139.418761,2,3,9999,9999,1,5