資料区分,都道府県コード,警察署等コード,本票番号,事故内容,死者数,負傷者数,路線コード,地点コード,市区町村コード,発生日時　　年,発生日時　　月,発生日時　　日,発生日時　　時,発生日時　　分,昼夜,日の出時刻　　時,日の出時刻　　分,日の入り時刻　　時,日の入り時刻　　分,天候,地形,路面状態,道路形状,信号機,一時停止規制　標識（当事者A）,一時停止規制　表示（当事者A）,一時停止規制　標識（当事者B）,一時停止規制　表示（当事者B）,車道幅員,道路線形,衝突地点,ゾーン規制,中央分離帯施設等,歩車道区分,事故類型,年齢（当事者A）,年齢（当事者B）,当事者種別（当事者A）,当事者種別（当事者B）,用途別（当事者A）,用途別（当事者B）,車両形状等（当事者A）,車両形状等（当事者B）,オートマチック車（当事者A）,オートマチック車（当事者B）,サポカー（当事者A）,サポカー（当事者B）,速度規制（指定のみ）（当事者A）,速度規制（指定のみ）（当事者B）,車両の衝突部位（当事者A）,車両の衝突部位（当事者B）,車両の損壊程度（当事者A）,車両の損壊程度（当事者B）,エアバッグの装備（当事者A）,エアバッグの装備（当事者B）,サイドエアバッグの装備（当事者A）,サイドエアバッグの装備（当事者B）,人身損傷程度（当事者A）,人身損傷程度（当事者B）,地点　緯度（北緯）,地点　経度（東経）,地点　緯度（北緯）_1,地点　経度（東経）_1,曜日(発生年月日),祝日(発生年月日),認知機能検査経過日数（当事者A）,認知機能検査経過日数（当事者B）,運転練習の方法（当事者A）,運転練習の方法（当事者B）
true,41,103,187,2,0,1,30000,0,202,2023,8,23,6,51,12,5,4,18,22,1,3,1,1,1,9,22,0,0,19,9,20,70,4,3,41,25,0,51,76,41,0,0,0,0,0,0,0,0,0,0,0,4,0,0,0,0,0,2,0,362004240,1392640920,36.334511,139.4447,4,3,0,0,0,0
true,41,103,188,2,0,1,30000,0,202,2023,8,9,16,9,12,4,52,18,39,3,3,2,1,1,9,22,0,0,15,9,30,70,4,2,1,75,1,3,61,31,0,1,0,1,0,11,0,2,0,10,0,4,0,2,0,2,0,4,2,362045114,1392504343,36.345865,139.417873,4,3,403,0,9,0
true,41,103,189,2,0,1,30000,0,202,2023,7,16,20,0,22,4,34,18,59,3,2,2,1,7,1,22,9,22,15,9,30,70,5,3,21,45,65,3,3,31,31,1,1,1,1,11,11,10,10,10,40,2,2,2,2,2,2,4,2,361821946,1392815143,36.306096,139.470873,1,2,9999,9999,5,9
true,41,103,190,2,0,1,10400,0,202,2023,8,24,21,20,22,5,5,18,21,1,2,1,14,7,0,0,0,0,4,9,1,70,4,2,21,45,75,4,51,31,41,1,0,1,0,11,0,4,0,10,30,3,2,2,0,2,0,4,2,361929636,1392556129,36.324899,139.432258,5,3,9999,0,1,0
true,41,103,191,2,0,1,30000,0,202,2023,8,25,5,26,11,5,5,18,20,1,2,1,14,7,0,0,0,0,3,9,1,70,5,4,21,65,25,7,36,31,31,1,0,1,0,11,11,10,2,80,10,3,3,2,0,2,0,4,2,361939202,1392759130,36.327556,139.466425,6,3,9999,9999,9,1
true,41,103,192,2,0,1,10380,0,202,2023,8,9,20,52,22,4,52,18,39,1,1,1,1,1,9,22,9,22,15,9,30,70,5,2,21,45,35,3,4,31,31,1,1,2,2,11,11,4,3,20,50,2,2,2,1,2,2,2,4,361959423,1392657631,36.333173,139.449342,4,3,9999,9999,9,1
true,41,103,193,1,1,0,10670,0,202,2023,8,29,2,25,22,5,9,18,14,1,2,1,14,7,0,0,0,0,4,9,20,70,5,2,41,45,0,5,75,31,0,1,0,2,0,11,0,3,0,50,0,2,0,2,0,2,0,1,0,362148031,1392257760,36.363342,139.382711,3,3,9999,0,1,0
true,41,104,151,2,0,1,30000,0,204,2023,8,2,22,47,22,4,47,18,46,1,3,1,1,1,9,22,0,0,14,9,30,70,1,2,1,55,25,12,61,1,0,11,0,2,0,11,0,4,0,11,0,3,0,2,0,2,0,4,2,362049661,1393327392,36.347128,139.557609,4,3,9999,0,9,0
true,41,104,152,2,0,1,10160,0,204,2023,8,3,7,25,12,4,48,18,45,1,3,1,14,7,0,0,0,0,3,9,1,70,4,2,21,55,45,3,4,31,31,1,1,1,1,11,11,4,4,88,22,3,3,2,2,2,2,2,4,362002047,1393458105,36.333902,139.582807,5,3,9999,9999,9,9
true,41,104,153,2,0,1,30000,0,204,2023,8,4,5,40,11,4,48,18,44,1,3,1,14,7,0,0,0,0,3,9,20,70,5,2,41,35,0,51,76,41,0,0,0,0,0,0,0,0,0,20,0,3,0,0,0,0,0,2,0,361803514,1393228262,36.300976,139.541184,6,3,0,0,0,0
true,41,104,154,2,0,1,30000,0,204,2023,8,8,6,30,12,4,52,18,40,1,3,1,1,7,1,21,1,21,14,9,30,70,4,3,21,1,45,11,35,1,31,11,0,2,0,11,11,10,10,66,11,3,3,2,0,2,0,4,2,361851507,1393619947,36.314308,139.605541,3,3,9999,9999,5,9
true,41,104,155,2,0,1,30000,0,204,2023,8,9,19,58,22,4,52,18,39,3,1,2,14,7,0,0,0,0,3,9,1,70,4,2,21,45,25,3,4,31,31,1,1,1,1,11,11,10,10,30,10,3,3,2,2,2,2,2,4,361815059,1393441927,36.304183,139.578313,4,3,9999,9999,5,5
true,41,104,156,2,0,1,30000,0,204,2023,8,5,12,48,12,4,49,18,43,1,3,1,7,1,0,0,0,0,3,9,1,70,4,2,21,55,35,3,14,31,31,1,11,1,1,11,11,4,4,10,30,3,3,2,2,2,2,4,2,361728234,1393452417,36.291176,139.581227,7,3,9999,9999,9,1
true,41,104,157,2,0,1,10160,0,204,2023,5,18,13,56,12,4,32,18,43,1,1,1,14,7,0,0,0,0,1,9,1,70,5,2,21,1,35,3,3,31,31,1,1,1,1,11,11,4,4,77,55,3,3,2,2,2,2,4,2,361912639,1393529662,36.320178,139.591573,5,3,9999,9999,1,1
true,41,104,158,2,0,2,30000,0,204,2023,8,1,5,54,12,4,46,18,47,1,1,1,1,7,9,22,1,22,11,9,30,70,5,4,21,1,1,3,4,31,31,1,1,1,1,11,11,2,10,11,22,3,2,1,2,2,2,2,2,361918635,1393531074,36.321843,139.591965,3,3,9999,9999,5,1
true,41,104,159,2,0,1,30000,0,204,2023,7,14,15,40,12,4,33,19,0,1,3,1,1,7,9,22,9,22,14,9,30,70,5,4,21,25,1,17,3,31,31,11,1,1,1,11,1,10,4,50,70,3,3,2,2,2,2,4,2,362406433,1393432005,36.401787,139.575557,6,3,9999,9999,9,1
true,41,104,160,2,0,1,10160,0,204,2023,8,13,13,36,12,4,56,18,35,3,2,2,1,1,9,22,9,22,18,9,30,70,4,2,21,35,75,4,14,31,31,1,11,1,1,11,11,10,10,80,10,3,3,2,2,2,2,2,4,362006238,1393449912,36.335066,139.580531,1,3,9999,485,1,9
true,41,104,161,2,0,1,30000,0,204,2023,8,7,18,47,21,4,51,18,41,1,2,1,1,1,9,22,9,22,14,9,30,70,4,2,21,55,45,3,13,31,31,1,11,1,1,11,11,3,3,22,11,3,3,2,2,2,2,4,2,361816348,1393514276,36.304541,139.587299,2,3,9999,9999,9,1
true,41,104,162,2,0,1,21150,0,204,2023,8,12,15,33,12,4,55,18,36,1,2,1,14,7,0,0,0,0,2,9,1,70,4,2,21,65,65,3,3,31,31,1,1,1,1,11,11,3,3,11,33,2,2,2,2,2,2,4,2,361919938,1393505417,36.322205,139.584838,7,3,9999,9999,9,9
true,41,104,163,2,0,1,30000,0,204,2023,8,12,14,3,12,4,55,18,36,1,3,1,14,7,0,0,0,0,1,9,1,70,5,4,21,45,35,3,3,31,31,1,1,1,1,11,11,10,10,22,11,3,3,1,2,2,2,4,2,361727280,1393351754,36.290911,139.564376,7,3,9999,9999,1,5
true,41,104,164,2,0,1,30000,0,204,2023,8,18,12,45,12,5,0,18,29,1,1,1,14,7,0,0,0,0,2,9,20,70,5,4,41,75,0,51,76,41,0,0,0,0,0,0,0,0,0,40,0,3,0,0,0,0,0,2,0,361825272,1393449908,36.30702,139.58053,6,3,0,0,0,0
true,41,104,165,2,0,2,21260,0,204,2023,8,19,11,14,12,5,1,18,27,1,2,1,1,7,9,22,9,22,11,9,30,70,4,4,21,55,45,11,4,31,31,11,1,1,1,11,11,3,3,10,30,3,3,2,2,2,2,4,2,362254804,1393612668,36.38189,139.603519,7,3,9999,9999,5,1
true,41,104,166,2,0,2,30000,0,204,2023,8,17,8,29,12,4,59,18,30,1,2,1,1,1,9,22,9,22,11,9,30,70,4,2,21,1,35,3,4,31,31,1,1,1,1,11,11,3,3,11,22,3,3,2,2,2,2,4,2,361742994,1393546691,36.295276,139.596303,5,3,9999,9999,1,1
true,41,104,167,2,0,1,10090,0,204,2023,8,16,11,30,12,4,58,18,31,1,1,1,14,7,0,0,0,0,1,9,1,70,5,2,41,65,0,51,76,41,0,0,0,0,0,0,0,0,0,40,0,3,0,0,0,0,0,2,0,361759971,1393531024,36.299992,139.591951,4,3,0,0,0,0
true,41,104,168,2,0,1,30000,0,204,2023,8,25,18,0,13,5,5,18,20,1,1,1,1,7,9,22,1,21,11,9,30,70,5,4,21,75,1,14,51,31,41,11,0,2,0,11,0,10,0,11,44,3,3,2,0,2,0,4,2,361913498,1393608539,36.320416,139.602372,6,3,1038,0,9,0
true,41,104,169,2,0,1,30000,0,204,2023,8,23,16,50,12,5,4,18,22,2,1,1,14,7,0,0,0,0,2,9,1,70,5,4,21,55,35,17,3,31,31,11,1,2,1,11,11,10,10,30,30,3,3,2,2,2,2,4,2,361903101,1393500748,36.317528,139.583541,4,3,9999,9999,9,1
true,41,104,170,2,0,3,30000,0,204,2023,8,28,16,30,12,5,8,18,15,1,3,1,1,1,9,22,9,22,15,9,30,70,5,2,21,65,35,3,3,31,31,1,1,1,1,11,11,3,4,10,10,2,2,1,2,1,2,2,2,362028550,1393223377,36.341264,139.539827,2,3,9999,9999,9,1
true,41,104,171,2,0,1,30000,0,204,2023,8,28,16,5,12,5,8,18,15,1,1,1,14,7,0,0,0,0,1,9,1,70,5,4,41,75,0,51,76,41,0,0,0,0,0,0,0,0,0,30,0,3,0,0,0,0,0,2,0,361906730,1393547303,36.318536,139.596473,2,3,0,0,0,0
true,41,104,172,2,0,1,30000,0,204,2023,8,26,8,13,12,5,6,18,18,1,1,1,1,1,9,22,9,22,15,9,30,70,4,2,21,65,35,3,3,31,31,1,1,1,1,11,11,2,3,20,10,2,2,2,2,2,2,4,2,361840662,1393441858,36.311295,139.578294,7,3,9999,9999,9,1
true,41,104,173,2,0,1,10160,0,204,2023,8,26,12,22,12,5,6,18,18,1,2,1,14,7,0,0,0,0,4,9,1,70,4,2,21,1,55,3,4,31,31,1,1,1,1,11,11,10,4,80,70,3,3,2,2,2,2,4,2,362027387,1393426233,36.340941,139.573954,7,3,9999,9999,1,9
true,41,104,174,2,0,1,10670,0,204,2023,8,28,17,14,12,5,8,18,15,1,3,1,14,7,0,0,0,0,3,9,1,70,5,2,21,75,35,3,3,31,31,1,1,1,1,11,11,4,4,10,30,3,3,2,2,2,2,4,2,361906161,1393623926,36.318378,139.606646,2,3,718,9999,9,1
true,41,104,175,2,0,1,30000,0,204,2023,8,30,10,48,12,5,9,18,13,1,2,1,1,1,9,22,0,0,17,9,30,70,1,2,1,75,75,3,61,31,0,1,0,1,0,11,0,10,0,11,0,3,0,2,0,2,0,4,2,361731610,1393511861,36.292114,139.586628,4,3,279,0,9,0
true,41,104,176,2,0,1,30000,0,204,2023,8,31,8,0,12,5,10,18,11,1,2,1,1,1,9,22,9,22,14,9,30,70,4,2,21,35,1,4,51,31,41,1,0,1,0,11,0,10,0,11,44,3,3,2,0,2,0,4,2,362013218,1393319490,36.337005,139.555414,5,3,9999,0,1,0
true,41,105,98,2,0,1,20000,0,205,2023,8,1,17,21,12,4,46,18,47,2,3,1,14,7,0,0,0,0,3,9,1,70,5,3,21,75,65,4,51,31,41,1,0,1,0,11,0,10,0,80,30,3,2,2,0,2,0,4,2,363148065,1393902837,36.530018,139.650788,3,3,726,0,9,0
true,41,105,99,2,0,1,30000,0,205,2023,8,1,13,30,12,4,46,18,47,1,1,1,1,7,9,22,9,22,15,9,30,70,5,4,21,35,45,3,3,31,31,1,1,1,1,11,11,10,10,50,50,3,3,2,2,2,2,4,2,363336265,1394612593,36.560074,139.770165,3,3,9999,9999,9,1
true,41,105,100,2,0,1,30000,0,205,2023,8,7,19,0,21,4,51,18,41,1,2,1,1,7,1,21,9,22,11,9,30,70,5,4,21,25,1,3,4,31,31,1,1,1,2,11,11,10,10,10,70,3,3,2,2,2,2,4,2,363313108,1394603886,36.553641,139.767746,2,3,9999,9999,1,1
true,41,105,101,2,0,2,99000,0,205,2023,8,11,9,58,12,4,54,18,37,1,2,1,0,7,0,0,0,0,0,0,20,70,0,4,41,75,0,4,75,31,0,1,0,1,0,11,0,10,0,81,0,2,0,2,0,2,0,4,0,363156723,1394453693,36.532423,139.748248,6,1,848,0,9,0
true,41,105,102,2,0,1,30000,0,205,2023,8,13,19,41,22,4,56,18,35,2,2,1,11,7,0,0,0,0,1,9,1,70,4,2,1,1,65,51,61,41,0,0,0,0,0,0,0,0,0,10,0,4,0,0,0,0,0,4,2,363326374,1394514551,36.557326,139.754042,1,3,0,0,0,0
true,41,105,103,2,0,2,10140,0,205,2023,8,15,15,59,12,4,57,18,32,2,3,1,1,7,9,22,9,22,15,9,30,70,4,2,21,75,55,4,4,31,31,1,1,1,1,11,11,3,3,50,50,2,2,1,1,2,2,4,2,363626748,1394016198,36.60743,139.671166,3,3,306,9999,9,9
true,41,105,104,2,0,1,30000,0,205,2023,8,15,23,10,22,4,57,18,32,2,3,2,14,7,0,0,0,0,2,8,1,70,4,3,41,75,0,51,76,41,0,0,0,0,0,0,0,0,0,20,0,3,0,0,0,0,0,2,0,363514089,1394348331,36.587247,139.730092,3,3,0,0,0,0
true,41,105,105,2,0,1,30000,0,205,2023,8,9,10,50,12,4,52,18,39,2,3,1,14,7,0,0,0,0,1,9,1,70,5,4,1,45,35,4,61,31,0,1,0,1,0,11,0,10,0,88,0,3,0,2,0,2,0,4,2,363409887,1394632725,36.569413,139.775757,4,3,9999,0,1,0
true,41,105,106,2,0,1,10060,0,205,2023,8,21,19,27,22,5,2,18,25,1,2,1,14,7,0,0,0,0,4,8,1,70,1,1,1,1,45,51,61,41,0,0,0,0,0,0,0,0,0,10,0,2,0,0,0,0,0,4,2,363237345,1394912108,36.543707,139.82003,2,3,0,0,0,0
true,41,105,107,2,0,1,3520,0,205,2023,8,23,14,52,12,5,4,18,22,1,3,2,11,7,0,0,0,0,2,1,1,70,4,2,41,35,0,13,75,31,0,11,0,1,0,11,0,5,0,10,0,2,0,2,0,2,0,4,0,363017435,1393710848,36.504843,139.61968,4,3,9999,0,5,0
true,41,105,108,2,0,1,30000,0,205,2023,8,18,17,13,12,5,0,18,29,2,1,1,14,7,0,0,0,0,2,9,1,70,4,2,21,25,1,3,4,31,31,1,1,1,1,11,11,4,4,30,10,3,3,2,2,2,2,2,4,363247767,1394602377,36.546602,139.767327,6,3,9999,9999,1,1
true,41,105,109,2,0,1,30000,0,205,2023,8,18,10,19,12,5,0,18,29,2,3,1,14,7,0,0,0,0,2,9,1,70,5,4,21,65,45,3,4,31,31,1,1,1,1,11,11,2,2,20,10,3,3,2,2,2,2,4,2,363247389,1394600163,36.546497,139.766712,6,3,9999,9999,9,1
true,41,105,110,2,0,1,30000,0,205,2023,8,24,9,35,12,5,5,18,21,1,1,1,14,1,0,0,0,0,3,9,1,70,4,2,21,75,45,3,4,31,31,1,1,1,1,11,11,4,4,11,33,3,3,2,2,2,2,4,2,363323378,1394556462,36.556494,139.765684,5,3,814,9999,9,9
true,41,106,114,2,0,1,30000,0,209,2023,8,3,7,32,12,4,48,18,45,1,3,1,1,7,9,22,1,21,11,9,30,70,5,4,21,35,1,4,51,31,41,1,0,1,0,11,0,10,0,10,40,2,2,2,0,2,0,4,2,362752445,1395832722,36.464568,139.975756,5,3,9999,0,5,0
true,41,106,115,2,0,1,2940,0,209,2023,8,4,11,13,12,4,48,18,44,1,1,1,1,1,9,22,0,0,18,9,30,70,1,2,1,65,75,3,61,31,0,1,0,1,0,11,0,10,0,10,0,3,0,2,0,2,0,4,2,362540490,1395933587,36.427914,139.992663,6,3,9999,0,9,0
true,41,106,116,2,0,1,10460,0,209,2023,8,5,13,26,12,4,49,18,43,1,2,1,14,7,0,0,0,0,5,9,1,70,1,2,41,35,0,34,75,31,0,0,0,0,0,11,0,4,0,20,0,1,0,0,0,0,0,2,0,362604963,1395707736,36.434712,139.952149,7,3,9999,0,1,0
true,41,106,117,2,0,1,2940,0,209,2023,8,10,13,28,12,4,53,18,38,1,3,1,1,7,9,22,9,22,17,9,30,70,1,2,21,25,65,3,4,31,31,1,1,1,1,11,11,5,5,50,70,2,2,2,2,2,2,4,2,362535612,1395912242,36.426559,139.986734,5,2,9999,9999,1,1
true,41,106,118,2,0,1,2940,0,209,2023,8,14,5,15,11,4,56,18,34,1,3,1,1,7,1,22,9,22,15,9,30,70,4,2,21,75,75,13,51,31,41,11,0,1,0,11,0,5,0,10,40,3,1,2,0,2,0,4,2,362303343,1395751466,36.384262,139.964296,2,3,136,0,9,0
true,41,106,119,2,0,1,10470,0,209,2023,8,15,15,43,12,4,57,18,32,2,1,2,1,1,9,22,9,22,18,9,30,70,4,2,21,55,75,4,4,31,31,1,1,1,1,11,11,4,2,40,10,2,1,2,1,2,2,4,2,362633814,1395957246,36.442726,139.999235,3,3,9999,720,5,9
true,41,106,120,2,0,1,30000,0,209,2023,8,17,10,45,12,4,59,18,30,1,3,1,1,7,2,21,9,22,15,9,30,70,4,4,21,35,1,3,34,31,31,1,0,1,0,11,11,10,4,10,11,2,2,2,0,2,0,4,2,362749529,1400037058,36.463758,140.010294,5,3,9999,9999,1,1
true,41,106,121,2,0,1,30000,0,209,2023,8,17,13,0,12,4,59,18,30,1,1,1,14,7,0,0,0,0,3,9,1,70,5,4,41,1,0,51,75,41,0,0,0,0,0,0,0,0,0,10,0,3,0,0,0,0,0,2,0,362251712,1395806046,36.381031,139.968346,5,3,0,0,0,0
true,41,106,122,2,0,1,99000,0,209,2023,8,8,14,24,12,4,52,18,40,1,3,1,0,7,0,0,0,0,0,0,20,70,0,4,21,1,35,4,4,31,31,1,1,1,1,11,11,10,10,70,60,3,3,2,2,2,2,4,2,362800318,1395929252,36.466755,139.991459,3,3,9999,9999,5,1
true,41,106,123,2,0,1,30000,0,209,2023,8,22,11,20,12,5,3,18,24,1,3,1,14,7,0,0,0,0,3,9,1,70,5,3,41,1,0,51,75,41,0,0,0,0,0,0,0,0,0,20,0,3,0,0,0,0,0,2,0,362854876,1395925152,36.48191,139.99032,3,3,0,0,0,0
true,41,106,124,2,0,1,30000,0,345,2023,8,27,20,0,22,5,7,18,17,2,3,1,14,7,0,0,0,0,3,9,1,70,5,4,41,75,0,51,76,41,0,0,0,0,0,0,0,0,0,20,0,3,0,0,0,0,0,2,0,363253588,1400418743,36.548219,140.071873,1,3,0,0,0,0
true,41,106,125,2,0,1,30000,0,209,2023,8,28,7,23,12,5,8,18,15,1,3,1,1,7,9,22,9,22,17,9,30,70,4,2,21,25,1,3,51,31,41,1,0,1,0,11,0,10,0,80,0,3,3,2,0,2,0,4,2,362718166,1395947994,36.455046,139.996665,2,3,9999,0,1,0
true,41,106,126,2,0,1,10690,0,345,2023,8,23,9,0,12,5,4,18,22,2,3,1,14,7,0,0,0,0,4,9,1,70,1,2,21,1,25,3,3,31,31,1,1,1,1,11,11,5,5,10,30,3,3,2,2,2,2,4,2,363247396,1400316967,36.546499,140.054713,4,3,9999,9999,5,1
true,41,106,127,2,0,1,30000,0,209,2023,8,28,17,53,13,5,8,18,15,2,3,1,14,7,0,0,0,0,3,9,1,70,4,2,1,25,1,4,61,31,0,1,0,1,0,11,0,4,0,80,0,3,0,2,0,2,0,4,2,362253018,1395813829,36.381394,139.970508,2,3,9999,0,1,0
true,41,106,128,2,0,1,30000,0,209,2023,8,28,19,4,21,5,8,18,15,2,3,1,14,7,0,0,0,0,2,9,1,70,5,4,41,55,0,51,76,41,0,0,0,0,0,0,0,0,0,40,0,3,0,0,0,0,0,2,0,362703316,1395912628,36.450921,139.986841,2,3,0,0,0,0
true,41,106,129,2,0,2,10460,0,209,2023,8,29,13,28,12,5,9,18,14,1,2,1,14,7,0,0,0,0,4,9,1,70,4,1,21,65,25,3,3,31,31,1,1,1,1,11,11,4,4,10,30,2,2,2,2,2,2,4,2,362652930,1400023890,36.448036,140.006636,3,3,9999,9999,9,1
true,41,106,130,2,0,1,10690,0,345,2023,8,29,23,3,22,5,9,18,14,1,3,1,14,1,0,0,0,0,5,9,1,70,1,2,21,75,75,3,14,31,31,1,11,1,1,11,11,10,10,30,10,2,2,2,2,2,2,2,4,363246118,1400325099,36.546144,140.056972,3,3,203,9999,9,9
true,41,106,131,2,0,1,30000,0,209,2023,8,31,12,5,12,5,10,18,11,1,1,1,14,7,0,0,0,0,4,9,1,70,4,2,41,75,0,51,76,41,0,0,0,0,0,0,0,0,0,0,0,3,0,0,0,0,0,2,0,362627920,1400051890,36.441089,140.014414,5,3,0,0,0,0
true,41,107,232,2,0,1,40,835,208,2023,8,1,9,25,12,4,46,18,47,2,2,2,14,7,0,0,0,0,3,9,1,70,4,2,21,35,75,14,51,31,41,11,0,1,0,11,0,10,0,50,30,3,3,2,0,2,0,4,2,362119915,1394945998,36.355532,139.829444,3,3,9999,0,1,0
true,41,107,233,2,0,2,40,763,208,2023,7,17,23,55,22,4,35,18,58,1,1,1,7,1,0,0,0,0,4,9,1,70,5,2,21,45,45,3,4,31,31,1,1,1,2,11,11,4,4,10,30,3,3,2,2,2,2,4,2,361759140,1394719885,36.299761,139.788857,2,1,9999,9999,1,1
true,41,107,234,2,0,1,500,708,208,2023,7,30,9,30,12,4,44,18,49,1,2,1,14,7,0,0,0,0,4,9,1,70,1,2,21,25,0,3,0,31,0,1,0,1,0,11,0,10,0,30,0,3,0,2,0,2,0,2,0,361834956,1394624897,36.30971,139.773583,1,3,9999,0,1,0
true,41,107,235,2,0,1,30000,0,208,2023,7,29,17,20,12,4,44,18,50,1,1,1,1,7,1,21,9,22,11,9,30,70,5,4,21,45,35,4,4,31,31,1,1,1,1,11,11,10,10,80,50,3,3,2,2,2,2,4,2,361800562,1394900682,36.300156,139.816856,7,3,9999,9999,1,9
true,41,107,236,2,0,2,99000,0,208,2023,7,31,8,40,12,4,45,18,48,1,3,1,0,7,0,0,0,0,0,0,20,70,0,4,21,45,55,3,4,31,31,1,1,1,1,11,11,10,10,10,30,3,3,2,2,2,2,4,2,362103118,1395036964,36.350866,139.843601,2,3,9999,9999,1,4
true,41,107,237,2,0,2,30000,0,208,2023,7,21,19,30,21,4,37,18,56,1,1,1,1,1,9,22,9,22,18,9,30,70,4,2,21,35,35,3,3,31,31,1,1,1,1,11,11,3,3,10,30,3,3,2,2,2,2,4,2,361754485,1394828904,36.298468,139.808029,6,3,9999,9999,4,1
true,41,107,238,2,0,1,30000,0,208,2023,8,5,19,11,21,4,49,18,43,1,3,1,14,7,0,0,0,0,3,9,1,70,5,4,1,45,45,4,61,31,0,1,0,1,0,11,0,3,0,10,0,2,0,2,0,2,0,4,2,362006544,1394718906,36.335151,139.788585,7,3,9999,0,9,0
true,41,107,239,2,0,1,30000,0,208,2023,8,5,12,50,12,4,49,18,43,1,3,1,1,7,1,21,9,22,15,9,30,70,4,2,21,35,55,4,4,31,31,1,1,1,1,11,11,10,2,50,70,3,3,2,2,2,2,4,2,361511286,1394549468,36.253135,139.763741,7,3,9999,9999,1,9
true,41,107,240,2,0,2,20000,0,208,2023,7,31,11,55,12,4,45,18,48,1,2,1,14,7,0,0,0,0,4,9,1,70,4,2,21,1,45,3,3,31,31,1,1,1,1,11,11,3,3,10,30,3,3,2,2,2,2,4,2,361853298,1394807638,36.314805,139.802122,2,3,9999,9999,1,1
true,41,107,241,2,0,1,22640,0,208,2023,8,9,0,30,22,4,52,18,39,2,1,1,14,7,0,0,0,0,3,8,1,70,4,2,41,1,0,51,75,41,0,0,0,0,0,0,0,0,0,10,0,3,0,0,0,0,0,2,0,361902460,1394826856,36.31735,139.80746,4,3,0,0,0,0
true,41,107,242,2,0,4,30000,0,208,2023,7,30,15,33,12,4,44,18,49,1,2,1,7,7,0,0,0,0,4,9,1,70,4,2,21,35,55,3,3,31,31,1,1,1,1,11,11,4,4,10,31,2,2,2,2,2,2,4,2,361545403,1394605930,36.262612,139.768314,1,3,9999,9999,1,9
true,41,107,243,2,0,1,22650,0,208,2023,8,10,14,10,12,4,53,18,38,1,1,1,1,1,9,22,0,0,14,9,30,70,1,3,1,55,65,14,61,31,0,11,0,2,0,11,0,3,0,80,0,3,0,2,0,2,0,4,2,361817471,1394757224,36.304853,139.799229,5,2,9999,0,9,0
true,41,107,244,2,0,1,500,698,208,2023,8,12,17,22,12,4,55,18,36,1,2,1,14,7,0,0,0,0,3,9,1,70,1,2,21,65,65,3,4,31,31,1,1,1,1,11,11,10,10,38,10,3,3,2,2,2,2,2,4,361831896,1394547192,36.30886,139.763109,7,3,9999,9999,9,9
true,41,107,245,2,0,2,10330,0,208,2023,8,1,10,27,12,4,46,18,47,3,3,2,1,7,9,22,9,22,14,9,30,70,4,2,21,75,55,4,4,31,31,1,1,1,1,11,11,4,4,10,72,2,2,2,2,2,2,4,2,362034685,1395031099,36.342968,139.841972,3,3,874,9999,9,9
true,41,107,246,2,0,1,30000,0,364,2023,8,10,13,30,12,4,53,18,38,1,1,1,1,1,9,22,9,22,15,9,30,70,4,2,21,65,1,3,51,31,41,1,0,1,0,11,0,4,0,40,10,3,3,2,0,2,0,4,2,361402252,1394435196,36.233959,139.74311,5,2,9999,0,9,0
true,41,107,247,2,0,1,30000,0,208,2023,8,17,15,48,12,4,59,18,30,1,3,1,14,7,0,0,0,0,3,9,1,70,5,2,41,65,0,51,76,41,0,0,0,0,0,0,0,0,0,20,0,3,0,0,0,0,0,2,0,361826125,1395012988,36.307257,139.836941,5,3,0,0,0,0
true,41,107,248,2,0,1,500,780,208,2023,8,18,23,25,22,5,0,18,29,2,3,1,1,1,9,22,0,0,18,9,30,70,1,2,41,35,0,51,76,41,0,0,0,0,0,0,0,0,0,20,0,3,0,0,0,0,0,2,0,361751228,1394926386,36.297563,139.823996,6,3,0,0,0,0
true,41,107,249,2,0,2,500,723,208,2023,8,18,12,47,12,5,0,18,29,1,3,1,1,8,9,22,9,22,17,9,30,70,1,2,21,55,25,11,3,31,31,11,1,1,1,11,11,10,10,80,65,3,3,2,2,2,2,4,2,361818583,1394718582,36.305162,139.788495,6,3,9999,9999,9,1
true,41,107,250,2,0,1,20000,0,208,2023,8,10,15,55,12,4,53,18,38,1,1,1,1,1,9,22,9,22,15,9,30,70,4,2,21,65,35,3,4,31,31,1,1,1,1,11,11,4,4,10,30,3,3,2,2,2,2,4,2,361900592,1394759186,36.316831,139.799774,5,2,9999,9999,9,5
true,41,107,251,2,0,1,30000,0,208,2023,8,19,9,15,12,5,1,18,27,1,1,1,14,1,0,0,0,0,3,9,1,70,4,2,21,55,25,3,3,31,31,1,1,1,1,11,11,4,4,10,30,3,3,2,2,2,2,4,2,361741017,1394828300,36.294727,139.807861,7,3,9999,9999,9,1
true,41,107,252,2,0,1,10330,0,208,2023,8,22,18,30,21,5,3,18,24,1,3,1,14,7,0,0,0,0,3,9,1,70,5,2,41,65,0,51,76,41,0,0,0,0,0,0,0,0,0,20,0,3,0,0,0,0,0,2,0,362116614,1394909542,36.354615,139.819317,3,3,0,0,0,0