資料区分,都道府県コード,警察署等コード,本票番号,事故内容,死者数,負傷者数,路線コード,地点コード,市区町村コード,発生日時　　年,発生日時　　月,発生日時　　日,発生日時　　時,発生日時　　分,昼夜,日の出時刻　　時,日の出時刻　　分,日の入り時刻　　時,日の入り時刻　　分,天候,地形,路面状態,道路形状,信号機,一時停止規制　標識（当事者A）,一時停止規制　表示（当事者A）,一時停止規制　標識（当事者B）,一時停止規制　表示（当事者B）,車道幅員,道路線形,衝突地点,ゾーン規制,中央分離帯施設等,歩車道区分,事故類型,年齢（当事者A）,年齢（当事者B）,当事者種別（当事者A）,当事者種別（当事者B）,用途別（当事者A）,用途別（当事者B）,車両形状等（当事者A）,車両形状等（当事者B）,オートマチック車（当事者A）,オートマチック車（当事者B）,サポカー（当事者A）,サポカー（当事者B）,速度規制（指定のみ）（当事者A）,速度規制（指定のみ）（当事者B）,車両の衝突部位（当事者A）,車両の衝突部位（当事者B）,車両の損壊程度（当事者A）,車両の損壊程度（当事者B）,エアバッグの装備（当事者A）,エアバッグの装備（当事者B）,サイドエアバッグの装備（当事者A）,サイドエアバッグの装備（当事者B）,人身損傷程度（当事者A）,人身損傷程度（当事者B）,地点　緯度（北緯）,地点　経度（東経）,地点　緯度（北緯）_1,地点　経度（東経）_1,曜日(発生年月日),祝日(発生年月日),認知機能検査経過日数（当事者A）,認知機能検査経過日数（当事者B）,運転練習の方法（当事者A）,運転練習の方法（当事者B）
true,41,107,253,1,1,0,30000,0,364,2023,8,23,1,10,22,5,4,18,22,2,3,1,13,7,0,0,0,0,3,6,1,70,4,3,41,35,0,17,75,31,0,11,0,1,0,11,0,4,0,10,0,1,0,1,0,2,0,1,0,361513543,1394404258,36.253762,139.734516,4,3,9999,0,1,0
true,41,107,254,2,0,1,30000,0,208,2023,8,20,22,40,22,5,1,18,26,1,1,1,14,7,0,0,0,0,3,9,1,70,4,2,21,45,1,3,4,31,31,1,1,1,1,11,11,10,10,80,80,3,2,2,1,2,2,2,4,361530809,1394557024,36.258558,139.76584,1,3,9999,9999,1,1
true,41,107,255,2,0,2,10330,0,208,2023,8,19,16,33,12,5,1,18,27,2,3,1,1,1,9,22,9,22,14,9,30,70,4,2,21,35,25,3,14,31,31,1,11,1,1,11,11,10,4,81,84,3,3,2,2,2,2,4,2,361958375,1395037849,36.332882,139.843847,7,3,9999,9999,9,1
true,41,107,256,2,0,1,22650,0,208,2023,8,24,8,40,12,5,5,18,21,1,2,1,1,2,1,21,9,22,15,9,30,70,5,2,21,45,45,3,51,31,41,1,0,1,0,11,0,3,0,10,40,3,3,2,0,2,0,4,2,361746338,1394730757,36.296205,139.791877,5,3,9999,0,9,0
true,41,107,257,2,0,1,99000,0,208,2023,7,14,21,54,22,4,33,19,0,2,3,1,0,7,0,0,0,0,0,0,20,70,0,4,21,75,35,3,13,31,31,1,11,1,1,11,11,10,10,80,52,3,3,2,2,2,2,4,2,361830664,1394539563,36.308518,139.76099,6,3,491,9999,9,5
true,41,107,258,2,0,1,10330,0,208,2023,8,23,18,45,21,5,4,18,22,1,2,1,1,1,9,21,9,21,15,9,30,70,4,1,21,65,1,4,31,31,31,1,0,1,0,11,11,3,4,10,10,3,3,2,0,2,0,4,2,361710612,1394820005,36.286281,139.805557,4,3,9999,9999,1,1
true,41,107,259,2,0,1,30000,0,208,2023,8,2,12,48,12,4,47,18,46,1,2,1,1,1,9,22,9,22,15,9,30,70,4,2,21,75,35,3,3,31,31,1,1,1,1,11,11,4,10,70,10,3,3,2,2,2,2,4,2,361800576,1394917771,36.30016,139.821603,4,3,392,9999,9,1
true,41,107,260,2,0,2,10330,0,208,2023,8,23,12,0,12,5,4,18,22,3,2,2,1,7,1,21,9,22,14,9,30,70,4,2,21,75,35,4,4,31,31,1,1,1,1,11,11,10,4,10,20,2,2,2,2,2,2,4,2,361823360,1394542458,36.306489,139.761794,4,3,565,9999,9,5
true,41,107,261,2,0,1,30000,0,208,2023,8,25,15,35,12,5,5,18,20,1,1,1,1,1,9,22,0,0,15,9,30,70,5,4,41,45,0,51,76,41,0,0,0,0,0,0,0,0,0,10,0,3,0,0,0,0,0,2,0,361811466,1394807697,36.303185,139.802138,6,3,0,0,0,0
true,41,107,262,2,0,1,30000,0,208,2023,8,26,17,56,13,5,6,18,18,1,3,1,14,7,0,0,0,0,2,9,1,70,5,4,1,1,55,3,61,31,0,1,0,1,0,11,0,10,0,80,0,3,0,2,0,2,0,4,2,361524592,1394937679,36.256831,139.827133,7,3,9999,0,5,0
true,41,107,263,2,0,1,40,752,208,2023,8,27,16,20,12,5,7,18,17,1,3,1,14,7,0,0,0,0,2,9,1,70,5,2,41,55,0,51,76,41,0,0,0,0,0,0,0,0,0,20,0,3,0,0,0,0,0,2,0,361728835,1394710316,36.291343,139.786199,1,3,0,0,0,0
true,41,107,264,2,0,1,30000,0,208,2023,8,25,18,5,13,5,5,18,20,1,3,1,14,7,0,0,0,0,3,9,1,70,5,4,21,25,65,3,4,31,31,1,1,1,1,11,11,10,10,20,10,3,3,2,2,2,2,2,4,361709211,1394647683,36.285892,139.779912,6,3,9999,9999,1,9
true,41,107,265,2,0,1,99000,0,208,2023,8,25,21,5,22,5,5,18,20,2,2,1,0,7,0,0,0,0,0,0,20,70,0,4,21,25,25,3,14,31,31,1,11,1,2,11,11,10,10,40,70,3,3,2,2,2,2,4,2,361801631,1394810044,36.300453,139.80279,6,3,9999,9999,1,1
true,41,107,266,2,0,1,41,807,208,2023,8,17,19,35,22,4,59,18,30,1,2,1,14,7,0,0,0,0,5,9,1,70,1,2,21,1,1,3,33,31,31,1,0,1,0,11,11,5,10,30,10,3,3,2,0,2,0,2,4,362121506,1395128778,36.355974,139.857994,5,3,9999,9999,1,1
true,41,107,267,2,0,1,30000,0,208,2023,7,25,19,5,21,4,40,18,53,1,2,1,1,1,9,22,0,0,15,9,30,70,4,2,1,75,25,4,61,31,0,1,0,1,0,11,0,4,0,10,0,3,0,2,0,2,0,4,2,361831756,1394912187,36.308821,139.820052,3,3,278,0,9,0
true,41,107,268,2,0,1,500,780,208,2023,7,29,9,4,12,4,44,18,50,1,2,1,14,1,0,0,0,0,6,9,1,70,1,2,21,45,35,3,14,31,31,1,11,1,1,1,11,10,10,80,61,3,3,2,1,2,1,4,2,361748952,1395001957,36.296931,139.833877,7,3,9999,9999,1,5
true,41,107,269,2,0,1,500,706,208,2023,8,30,5,27,11,5,9,18,13,1,2,1,14,7,0,0,0,0,3,9,1,70,1,2,21,35,75,17,14,31,31,11,11,1,1,11,11,5,5,30,10,3,2,2,2,2,2,2,4,361833552,1394617692,36.30932,139.771581,4,3,9999,425,5,9
true,41,107,270,2,0,1,10310,0,208,2023,8,31,13,52,12,5,10,18,11,1,2,1,14,7,0,0,0,0,3,9,1,70,4,2,41,25,0,51,76,41,0,0,0,0,0,0,0,0,0,40,0,3,0,0,0,0,0,2,0,361907954,1394746244,36.318876,139.796179,5,3,0,0,0,0
true,41,108,61,2,0,1,99000,0,210,2023,4,1,10,0,12,5,28,18,2,1,2,1,0,7,0,0,0,0,0,0,20,70,0,4,21,75,25,4,4,31,31,1,1,1,1,1,1,10,10,10,30,3,3,2,2,2,2,4,2,365240728,1400156118,36.87798,140.032255,7,3,318,9999,9,1
true,41,108,62,2,0,1,30000,0,210,2023,8,4,18,5,13,4,48,18,44,1,1,1,1,7,9,22,9,22,15,9,30,70,1,2,21,45,55,3,4,31,31,1,1,1,1,1,1,4,4,30,10,2,2,2,2,2,2,2,4,365121020,1400101315,36.855839,140.017032,6,3,9999,9999,5,4
true,41,108,63,2,0,1,10530,0,210,2023,8,8,8,28,12,4,52,18,40,1,1,1,7,1,0,0,0,0,3,9,1,70,4,2,21,55,1,3,4,31,31,1,1,1,2,11,11,3,3,11,31,3,3,2,2,2,2,4,4,365212796,1400129525,36.870221,140.024868,3,3,9999,9999,9,1
true,41,108,64,2,0,3,21700,0,210,2023,8,12,16,36,12,4,55,18,36,1,3,1,1,7,9,22,9,22,15,9,30,70,4,3,21,55,65,3,4,31,31,1,1,1,1,11,11,4,4,10,13,1,1,1,1,2,2,4,2,365034559,1400448756,36.842933,140.08021,7,3,9999,9999,9,4
true,41,108,65,2,0,1,30000,0,210,2023,8,16,19,8,21,4,58,18,31,2,2,2,14,7,0,0,0,0,3,9,1,70,4,2,41,25,0,51,76,41,0,0,0,0,0,0,0,0,0,10,0,2,0,0,0,0,0,2,0,365227469,1400046325,36.874297,140.012868,4,3,0,0,0,0
true,41,108,66,2,0,2,30000,0,210,2023,8,17,9,50,12,4,59,18,30,1,2,1,1,7,9,22,9,22,14,9,30,70,4,2,21,35,35,13,4,31,31,11,1,2,1,11,11,4,4,10,10,3,2,2,1,2,2,2,2,365110606,1400027864,36.852946,140.00774,5,3,9999,9999,1,9
true,41,108,67,1,1,0,4610,0,210,2023,8,21,21,2,22,5,2,18,25,1,3,1,1,7,9,22,0,0,14,9,30,70,4,2,1,25,75,3,61,31,0,1,0,1,0,11,0,3,0,10,0,2,0,2,0,2,0,4,1,365117204,1395958798,36.854779,139.999666,2,3,9999,0,1,0
true,41,108,68,2,0,1,30000,0,210,2023,8,19,8,30,12,5,1,18,27,1,2,1,1,7,9,22,9,22,15,9,30,70,5,3,21,75,25,3,4,31,31,1,1,1,1,11,11,10,10,10,30,3,1,2,2,2,2,4,2,365102776,1400150416,36.850771,140.030671,7,3,163,9999,9,1
true,41,108,69,2,0,1,30000,0,210,2023,8,23,13,40,12,5,4,18,22,1,1,1,14,7,0,0,0,0,5,9,1,70,1,2,41,65,0,52,75,41,0,0,0,0,0,0,0,0,0,44,0,3,0,0,0,0,0,2,0,365120268,1400107810,36.85563,140.018836,4,3,0,0,0,0
true,41,109,18,2,0,1,1200,0,206,2023,8,2,16,48,12,4,47,18,46,2,3,2,13,7,0,0,0,0,3,2,1,70,4,3,41,25,0,51,75,41,0,0,0,0,0,0,0,0,0,0,0,3,0,0,0,0,0,2,0,364533145,1392702617,36.759207,139.450727,4,3,0,0,0,0
true,41,109,19,2,0,1,1200,0,206,2023,8,2,16,48,12,4,47,18,46,2,3,2,13,7,0,0,0,0,3,2,1,70,4,3,41,1,0,51,75,41,0,0,0,0,0,0,0,0,0,0,0,2,0,0,0,0,0,2,0,364533761,1392701901,36.759378,139.450528,4,3,0,0,0,0
true,41,110,50,2,0,1,4610,0,206,2023,8,1,9,34,12,4,46,18,47,3,3,1,1,1,9,22,9,22,18,9,30,70,1,2,21,65,25,4,51,31,41,1,0,1,0,11,0,10,0,10,40,3,3,2,0,2,0,4,2,364343043,1394217993,36.728623,139.704998,3,3,6,0,9,0
true,41,110,51,2,0,1,1210,0,206,2023,8,3,15,50,12,4,48,18,45,1,3,1,14,7,0,0,0,0,3,9,1,70,4,2,21,75,45,3,4,31,31,1,1,1,1,11,11,3,3,30,40,3,3,2,2,2,2,4,2,363825577,1394333650,36.640438,139.726014,5,3,219,9999,9,9
true,41,110,52,2,0,1,95000,0,206,2023,8,7,11,35,12,4,51,18,41,1,2,1,14,7,0,0,0,0,2,8,1,70,5,2,41,1,0,51,76,41,0,0,0,0,0,0,0,0,0,40,0,3,0,0,0,0,0,2,0,364316709,1394121599,36.721308,139.689333,2,3,0,0,0,0
true,41,110,53,2,0,2,1190,0,206,2023,8,22,16,8,12,5,3,18,24,3,3,2,14,7,0,0,0,0,1,9,1,70,4,3,21,25,55,3,3,31,31,1,1,1,1,11,11,10,10,10,30,3,3,2,2,2,2,4,2,364122675,1394604362,36.689632,139.767878,3,3,9999,9999,1,5
true,41,110,54,2,0,1,1210,0,206,2023,8,10,17,40,13,4,53,18,38,2,3,1,14,7,0,0,0,0,3,9,1,70,4,2,21,25,1,3,3,31,31,1,1,1,1,11,11,4,4,80,60,2,3,2,2,2,2,4,2,364944602,1394253611,36.829056,139.714892,5,2,9999,9999,1,1
true,41,110,55,2,0,1,30000,0,206,2023,8,26,9,45,12,5,6,18,18,1,3,1,14,7,0,0,0,0,3,9,1,70,4,2,21,25,1,4,51,31,41,1,0,1,0,1,0,10,0,80,30,3,1,2,0,2,0,4,2,364138969,1394426246,36.694158,139.740624,7,3,9999,0,1,0
true,41,110,56,2,0,1,1190,0,206,2023,8,15,10,31,12,4,57,18,32,3,2,2,14,7,0,0,0,0,3,9,1,70,4,2,21,75,1,3,4,31,31,1,1,1,1,11,11,3,3,30,10,2,3,2,2,2,2,2,4,364330151,1394108002,36.725042,139.685556,3,3,130,9999,9,1
true,41,111,139,2,0,2,30000,0,213,2023,8,1,9,50,12,4,46,18,47,2,3,1,14,7,0,0,0,0,3,9,1,70,5,4,21,55,1,3,3,31,31,1,1,1,1,11,11,10,10,10,31,3,3,2,2,2,2,4,2,365309132,1395756081,36.88587,139.965578,3,3,9999,9999,9,5
true,41,111,140,2,0,1,30000,0,213,2023,7,15,14,33,12,4,33,18,59,1,3,1,1,7,9,22,9,22,15,9,30,70,4,3,21,45,65,3,3,31,31,1,1,1,1,11,11,4,4,80,50,2,2,1,1,2,2,4,2,365935077,1400135879,36.993077,140.026633,7,3,9999,9999,1,4
true,41,111,141,2,0,1,30000,0,407,2023,8,5,17,30,12,4,49,18,43,1,3,1,1,7,5,21,9,22,15,9,30,70,5,4,21,1,55,3,4,31,31,1,1,1,1,11,11,10,10,63,11,2,2,2,1,2,2,4,2,370105693,1400559402,37.018248,140.099834,7,3,9999,9999,1,9
true,41,111,142,2,0,2,10720,0,213,2023,7,31,15,1,12,4,45,18,48,1,3,2,14,7,0,0,0,0,2,9,1,70,5,2,21,65,45,3,3,31,31,1,1,1,1,11,11,10,10,50,50,2,2,2,2,2,2,4,2,365718937,1400639927,36.95526,140.111091,2,3,9999,9999,9,9
true,41,111,143,2,0,2,30000,0,213,2023,8,5,10,10,12,4,49,18,43,1,3,1,1,1,9,22,9,22,15,9,30,70,5,2,21,75,65,4,4,31,31,1,1,1,1,11,11,4,3,10,42,2,2,2,1,2,2,4,2,365231688,1395825504,36.875469,139.973751,7,3,421,9999,9,9
true,41,111,144,2,0,1,40,1500,213,2023,8,8,7,40,12,4,52,18,40,3,1,2,14,7,0,0,0,0,4,9,1,70,4,2,21,35,45,3,3,31,31,1,1,1,1,11,11,10,10,10,31,2,3,2,2,2,2,4,2,365317081,1395822742,36.888078,139.972984,3,3,9999,9999,9,1
true,41,111,145,2,0,1,40,1527,213,2023,4,28,12,10,12,4,51,18,25,1,2,1,7,1,0,0,0,0,4,9,1,70,4,2,21,25,55,3,4,31,31,1,1,1,1,11,11,4,4,30,10,3,3,2,2,2,2,2,4,365344390,1395857130,36.895664,139.982536,6,2,9999,9999,1,9
true,41,111,146,2,0,1,30000,0,213,2023,8,14,11,20,12,4,56,18,34,1,3,1,1,7,1,21,9,22,15,9,30,70,5,2,21,75,55,4,4,31,31,1,1,1,1,1,1,10,10,20,10,2,3,2,2,1,2,4,2,365837456,1400056286,36.977071,140.015635,2,3,1005,9999,9,9
true,41,111,147,2,0,2,99000,0,213,2023,8,12,11,51,12,4,55,18,36,1,3,1,0,7,0,0,0,0,0,0,20,70,0,4,21,45,55,3,4,31,31,1,1,1,1,11,11,10,10,80,30,3,3,2,2,2,2,2,4,365334665,1395848373,36.892963,139.980104,7,3,9999,9999,1,1
true,41,111,148,2,0,1,99000,0,213,2023,8,14,22,4,22,4,56,18,34,3,1,2,0,7,0,0,0,0,0,0,20,70,0,4,1,45,35,3,61,31,0,1,0,1,0,11,0,10,0,20,0,3,0,2,0,2,0,4,2,365319784,1395828765,36.888829,139.974657,2,3,9999,0,1,0
true,41,111,149,2,0,1,30000,0,213,2023,8,14,12,0,12,4,56,18,34,1,2,1,14,7,0,0,0,0,2,9,1,70,5,4,41,75,0,51,76,41,0,0,0,0,0,0,0,0,0,0,0,3,0,0,0,0,0,2,0,365359989,1395847878,36.899997,139.979966,2,3,0,0,0,0
true,41,111,150,2,0,1,10550,0,213,2023,8,15,6,58,12,4,57,18,32,3,1,2,14,7,0,0,0,0,2,9,1,70,4,2,21,25,55,4,14,31,31,1,11,1,1,11,11,4,4,10,80,1,1,1,1,1,2,4,2,365548194,1400016279,36.930054,140.004522,3,3,9999,9999,1,9
true,41,111,151,2,0,1,40,1704,407,2023,8,16,21,25,22,4,58,18,31,3,2,2,14,7,0,0,0,0,1,8,1,70,5,3,41,35,0,51,75,41,0,0,0,0,0,0,0,0,0,40,0,3,0,0,0,0,0,2,0,370101639,1400500982,37.017122,140.083606,4,3,0,0,0,0
true,41,111,152,2,0,1,10170,0,407,2023,7,16,10,30,12,4,34,18,59,1,3,1,1,7,9,22,1,21,14,9,30,70,5,3,21,45,65,3,4,31,31,1,1,1,1,11,11,10,10,20,10,3,3,2,2,1,2,2,4,370341742,1400044816,37.061595,140.012449,1,2,9999,9999,1,9
true,41,111,153,2,0,1,10170,0,407,2023,8,22,11,19,12,5,3,18,24,1,2,1,14,7,0,0,0,0,1,9,1,70,4,2,21,75,65,3,4,31,31,1,1,1,1,11,11,4,4,10,70,3,2,2,2,2,2,4,2,370107259,1400142989,37.018683,140.028608,3,3,1013,9999,9,9
true,41,111,154,2,0,1,10340,0,213,2023,8,19,7,8,12,5,1,18,27,1,3,1,14,7,0,0,0,0,2,9,1,70,5,2,21,25,25,3,4,31,31,1,1,1,1,11,11,3,3,30,10,3,3,2,2,2,2,2,4,365750616,1400336980,36.96406,140.060272,7,3,9999,9999,5,1
true,41,111,155,2,0,1,99000,0,213,2023,8,27,12,59,12,5,7,18,17,1,3,1,0,7,0,0,0,0,0,0,20,70,0,4,1,55,25,3,61,31,0,1,0,1,0,11,0,10,0,50,0,3,0,2,0,2,0,4,2,365801200,1395920479,36.967,139.989022,1,3,9999,0,9,0
true,41,112,81,2,0,1,41,913,301,2023,8,2,12,35,12,4,47,18,46,1,2,1,14,7,0,0,0,0,6,9,1,70,1,3,21,1,45,17,17,1,31,11,11,2,2,11,11,10,10,40,60,3,3,2,2,2,2,4,2,362632356,1395423594,36.442321,139.906554,4,3,9999,9999,1,5
true,41,112,82,2,0,1,30000,0,216,2023,8,1,17,40,12,4,46,18,47,1,2,1,1,7,1,21,9,22,15,9,30,70,4,2,21,65,25,3,51,31,41,1,0,1,0,11,0,4,0,10,20,3,3,2,0,2,0,4,2,362429275,1395120297,36.408132,139.855638,3,3,9999,0,9,0
true,41,112,83,2,0,1,41,828,216,2023,8,5,16,13,12,4,49,18,43,1,3,1,14,7,0,0,0,0,6,9,1,70,1,2,21,25,35,3,4,31,31,1,1,1,1,0,0,10,10,30,10,3,3,2,2,2,2,2,4,362242348,1395202366,36.37843,139.867324,7,3,9999,9999,5,1
true,41,112,84,2,0,2,30000,0,216,2023,7,25,6,53,12,4,40,18,53,1,3,1,1,1,8,21,8,21,15,9,30,70,5,2,21,35,25,3,4,31,31,1,1,1,1,11,11,10,10,70,10,2,2,2,1,2,2,2,2,362659248,1395022733,36.449791,139.839648,3,3,9999,9999,1,5
true,41,112,85,2,0,3,41,939,301,2023,8,8,15,13,12,4,52,18,40,3,3,2,14,7,0,0,0,0,4,9,1,70,1,1,21,25,55,3,4,31,31,1,1,1,1,11,11,10,10,30,10,2,2,2,1,2,2,2,4,362755822,1395434369,36.465506,139.909547,3,3,9999,9999,1,9
true,41,112,86,2,0,1,10710,0,301,2023,8,8,7,10,12,4,52,18,40,1,2,1,1,1,9,22,9,22,15,9,30,70,5,2,21,25,1,3,13,31,31,1,11,2,1,11,11,4,4,10,10,2,2,2,1,2,2,2,4,362644588,1395306774,36.445719,139.885215,3,3,9999,9999,1,1
true,41,112,87,2,0,1,10350,0,301,2023,8,11,9,25,12,4,54,18,37,1,2,1,14,1,0,0,0,0,4,9,1,70,4,2,21,65,55,3,34,31,31,1,0,2,0,11,11,4,4,10,30,3,3,2,0,2,0,4,2,362438167,1395444240,36.410602,139.912289,6,1,9999,9999,9,9
true,41,112,88,2,0,2,10440,0,216,2023,8,15,14,20,12,4,57,18,32,1,3,1,13,7,0,0,0,0,4,6,1,70,4,2,21,45,65,3,14,31,31,1,11,1,1,11,11,3,3,50,50,2,2,1,1,2,2,2,4,362320904,1394930544,36.38914,139.825151,3,3,9999,9999,9,9
true,41,112,89,2,0,1,10440,0,216,2023,8,21,17,14,12,5,2,18,25,1,2,1,14,7,0,0,0,0,3,9,1,70,4,2,1,35,75,4,61,31,0,1,0,1,0,11,0,3,0,10,0,3,0,2,0,2,0,4,2,362209160,1395236854,36.369211,139.876904,2,3,9999,0,1,0
true,41,112,90,2,0,1,40,630,216,2023,8,18,18,40,21,5,0,18,29,1,3,1,14,1,0,0,0,0,3,9,1,70,4,2,21,1,55,4,4,31,31,1,1,1,1,1,1,10,10,10,30,3,3,2,2,2,2,4,2,362351893,1395115934,36.397748,139.854426,6,3,9999,9999,1,1
true,41,112,91,2,0,2,3520,0,216,2023,8,8,14,55,12,4,52,18,40,3,3,1,1,7,1,21,9,22,15,9,30,70,5,2,21,65,35,14,51,31,41,11,0,1,0,1,0,10,0,80,10,3,2,2,0,2,0,4,2,362527253,1395136965,36.424237,139.860268,3,3,9999,0,9,0
true,41,112,92,2,0,4,10710,0,216,2023,8,21,7,2,12,5,2,18,25,1,3,1,14,7,0,0,0,0,5,9,1,70,4,2,21,35,65,17,13,1,31,11,11,2,1,0,0,4,4,10,30,3,3,2,2,2,2,4,2,362704234,1395203176,36.451176,139.867549,2,3,9999,9999,5,9
true,41,112,93,2,0,2,41,915,301,2023,8,21,13,45,12,5,2,18,25,1,1,1,14,1,0,0,0,0,3,9,1,70,1,2,21,55,45,11,3,1,31,11,1,1,1,11,11,5,5,10,30,3,3,2,2,2,2,4,2,362635516,1395424368,36.443199,139.906769,2,3,9999,9999,9,1
true,41,112,94,2,0,1,41,957,301,2021,8,26,15,22,12,5,7,18,17,1,2,1,14,7,0,0,0,0,5,9,1,70,1,2,21,45,35,12,12,1,1,11,11,2,2,11,11,5,5,80,60,3,3,2,2,2,2,4,2,362855434,1395431028,36.482065,139.908619,5,3,9999,9999,9,5
true,41,112,95,2,0,3,41,947,301,2023,8,19,17,13,12,5,1,18,27,3,3,2,14,7,0,0,0,0,1,9,1,70,1,2,21,35,1,3,4,31,31,1,1,1,1,11,11,1,3,0,0,3,3,2,2,2,2,2,4,362822282,1395434870,36.472856,139.909686,7,3,9999,9999,5,1
true,41,112,96,2,0,2,41,835,216,2023,8,29,18,26,21,5,9,18,14,1,3,1,14,5,0,0,0,0,2,9,1,70,1,2,41,65,0,11,75,1,0,11,0,2,0,11,0,5,0,0,0,2,0,2,0,2,0,4,0,362246815,1395205910,36.379671,139.868308,3,3,9999,0,9,0
true,41,113,77,2,0,1,99000,0,214,2023,8,1,11,56,12,4,46,18,47,2,2,1,0,7,0,0,0,0,0,0,20,70,0,4,21,75,55,3,51,31,41,1,0,1,0,11,0,10,0,10,20,3,3,2,0,2,0,4,2,364050959,1395823905,36.680822,139.973307,3,3,1125,0,9,0
true,41,113,78,2,0,3,2930,0,214,2023,8,7,16,3,12,4,51,18,41,2,2,1,14,7,0,0,0,0,3,9,1,70,4,2,21,55,35,3,3,31,31,1,1,2,2,11,11,4,4,10,50,2,2,1,1,1,2,2,2,364056885,1395826879,36.682468,139.974133,2,3,9999,9999,9,5
true,41,113,79,2,0,2,10250,0,214,2023,8,8,9,9,12,4,52,18,40,1,3,1,1,7,9,22,4,22,15,9,30,70,4,2,21,75,1,3,4,31,31,1,1,1,1,11,11,10,10,20,10,2,2,2,1,2,2,2,2,364423233,1400212404,36.739787,140.036779,3,3,576,9999,9,1
true,41,113,80,2,0,1,20000,0,386,2023,8,4,7,2,12,4,48,18,44,1,3,1,14,7,0,0,0,0,3,9,1,70,4,3,21,45,1,3,4,31,31,1,1,1,1,11,11,4,4,30,10,3,3,2,2,2,2,2,4,363828100,1400103691,36.641139,140.017692,6,3,9999,9999,1,1
true,41,113,81,2,0,1,21810,0,214,2023,7,24,15,9,12,4,40,18,54,1,2,1,1,7,1,22,9,22,14,9,30,70,4,3,21,55,1,4,4,31,31,1,1,1,1,11,11,10,3,40,50,3,3,2,1,2,2,4,2,364109204,1395754990,36.68589,139.965275,2,3,9999,9999,9,1
true,41,113,82,2,0,2,40,1247,214,2023,8,14,9,51,12,4,56,18,34,2,3,1,1,1,9,22,9,22,15,9,30,70,1,2,21,75,75,3,3,31,31,1,1,1,1,11,11,4,4,80,20,3,3,2,2,2,2,4,2,364034295,1395740180,36.676193,139.961161,2,3,571,109,9,9
true,41,113,83,2,0,1,21250,0,214,2023,8,12,19,34,21,4,55,18,36,2,2,1,14,7,0,0,0,0,3,7,1,70,4,2,21,1,35,4,14,31,31,1,11,1,1,11,11,5,3,10,70,3,3,2,2,2,2,4,2,363912492,1395719159,36.65347,139.955322,7,3,9999,9999,1,5
true,41,113,84,2,0,2,30000,0,386,2023,8,21,5,46,11,5,2,18,25,1,3,1,14,7,0,0,0,0,2,9,1,70,5,4,21,25,45,3,4,31,31,1,1,1,1,11,11,10,10,10,30,3,3,2,2,2,2,4,2,363634639,1395826393,36.609622,139.973998,2,3,9999,9999,1,1
true,41,113,85,2,0,1,10100,0,386,2023,8,11,5,48,11,4,54,18,37,1,3,1,1,1,9,22,9,22,18,9,30,70,5,2,21,25,65,4,14,31,31,1,11,1,2,11,11,3,10,50,80,2,2,1,2,2,2,2,4,363645270,1395856507,36.612575,139.982363,6,1,9999,9999,1,9
true,41,113,86,2,0,1,2930,0,214,2023,8,17,13,53,12,4,59,18,30,1,3,1,14,7,0,0,0,0,2,8,1,70,4,2,21,35,65,3,4,31,31,1,1,1,1,11,11,4,4,30,30,3,3,2,1,2,2,2,4,364228328,1400117753,36.707869,140.021598,5,3,9999,9999,5,9
true,41,113,87,2,0,3,20000,0,386,2023,8,10,19,45,22,4,53,18,38,1,3,1,14,7,0,0,0,0,1,8,1,70,5,4,21,25,25,3,4,31,31,1,1,1,1,11,11,3,3,10,31,2,3,2,2,2,2,4,2,363651376,1395910828,36.614271,139.986341,5,2,9999,9999,1,1
true,41,113,88,2,0,2,30000,0,386,2023,8,22,17,56,13,5,3,18,24,1,2,1,1,7,1,21,9,22,14,9,30,70,5,4,21,75,25,3,4,31,31,1,1,1,1,11,11,10,10,40,50,3,3,2,2,2,2,4,2,363910566,1400143972,36.652935,140.028881,3,3,9999,9999,9,1
true,41,113,89,2,0,2,30000,0,214,2023,8,29,11,10,12,5,9,18,14,1,3,2,1,7,9,22,9,22,14,9,30,70,4,2,21,75,65,3,4,31,31,1,1,1,1,11,11,3,3,50,80,3,3,2,2,2,2,2,2,364109006,1395829849,36.685835,139.974958,3,3,798,9999,9,9
true,41,114,57,2,0,1,4610,0,211,2023,3,18,11,0,12,5,48,17,50,3,1,2,14,7,0,0,0,0,4,9,1,70,1,2,21,1,45,3,3,31,31,1,1,1,1,11,11,3,3,10,30,3,3,2,2,2,2,4,2,364836655,1395553515,36.810182,139.931532,7,3,9999,9999,1,9
true,41,114,58,2,0,1,10770,0,384,2023,8,2,20,0,22,4,47,18,46,1,3,1,14,7,0,0,0,0,1,9,1,70,5,2,21,1,35,3,3,31,31,1,1,1,1,11,11,10,10,11,33,1,2,1,2,2,2,4,2,364537872,1394755061,36.76052,139.798628,4,3,9999,9999,1,1
true,41,114,59,2,0,1,40,1392,211,2023,7,18,13,0,12,4,35,18,58,1,1,1,7,7,0,0,0,0,2,9,1,70,5,2,21,35,25,13,13,31,31,11,11,1,1,11,11,4,4,11,33,3,3,2,2,2,2,4,2,364812413,1395632366,36.803448,139.942324,3,3,9999,9999,1,1