資料区分,都道府県コード,警察署等コード,本票番号,事故内容,死者数,負傷者数,路線コード,地点コード,市区町村コード,発生日時　　年,発生日時　　月,発生日時　　日,発生日時　　時,発生日時　　分,昼夜,日の出時刻　　時,日の出時刻　　分,日の入り時刻　　時,日の入り時刻　　分,天候,地形,路面状態,道路形状,信号機,一時停止規制　標識（当事者A）,一時停止規制　表示（当事者A）,一時停止規制　標識（当事者B）,一時停止規制　表示（当事者B）,車道幅員,道路線形,衝突地点,ゾーン規制,中央分離帯施設等,歩車道区分,事故類型,年齢（当事者A）,年齢（当事者B）,当事者種別（当事者A）,当事者種別（当事者B）,用途別（当事者A）,用途別（当事者B）,車両形状等（当事者A）,車両形状等（当事者B）,オートマチック車（当事者A）,オートマチック車（当事者B）,サポカー（当事者A）,サポカー（当事者B）,速度規制（指定のみ）（当事者A）,速度規制（指定のみ）（当事者B）,車両の衝突部位（当事者A）,車両の衝突部位（当事者B）,車両の損壊程度（当事者A）,車両の損壊程度（当事者B）,エアバッグの装備（当事者A）,エアバッグの装備（当事者B）,サイドエアバッグの装備（当事者A）,サイドエアバッグの装備（当事者B）,人身損傷程度（当事者A）,人身損傷程度（当事者B）,地点　緯度（北緯）,地点　経度（東経）,地点　緯度（北緯）_1,地点　経度（東経）_1,曜日(発生年月日),祝日(発生年月日),認知機能検査経過日数（当事者A）,認知機能検査経過日数（当事者B）,運転練習の方法（当事者A）,運転練習の方法（当事者B）
true,41,114,60,2,0,1,30000,0,384,2023,8,10,6,50,12,4,53,18,38,1,3,1,1,7,1,22,9,22,14,9,30,70,4,4,21,45,1,3,4,31,31,1,1,1,1,11,11,10,4,10,21,1,2,2,1,2,2,4,2,364358494,1395414004,36.732915,139.90389,5,2,9999,9999,1,1
true,41,114,61,2,0,1,4610,0,211,2023,7,30,10,5,12,4,44,18,49,1,3,1,1,7,9,22,1,22,15,9,20,70,4,2,21,25,25,3,4,31,31,1,1,1,1,11,11,4,10,0,0,4,4,2,2,2,2,2,4,364819937,1395505795,36.805538,139.918276,1,3,9999,9999,9,1
true,41,114,62,2,0,1,20000,0,211,2023,8,23,15,15,12,5,4,18,22,2,3,1,13,7,0,0,0,0,1,3,1,70,5,2,41,65,0,3,75,31,0,1,0,2,0,11,0,4,0,40,0,1,0,1,0,2,0,4,0,364628164,1395431507,36.77449,139.908752,4,3,9999,0,9,0
true,41,114,63,2,0,2,40,1414,211,2023,8,23,13,25,12,5,4,18,22,2,3,1,14,1,0,0,0,0,1,8,1,70,5,2,21,1,35,17,17,31,31,11,11,2,2,11,11,5,5,15,31,2,2,1,2,2,2,4,2,364920456,1395651958,36.822349,139.947766,4,3,9999,9999,1,5
true,41,114,64,2,0,1,30000,0,211,2023,8,28,7,52,12,5,8,18,15,1,1,1,1,7,9,22,9,22,14,9,30,70,5,2,21,65,1,3,51,31,41,1,0,1,0,11,0,3,0,52,14,3,3,2,0,2,0,4,2,364848827,1395518916,36.813563,139.921921,2,3,9999,0,9,0
true,41,115,24,2,0,1,20000,0,215,2023,8,7,11,13,12,4,51,18,41,1,3,1,14,7,0,0,0,0,3,9,1,70,4,2,21,65,75,14,51,1,41,11,0,1,0,11,0,4,0,80,10,3,3,2,0,2,0,4,2,363915271,1400930190,36.654242,140.158386,2,3,9999,0,9,0
true,41,115,25,2,0,1,30000,0,215,2023,8,8,7,40,12,4,52,18,40,1,3,1,1,7,1,21,9,22,11,9,30,70,4,2,21,45,35,3,4,31,31,1,1,1,1,1,11,10,10,10,50,2,2,1,1,2,2,4,2,364315385,1400811569,36.72094,140.136547,3,3,9999,9999,1,1
true,41,116,16,2,0,1,10690,0,344,2023,8,5,12,49,12,4,49,18,43,1,3,1,14,7,0,0,0,0,4,8,1,70,4,2,21,1,75,3,3,31,31,1,1,1,1,11,11,10,10,11,33,3,3,2,2,2,2,4,2,363215047,1400503084,36.537513,140.08419,7,3,9999,617,5,9
true,41,116,17,2,0,1,1230,0,344,2023,8,10,0,25,22,4,53,18,38,2,3,2,13,1,0,0,0,0,3,4,1,70,4,2,41,1,0,4,75,31,0,1,0,1,0,11,0,4,0,55,0,1,0,1,0,2,0,2,0,363049277,1400402226,36.513688,140.067285,5,2,9999,0,1,0
true,41,119,9,2,0,1,30000,0,411,2023,8,10,14,0,12,4,53,18,38,1,3,1,7,7,0,0,0,0,2,9,1,70,5,2,41,55,0,51,76,41,0,0,0,0,0,0,0,0,0,40,0,3,0,0,0,0,0,2,0,364517298,1400732268,36.754805,140.12563,5,2,0,0,0,0
true,41,119,10,2,0,1,2930,0,411,2023,8,20,13,20,12,5,1,18,26,1,3,1,1,7,1,21,9,22,15,9,30,70,4,2,21,55,35,13,34,31,31,11,0,2,0,11,11,5,5,0,0,4,2,2,0,2,0,4,2,364529830,1400648064,36.758286,140.113351,1,3,9999,9999,9,5
true,41,122,272,2,0,1,40,1155,201,2023,6,18,6,35,12,4,22,19,1,1,2,1,14,7,0,0,0,0,2,9,1,70,1,2,21,55,55,4,4,31,31,1,1,1,1,11,1,10,10,10,31,2,2,1,2,2,2,4,4,363619814,1395744035,36.605504,139.962232,1,3,9999,9999,1,9
true,41,122,273,2,0,1,30000,0,201,2023,8,1,15,56,12,4,46,18,47,1,3,1,14,7,0,0,0,0,3,9,1,70,5,2,21,25,35,3,51,31,41,1,0,1,0,11,0,10,0,80,20,3,3,2,0,2,0,4,2,363429233,1395550927,36.574787,139.930813,3,3,9999,0,1,0
true,41,122,274,2,0,1,30000,0,201,2023,8,1,22,39,22,4,46,18,47,2,3,1,14,7,0,0,0,0,3,9,1,70,5,2,41,1,0,51,76,41,0,0,0,0,0,0,0,0,0,10,0,3,0,0,0,0,0,2,0,363309396,1395952325,36.55261,139.997868,3,3,0,0,0,0
true,41,122,275,2,0,1,21250,0,201,2023,8,1,8,17,12,4,46,18,47,3,3,1,14,7,0,0,0,0,4,9,1,70,4,2,21,25,65,4,14,31,31,1,11,1,1,11,11,4,4,30,10,3,3,2,2,2,2,2,4,363531171,1395502716,36.591992,139.917421,3,3,9999,9999,1,9
true,41,122,276,2,0,1,30000,0,201,2023,8,5,18,5,13,4,49,18,43,1,2,1,14,7,0,0,0,0,2,9,1,70,5,3,41,65,0,51,75,41,0,0,0,0,0,0,0,0,0,10,0,3,0,0,0,0,0,2,0,363352650,1395348678,36.564625,139.896855,7,3,0,0,0,0
true,41,122,277,2,0,1,40,1154,201,2023,7,20,6,30,12,4,37,18,57,1,1,1,14,1,0,0,0,0,5,9,1,70,1,2,21,25,25,3,3,31,31,1,1,1,1,11,11,3,5,10,30,2,3,1,2,2,2,4,2,363618396,1395741432,36.60511,139.961509,5,3,9999,9999,4,1
true,41,122,278,2,0,1,30000,0,201,2023,7,27,6,40,12,4,42,18,52,1,1,1,14,7,0,0,0,0,2,9,1,70,5,4,21,25,45,3,3,31,31,1,1,1,1,0,0,10,10,80,70,3,3,2,2,2,2,4,2,363353028,1395423566,36.56473,139.906546,5,3,9999,9999,1,5
true,41,122,279,2,0,1,4080,0,201,2023,8,4,7,23,12,4,48,18,44,1,3,1,7,7,0,0,0,0,3,9,1,70,5,3,21,45,45,3,3,31,31,1,1,1,1,11,11,3,3,10,30,3,3,2,2,2,2,4,2,363506941,1395834052,36.585261,139.976126,6,3,9999,9999,5,1
true,41,122,280,2,0,1,10630,0,201,2023,8,8,11,49,12,4,52,18,40,2,3,1,1,1,9,22,9,22,18,9,30,70,1,2,21,65,55,3,4,31,31,1,1,1,1,11,11,10,10,56,87,2,2,1,1,1,1,4,2,363720183,1395415048,36.622273,139.90418,3,3,9999,9999,9,9
true,41,122,281,1,1,0,4080,0,201,2023,8,9,0,50,22,4,52,18,39,2,3,1,14,1,0,0,0,0,6,9,1,70,1,2,1,65,25,12,61,1,0,11,0,2,0,11,0,5,0,10,0,2,0,2,0,2,0,4,1,363533364,1395906724,36.592601,139.985201,4,3,9999,0,9,0
true,41,122,282,2,0,2,30010,0,201,2023,8,9,12,11,12,4,52,18,39,2,1,1,14,7,0,0,0,0,3,9,1,70,4,3,21,45,35,3,4,31,31,1,1,1,1,11,11,3,3,30,10,2,1,2,1,2,2,2,4,363424053,1395426078,36.573348,139.907244,4,3,9999,9999,1,1
true,41,122,283,2,0,1,10640,0,201,2023,7,18,18,6,13,4,35,18,58,1,3,1,1,7,1,22,9,22,18,9,30,70,1,2,21,65,1,4,51,31,41,1,0,1,0,11,0,10,0,80,20,3,3,2,0,2,0,4,2,363407626,1395745878,36.568785,139.962744,3,3,9999,0,9,0
true,41,122,284,2,0,1,30000,0,201,2023,6,29,13,43,12,4,25,19,3,1,2,1,1,7,9,22,1,21,11,9,30,70,5,3,21,25,25,3,14,31,31,1,11,1,1,1,1,1,1,60,50,3,3,2,2,2,2,2,4,363440112,1395407589,36.577809,139.902108,5,3,9999,9999,1,1
true,41,122,285,2,0,1,10630,0,201,2023,8,17,10,12,12,4,59,18,30,1,3,1,14,7,0,0,0,0,1,9,1,70,5,2,41,75,0,51,75,41,0,0,0,0,0,0,0,0,0,10,0,3,0,0,0,0,0,2,0,364157412,1395345146,36.699281,139.895874,5,3,0,0,0,0
true,41,122,286,2,0,1,30000,0,201,2023,8,18,11,30,12,5,0,18,29,1,2,1,14,7,0,0,0,0,2,9,1,70,5,4,41,75,0,51,76,41,0,0,0,0,0,0,0,0,0,40,0,3,0,0,0,0,0,2,0,363228172,1395540732,36.541159,139.927981,6,3,0,0,0,0
true,41,122,287,2,0,1,30000,0,201,2022,12,20,7,14,11,6,48,16,28,1,3,1,14,7,0,0,0,0,5,9,1,70,5,2,21,45,1,3,4,31,31,1,1,1,1,11,11,3,3,10,30,3,3,2,2,2,2,4,2,363254312,1395514812,36.54842,139.920781,3,3,9999,9999,1,1
true,41,122,288,2,0,1,30000,0,201,2023,8,22,2,0,22,5,3,18,24,1,1,1,1,7,9,22,0,0,11,9,30,70,5,4,41,1,0,51,76,41,0,0,0,0,0,0,0,0,0,20,0,3,0,0,0,0,0,2,0,363300536,1395405252,36.550149,139.901459,3,3,0,0,0,0
true,41,122,289,2,0,1,30000,0,201,2023,8,12,23,14,22,4,55,18,36,1,2,1,1,1,9,22,9,22,11,6,30,70,4,2,21,1,1,3,4,31,31,1,1,1,1,11,11,2,2,10,20,3,2,2,1,2,1,4,2,363330668,1395504602,36.558519,139.917945,7,3,9999,9999,5,1
true,41,122,290,2,0,1,30010,0,201,2023,8,13,14,35,12,4,56,18,35,2,3,1,1,1,9,22,9,22,15,9,30,70,5,2,21,75,25,3,4,31,31,1,1,1,1,11,11,3,3,20,80,3,3,2,2,2,2,4,2,363420561,1395437876,36.572378,139.910521,1,3,423,9999,9,1
true,41,122,291,2,0,2,40,1100,201,2023,8,7,17,37,12,4,51,18,41,1,3,1,14,7,0,0,0,0,3,9,1,70,5,2,21,55,35,13,4,31,31,11,1,1,1,0,0,10,10,10,31,2,2,2,2,2,2,2,2,363636086,1395812130,36.610024,139.970036,2,3,9999,9999,9,1
true,41,122,292,2,0,3,40,1072,201,2023,8,9,12,4,12,4,52,18,39,3,1,2,14,7,0,0,0,0,3,9,1,70,4,2,21,1,55,4,4,31,31,1,1,1,1,11,11,4,4,10,30,3,3,2,2,2,2,4,2,363302862,1395423836,36.550795,139.906621,4,3,9999,9999,1,9
true,41,122,293,2,0,1,30000,0,201,2023,8,10,5,10,11,4,53,18,38,1,1,1,14,7,0,0,0,0,3,9,1,70,4,4,21,65,35,4,14,31,31,1,11,1,1,11,11,3,3,30,40,3,3,2,2,2,2,4,2,363331007,1395407286,36.558613,139.902024,5,2,9999,9999,9,1
true,41,122,294,2,0,1,30000,0,201,2023,8,26,16,42,12,5,6,18,18,1,3,1,1,1,9,22,0,0,15,9,30,70,1,2,41,75,0,36,75,31,0,0,0,0,0,11,0,10,0,20,0,3,0,0,0,0,0,2,0,363316978,1395857472,36.554716,139.982631,7,3,944,0,9,0
true,41,122,295,2,0,1,30000,0,201,2023,2,12,19,53,22,6,32,17,17,1,3,1,1,7,9,22,0,0,14,9,30,70,4,2,1,25,45,3,61,31,0,1,0,1,0,11,0,3,0,80,0,3,0,2,0,2,0,4,2,364112419,1395447646,36.686783,139.913235,1,3,9999,0,9,0
true,41,122,296,2,0,1,30000,0,201,2023,8,21,18,25,21,5,2,18,25,1,3,1,1,7,1,21,9,22,15,9,30,70,4,2,21,65,35,3,3,31,31,1,1,1,1,11,11,10,4,10,20,2,1,1,1,2,1,4,2,363707889,1395631697,36.618858,139.942138,2,3,9999,9999,9,1
true,41,122,297,2,0,1,30000,0,201,2023,8,29,18,57,21,5,9,18,14,1,2,1,1,7,1,21,9,22,11,9,30,70,5,4,21,1,55,3,51,31,41,1,0,1,0,11,0,1,0,0,10,4,3,2,0,2,0,4,2,363234454,1395533175,36.542904,139.925882,3,3,9999,0,1,0
true,41,123,180,2,0,1,23200,0,201,2023,7,19,19,11,21,4,36,18,57,2,3,1,14,7,0,0,0,0,3,9,1,70,5,2,21,35,45,3,3,31,31,1,1,1,1,11,11,3,4,40,50,3,3,2,2,2,2,4,2,363114336,1395406898,36.520649,139.901916,4,3,9999,9999,1,1
true,41,123,181,2,0,1,30000,0,201,2023,8,2,13,0,12,4,47,18,46,1,1,1,1,1,9,22,9,22,15,9,30,70,4,2,21,55,35,11,51,1,41,11,0,2,0,11,0,4,0,40,10,3,3,2,0,2,0,4,2,363134079,1395214203,36.526133,139.870612,4,3,9999,0,9,0
true,41,123,182,2,0,1,1210,0,201,2023,7,16,20,55,22,4,34,18,59,3,1,2,1,1,9,22,9,22,18,9,30,70,4,2,21,25,1,4,51,31,41,1,0,1,0,11,0,4,0,80,30,3,2,2,0,2,0,4,2,363017460,1395230806,36.50485,139.875224,1,2,9999,0,1,0
true,41,123,183,2,0,1,99000,0,201,2023,7,17,17,47,12,4,35,18,58,1,1,1,0,7,0,0,0,0,0,0,20,70,0,4,21,45,75,3,3,31,31,1,1,1,1,11,11,10,10,70,20,3,3,2,2,2,2,4,2,363124308,1395402128,36.523419,139.900591,2,1,9999,535,1,1
true,41,123,184,2,0,1,30000,0,201,2023,8,3,14,10,12,4,48,18,45,1,1,1,14,7,0,0,0,0,2,9,1,70,5,4,41,1,0,51,76,41,0,0,0,0,0,0,0,0,0,20,0,3,0,0,0,0,0,2,0,363122361,1395146357,36.522878,139.862877,5,3,0,0,0,0
true,41,123,185,2,0,2,30000,0,201,2023,8,7,5,15,11,4,51,18,41,2,3,1,1,3,8,21,8,21,14,9,30,70,5,3,21,55,35,3,3,31,31,1,1,1,1,11,11,10,4,50,80,2,1,1,1,2,2,2,2,362951490,1395302940,36.497636,139.88415,2,3,9999,9999,1,1
true,41,123,186,2,0,1,30000,0,201,2023,8,9,16,13,12,4,52,18,39,2,1,2,1,1,9,22,0,0,14,9,30,70,4,2,41,55,0,51,76,41,0,0,0,0,0,0,0,0,0,20,0,3,0,0,0,0,0,2,0,363146384,1395151977,36.529551,139.864438,4,3,0,0,0,0
true,41,123,187,2,0,1,30000,0,201,2023,8,10,0,15,22,4,53,18,38,2,1,2,7,7,0,0,0,0,3,9,1,70,4,4,41,55,0,51,75,41,0,0,0,0,0,0,0,0,0,10,0,3,0,0,0,0,0,2,0,363146747,1395137040,36.529652,139.860289,5,2,0,0,0,0
true,41,123,188,2,0,1,1210,0,201,2023,8,9,6,50,12,4,52,18,39,3,2,2,14,7,0,0,0,0,4,9,1,70,1,2,21,25,45,3,14,31,31,1,11,1,1,11,11,4,10,30,0,3,3,2,2,2,2,2,4,363008273,1395437004,36.502298,139.910279,4,3,9999,0,1,0
true,41,123,189,2,0,1,30000,0,201,2023,8,11,16,3,12,4,54,18,37,1,1,1,14,7,0,0,0,0,2,9,1,70,4,4,41,55,0,3,75,31,0,1,0,1,0,11,0,3,0,0,0,2,0,1,0,2,0,2,0,363100808,1395151034,36.516891,139.864176,6,1,9999,0,9,0
true,41,123,190,2,0,1,30000,0,201,2023,8,12,14,42,12,4,55,18,36,1,1,1,11,7,0,0,0,0,1,9,1,70,5,2,41,75,0,51,76,41,0,0,0,0,0,0,0,0,0,40,0,3,0,0,0,0,0,2,0,363158894,1395142206,36.533026,139.861724,7,3,0,0,0,0
true,41,123,191,2,0,3,10350,0,201,2023,8,14,14,13,12,4,56,18,34,2,1,1,1,1,9,22,9,22,15,9,30,70,5,2,21,45,1,4,4,31,31,1,1,1,1,11,11,4,4,50,80,2,2,2,1,2,2,4,2,363019663,1395348707,36.505462,139.896863,2,3,9999,9999,9,1
true,41,123,192,2,0,1,30000,0,201,2023,7,12,13,56,12,4,31,19,1,1,2,1,14,7,0,0,0,0,1,9,1,70,5,2,21,75,25,3,3,31,31,1,1,1,1,11,11,4,4,0,50,3,3,2,2,2,2,4,2,363144051,1395056227,36.528903,139.848952,4,3,446,9999,9,1
true,41,123,193,2,0,1,30000,0,201,2023,8,20,12,3,12,5,1,18,26,1,1,1,14,7,0,0,0,0,3,9,1,70,4,2,41,75,0,51,76,41,0,0,0,0,0,0,0,0,0,40,0,3,0,0,0,0,0,2,0,362911558,1395134960,36.486544,139.859711,1,3,0,0,0,0
true,41,123,194,2,0,1,30000,0,201,2023,8,22,12,15,12,5,3,18,24,2,1,1,14,7,0,0,0,0,3,9,1,70,4,2,41,75,0,52,76,41,0,0,0,0,0,0,0,0,0,40,0,3,0,0,0,0,0,2,0,363144047,1395217044,36.528902,139.871401,3,3,0,0,0,0
true,41,123,195,2,0,1,10020,0,201,2023,8,17,19,0,21,4,59,18,30,1,1,1,1,1,9,22,9,22,18,9,30,70,4,2,21,1,45,4,35,31,31,1,0,1,0,11,11,4,4,80,30,3,3,2,0,2,0,4,2,363149566,1395119904,36.530435,139.855529,5,3,9999,9999,1,9
true,41,123,196,2,0,1,30000,0,201,2023,8,23,8,30,12,5,4,18,22,1,2,1,14,7,0,0,0,0,2,9,1,70,5,2,41,1,0,51,76,41,0,0,0,0,0,0,0,0,0,20,0,3,0,0,0,0,0,2,0,362937363,1395235598,36.493712,139.876555,4,3,0,0,0,0
true,41,123,197,2,0,1,30000,0,201,2023,8,21,11,40,12,5,2,18,25,1,1,1,1,7,1,22,9,22,14,9,30,70,4,2,21,65,55,4,51,31,41,1,0,1,0,11,0,10,0,80,10,3,3,2,0,2,0,4,2,363142024,1395145695,36.52834,139.862693,2,3,9999,0,9,0
true,41,123,198,2,0,1,30000,0,201,2023,8,25,5,31,11,5,5,18,20,1,2,1,1,1,9,22,0,0,18,9,30,70,1,2,1,65,35,3,61,31,0,1,0,1,0,1,0,10,0,80,0,3,0,2,0,2,0,4,2,363207217,1395059788,36.535338,139.849941,6,3,9999,0,9,0
true,41,123,199,2,0,1,10020,0,201,2023,8,25,8,54,12,5,5,18,20,1,2,1,1,7,1,21,9,22,15,9,30,70,4,2,21,35,65,3,4,31,31,1,1,1,1,11,11,10,4,50,80,3,3,2,2,2,2,4,2,363126364,1395106901,36.52399,139.851917,6,3,9999,9999,1,9
true,41,123,200,2,0,1,30000,0,201,2023,8,26,8,15,12,5,6,18,18,1,1,1,14,7,0,0,0,0,3,9,1,70,5,4,41,55,0,51,76,41,0,0,0,0,0,0,0,0,0,40,0,3,0,0,0,0,0,2,0,363155088,1395059114,36.531969,139.849754,7,3,0,0,0,0
true,41,123,201,2,0,1,1210,0,201,2023,8,26,12,25,12,5,6,18,18,1,2,1,1,1,9,22,9,22,15,8,30,70,4,2,21,25,35,3,4,31,31,1,1,1,1,11,11,5,5,50,20,2,1,2,1,2,2,4,2,363009374,1395644394,36.502604,139.945665,7,3,9999,9999,5,9
true,41,123,202,2,0,1,30000,0,201,2023,8,26,21,10,22,5,6,18,18,1,3,1,1,7,9,22,0,0,11,9,30,70,5,2,21,1,0,51,0,41,0,0,0,0,0,0,0,0,0,10,0,2,0,0,0,0,0,2,0,363045338,1395404828,36.512594,139.901341,7,3,0,0,0,0
true,41,123,203,2,0,1,10030,0,201,2023,8,12,9,52,12,4,55,18,36,1,3,1,14,7,0,0,0,0,4,9,1,70,1,2,21,25,45,3,4,31,31,1,1,1,1,1,1,10,10,10,60,3,3,2,2,2,2,4,2,363117612,1395027132,36.521559,139.84087,7,3,9999,9999,1,9
true,41,59,27,2,0,1,42530,1128,216,2023,8,19,13,48,12,5,1,18,27,1,3,1,14,7,0,0,0,0,3,9,1,70,1,4,21,25,0,13,0,31,0,11,0,1,0,11,0,10,0,40,0,3,0,2,0,2,0,2,0,362753165,1395238226,36.464768,139.877285,7,3,9999,0,5,0
true,41,59,28,2,0,2,41020,987,201,2023,8,11,5,4,11,4,54,18,37,1,1,1,14,7,0,0,0,0,4,9,1,70,1,4,21,65,45,3,14,31,31,1,11,1,1,11,11,7,7,10,30,3,3,2,2,2,2,4,2,363441758,1394946794,36.578266,139.829665,6,1,9999,9999,9,9
true,41,59,29,2,0,1,41020,1455,213,2023,9,8,0,10,22,5,17,18,0,2,2,1,0,7,0,0,0,0,0,0,20,70,0,4,21,45,45,11,11,1,1,11,11,1,1,11,11,10,10,70,0,3,3,2,2,2,2,4,2,365732339,1395922945,36.958983,139.989707,6,3,9999,9999,9,9
true,41,101,217,2,0,1,1190,0,201,2023,8,25,11,10,12,5,5,18,20,1,2,1,14,1,0,0,0,0,4,9,1,70,4,2,21,75,55,3,3,31,31,1,1,1,1,0,0,4,4,60,80,3,3,2,2,2,2,4,2,363237262,1395249278,36.543684,139.880355,6,3,161,9999,9,9
true,41,101,218,2,0,1,30000,0,201,2023,9,1,20,10,22,5,11,18,10,1,1,1,1,1,9,22,9,22,19,9,30,70,1,2,21,25,65,3,3,31,31,1,1,1,1,11,11,4,4,50,50,2,2,1,1,1,1,4,2,363327601,1395229971,36.557667,139.874992,6,3,9999,9999,1,9
true,41,101,219,2,0,1,30000,0,201,2023,9,4,10,49,12,5,13,18,5,3,1,2,14,7,0,0,0,0,3,9,1,70,4,4,21,25,35,3,4,31,31,1,1,1,1,11,11,2,2,30,10,3,3,2,2,2,2,2,4,363321636,1395323399,36.55601,139.889833,2,3,9999,9999,1,9
true,41,101,220,2,0,3,1190,0,201,2023,8,13,15,0,12,4,56,18,35,1,2,1,1,8,9,22,9,22,17,9,30,70,5,3,21,1,25,3,4,31,31,1,1,1,1,11,11,4,4,30,10,3,3,2,2,2,2,2,4,363323141,1395245602,36.556428,139.879334,1,3,9999,9999,1,1
true,41,101,221,2,0,1,1190,0,201,2023,8,19,7,30,12,5,1,18,27,1,1,1,0,7,0,0,0,0,0,0,20,70,0,2,21,55,45,3,51,31,41,1,0,1,0,11,0,10,0,10,40,3,3,2,0,2,0,4,2,363332846,1395246340,36.559124,139.879539,7,3,9999,0,9,0
true,41,101,222,2,0,1,30000,0,201,2022,2,4,17,54,21,6,40,17,9,1,1,1,14,7,0,0,0,0,3,9,1,70,4,2,1,45,55,13,61,31,0,11,0,1,0,11,0,3,0,80,0,3,0,2,0,2,0,4,2,363524457,1395058261,36.590127,139.849517,6,3,9999,0,9,0
true,41,101,223,2,0,1,30000,0,201,2023,9,3,13,9,12,5,13,18,7,1,1,1,14,7,0,0,0,0,3,9,1,70,4,2,21,65,65,4,14,31,1,1,11,1,1,11,11,10,10,10,30,3,3,2,2,2,2,4,2,363502556,1395102087,36.584043,139.85058,1,3,9999,9999,9,9
true,41,101,224,2,0,1,1190,0,201,2023,8,27,6,48,12,5,7,18,17,1,1,1,14,7,0,0,0,0,4,9,1,70,4,2,21,55,45,3,3,31,31,1,1,2,2,11,11,4,4,80,40,3,3,2,2,2,2,4,2,363239674,1395249526,36.544354,139.880424,1,3,9999,9999,9,5
true,41,101,225,2,0,1,10700,0,201,2023,9,6,17,43,13,5,15,18,3,1,2,1,1,7,9,22,0,0,18,9,30,70,5,3,21,1,0,51,0,41,0,0,0,0,0,0,0,0,0,40,0,4,0,0,0,0,0,2,0,363408310,1395144600,36.568975,139.862389,4,3,0,0,0,0
true,41,101,226,2,0,1,30040,0,201,2023,7,28,14,4,12,4,43,18,51,1,3,1,1,1,9,22,9,22,19,9,30,70,4,2,21,75,1,3,14,31,1,1,11,1,1,1,1,4,4,51,51,2,2,1,2,1,2,2,4,363300864,1395156948,36.55024,139.865819,6,3,808,9999,9,1
true,41,101,227,2,0,1,30000,0,201,2023,9,12,20,40,22,5,20,17,54,1,2,1,1,8,9,22,0,0,14,9,30,70,5,3,41,45,0,51,76,41,0,0,0,0,0,0,0,0,0,0,0,3,0,0,0,0,0,2,0,363316578,1395316771,36.554605,139.887992,3,3,0,0,0,0
true,41,101,228,2,0,1,30000,0,201,2023,9,4,14,15,12,5,13,18,5,2,1,1,1,7,1,21,9,22,17,9,30,70,4,2,21,45,35,3,13,31,31,1,11,1,1,1,1,10,3,10,50,3,3,2,2,2,2,4,2,363337220,1395119840,36.560339,139.855511,2,3,9999,9999,1,1
true,41,101,229,2,0,1,10700,0,201,2023,9,1,12,45,12,5,11,18,10,1,1,1,14,7,0,0,0,0,5,9,1,70,4,2,21,65,1,3,4,31,31,1,1,1,1,11,11,4,3,30,10,3,3,2,2,2,2,2,4,363402141,1395152677,36.567261,139.864633,6,3,9999,9999,9,1
true,41,101,230,2,0,1,10700,0,201,2023,8,30,8,0,12,5,9,18,13,1,1,1,1,7,1,21,1,21,11,9,30,70,1,2,21,45,1,3,51,31,41,1,0,1,0,0,0,10,0,80,0,3,3,2,0,2,0,4,2,363435400,1395105296,36.5765,139.851471,4,3,9999,0,1,0
true,41,101,231,2,0,1,30000,0,201,2023,8,26,8,30,12,5,6,18,18,1,2,1,14,7,0,0,0,0,3,8,1,70,4,2,21,25,35,3,3,31,31,1,1,1,1,11,11,3,3,10,30,3,3,2,2,2,2,4,2,363625459,1395123033,36.607072,139.856398,7,3,9999,9999,1,1
true,41,101,232,2,0,1,1190,0,201,2023,9,20,15,5,12,5,26,17,42,1,3,1,14,7,0,0,0,0,5,9,1,70,1,2,21,55,75,3,14,31,31,1,11,2,2,11,11,5,5,10,10,3,3,2,2,2,2,2,4,363753918,1395053185,36.631644,139.848107,4,3,9999,957,9,9
true,41,101,233,2,0,1,30000,0,201,2023,9,10,14,15,12,5,18,17,57,2,1,1,14,7,0,0,0,0,2,8,1,70,4,3,21,65,35,3,3,31,31,1,1,1,1,11,11,10,10,10,30,3,3,2,2,2,2,4,2,363512815,1395204926,36.586893,139.868035,1,3,9999,9999,9,5
true,41,101,234,2,0,2,10030,0,201,2023,9,18,18,33,21,5,24,17,45,1,1,1,14,7,0,0,0,0,3,9,1,70,1,2,21,25,45,3,13,31,31,1,11,1,1,11,11,10,10,10,30,3,3,2,2,2,2,4,2,363427185,1395057854,36.574218,139.849404,2,1,9999,9999,1,9
true,41,101,235,2,0,1,30000,0,201,2023,8,22,8,18,12,5,3,18,24,1,2,1,14,7,0,0,0,0,3,9,1,70,4,4,21,65,35,3,4,31,31,1,1,2,1,11,11,3,4,10,10,3,3,2,2,2,2,2,4,363431289,1395136954,36.575358,139.860265,3,3,9999,9999,9,1
true,41,101,236,2,0,1,30040,0,201,2023,9,22,17,55,21,5,28,17,39,3,1,2,1,1,9,22,9,22,18,9,30,70,1,2,21,45,45,4,51,31,41,1,0,1,0,11,0,2,0,10,40,3,3,2,0,2,0,4,2,363305137,1395304758,36.551427,139.884655,6,2,9999,0,9,0
true,41,101,237,2,0,1,10700,0,201,2023,9,14,20,0,22,5,21,17,51,1,2,1,0,7,0,0,0,0,0,0,20,70,0,2,21,45,1,3,51,31,41,1,0,1,0,11,0,10,0,0,10,3,3,2,0,2,0,4,2,363403367,1395150537,36.567602,139.864038,5,3,9999,0,5,0