資料区分,都道府県コード,警察署等コード,本票番号,事故内容,死者数,負傷者数,路線コード,地点コード,市区町村コード,発生日時　　年,発生日時　　月,発生日時　　日,発生日時　　時,発生日時　　分,昼夜,日の出時刻　　時,日の出時刻　　分,日の入り時刻　　時,日の入り時刻　　分,天候,地形,路面状態,道路形状,信号機,一時停止規制　標識（当事者A）,一時停止規制　表示（当事者A）,一時停止規制　標識（当事者B）,一時停止規制　表示（当事者B）,車道幅員,道路線形,衝突地点,ゾーン規制,中央分離帯施設等,歩車道区分,事故類型,年齢（当事者A）,年齢（当事者B）,当事者種別（当事者A）,当事者種別（当事者B）,用途別（当事者A）,用途別（当事者B）,車両形状等（当事者A）,車両形状等（当事者B）,オートマチック車（当事者A）,オートマチック車（当事者B）,サポカー（当事者A）,サポカー（当事者B）,速度規制（指定のみ）（当事者A）,速度規制（指定のみ）（当事者B）,車両の衝突部位（当事者A）,車両の衝突部位（当事者B）,車両の損壊程度（当事者A）,車両の損壊程度（当事者B）,エアバッグの装備（当事者A）,エアバッグの装備（当事者B）,サイドエアバッグの装備（当事者A）,サイドエアバッグの装備（当事者B）,人身損傷程度（当事者A）,人身損傷程度（当事者B）,地点　緯度（北緯）,地点　経度（東経）,地点　緯度（北緯）_1,地点　経度（東経）_1,曜日(発生年月日),祝日(発生年月日),認知機能検査経過日数（当事者A）,認知機能検査経過日数（当事者B）,運転練習の方法（当事者A）,運転練習の方法（当事者B）
true,41,101,238,2,0,1,30000,0,201,2023,9,17,3,40,22,5,24,17,46,1,2,1,14,7,0,0,0,0,3,9,20,70,5,4,21,1,35,3,3,31,31,1,1,1,1,11,11,10,10,10,30,3,3,2,2,2,2,4,2,363346573,1395144694,36.562937,139.862415,1,2,9999,9999,1,1
true,41,101,239,2,0,2,30000,0,201,2023,9,26,15,0,12,5,31,17,33,2,2,1,1,1,9,22,0,0,14,9,30,70,1,2,1,55,1,3,61,31,0,1,0,1,0,11,0,10,0,10,0,3,0,2,0,2,0,4,2,363622835,1395101840,36.606343,139.850511,3,3,9999,0,9,0
true,41,101,240,2,0,1,10700,0,201,2023,9,2,18,14,21,5,12,18,8,1,3,1,14,7,0,0,0,0,3,9,1,70,1,2,21,55,35,3,51,31,41,1,0,1,0,1,0,10,0,81,12,3,3,2,0,2,0,4,2,363424173,1395122038,36.573381,139.856122,7,3,9999,0,9,0
true,41,101,241,2,0,1,1190,0,201,2023,9,24,18,22,21,5,29,17,36,1,3,1,14,8,0,0,0,0,3,9,1,70,4,2,21,35,75,3,4,31,31,1,1,1,1,11,11,10,10,30,10,2,2,2,1,2,2,2,4,364007028,1394900692,36.668619,139.816859,1,3,9999,289,1,9
true,41,101,242,2,0,2,30010,0,201,2023,9,20,7,55,12,5,26,17,42,1,1,1,1,7,9,22,9,22,17,9,30,70,4,2,21,1,45,3,3,31,31,1,1,1,1,11,11,3,3,30,10,3,3,2,2,2,2,4,2,363429042,1395307829,36.574734,139.885508,4,3,9999,9999,1,9
true,41,101,243,2,0,1,30010,0,201,2023,9,29,7,35,12,5,33,17,28,1,1,1,14,7,0,0,0,0,3,9,1,1,4,2,21,25,65,3,4,31,31,1,1,1,1,11,11,3,3,60,80,3,3,2,2,2,2,2,4,363425925,1395259315,36.573868,139.883143,6,3,9999,9999,5,9
true,41,101,244,2,0,1,1190,0,201,2023,9,30,12,7,12,5,34,17,27,2,1,1,1,7,9,22,9,22,14,9,30,70,4,3,21,55,45,3,31,31,31,1,0,1,0,1,11,10,10,70,10,2,2,2,0,2,0,4,2,363444144,1395211035,36.578929,139.869732,7,3,9999,9999,1,5
true,41,102,223,2,0,1,10020,0,361,2023,9,1,11,12,12,5,11,18,10,1,2,1,1,7,9,22,1,21,15,9,30,70,1,2,21,35,45,11,3,1,31,11,1,2,1,11,11,10,10,80,50,3,2,2,1,2,2,4,2,362544299,1394742623,36.428972,139.795173,6,3,9999,9999,1,1
true,41,102,224,2,0,1,10360,0,203,2023,8,27,20,56,22,5,7,18,17,1,3,1,14,7,0,0,0,0,3,9,1,70,4,2,21,65,25,3,4,31,31,1,1,1,1,11,11,4,4,70,80,3,3,2,2,2,2,4,4,361901646,1394239218,36.317124,139.710894,1,3,9999,9999,9,1
true,41,102,225,2,0,1,10320,0,203,2023,9,2,17,40,13,5,12,18,8,1,1,1,14,1,0,0,0,0,4,9,1,70,1,2,21,55,45,17,13,31,31,11,11,2,1,11,11,4,4,10,30,3,3,2,2,2,2,4,2,362336809,1394328913,36.393558,139.724698,7,3,9999,9999,9,5
true,41,102,226,2,0,1,30000,0,203,2023,9,5,15,0,12,5,14,18,4,1,2,1,1,7,9,22,0,0,14,9,30,70,5,1,41,65,0,52,76,41,0,0,0,0,0,0,0,0,0,40,0,3,0,0,0,0,0,2,0,362220662,1394303284,36.372406,139.717579,3,3,0,0,0,0
true,41,102,227,2,0,1,99000,0,203,2023,9,5,16,28,12,5,14,18,4,1,3,1,0,7,0,0,0,0,0,0,20,70,0,4,21,1,55,3,4,31,31,1,1,1,1,11,11,10,10,30,60,3,3,2,2,2,2,2,4,362540336,1394451421,36.427871,139.747617,3,3,9999,9999,1,9
true,41,102,228,2,0,1,30000,0,203,2023,9,6,18,10,21,5,15,18,3,3,2,2,14,7,0,0,0,0,3,9,1,70,5,2,1,25,65,4,61,31,0,1,0,1,0,11,0,10,0,10,0,3,0,2,0,2,0,4,2,362214754,1394353681,36.370765,139.731578,4,3,9999,0,1,0
true,41,102,229,2,0,1,500,586,203,2023,9,8,19,0,22,5,17,18,0,3,3,2,1,1,9,22,9,22,17,9,30,70,1,2,21,1,1,3,34,31,31,1,0,1,0,11,11,10,10,40,10,3,1,2,0,1,0,4,2,361835946,1393842040,36.309985,139.645011,6,3,9999,9999,1,1
true,41,102,230,2,0,3,30000,0,203,2023,8,27,6,50,12,5,7,18,17,1,3,1,1,7,1,21,9,22,11,9,30,70,5,2,21,45,45,3,3,31,31,1,1,1,1,11,11,10,10,22,10,1,2,2,1,1,1,2,2,362541218,1394333157,36.428116,139.725877,1,3,9999,9999,1,9
true,41,102,231,2,0,1,30000,0,203,2023,9,11,13,43,12,5,19,17,55,1,2,1,0,7,0,0,0,0,0,0,20,70,0,2,21,35,45,4,51,31,41,1,0,1,0,11,0,10,0,60,40,3,3,2,0,2,0,4,2,362207378,1394353249,36.368716,139.731458,2,3,9999,0,1,0
true,41,102,232,2,0,1,23090,0,203,2023,9,15,6,32,12,5,22,17,49,1,3,1,14,7,0,0,0,0,2,9,1,70,1,2,1,1,65,51,61,41,0,0,0,0,0,0,0,0,0,10,0,3,0,0,0,0,0,4,2,362215355,1394255130,36.370932,139.715314,6,3,0,0,0,0
true,41,102,233,2,0,1,10310,0,203,2023,9,15,16,36,12,5,22,17,49,1,1,1,14,7,0,0,0,0,2,9,1,70,4,2,41,75,0,51,76,41,0,0,0,0,0,0,0,0,0,40,0,3,0,0,0,0,0,2,0,362224586,1394359282,36.373496,139.733134,6,3,0,0,0,0
true,41,102,234,2,0,1,30000,0,203,2023,9,16,14,0,12,5,23,17,48,1,2,1,14,7,0,0,0,0,1,9,1,70,5,4,41,75,0,51,75,41,0,0,0,0,0,0,0,0,0,40,0,3,0,0,0,0,0,2,0,362248522,1394335612,36.380145,139.726559,7,3,0,0,0,0
true,41,102,235,2,0,1,30000,0,203,2023,8,31,7,43,12,5,10,18,11,1,1,1,1,1,9,22,9,22,15,9,30,70,5,2,21,55,1,3,3,31,31,1,1,1,1,11,11,4,3,80,20,2,2,2,2,2,2,4,2,362351202,1394403095,36.397556,139.734193,5,3,9999,9999,9,1
true,41,102,236,2,0,1,10750,0,203,2023,9,17,18,20,21,5,24,17,46,1,3,1,1,7,9,22,0,0,14,9,30,70,5,4,1,55,75,3,61,31,0,1,0,1,0,11,0,3,0,50,0,3,0,2,0,2,0,4,2,362334040,1394100985,36.392789,139.683607,1,2,9999,0,9,0
true,41,102,237,2,0,3,30000,0,203,2023,9,18,7,36,12,5,24,17,45,2,2,1,1,7,9,22,9,22,14,9,30,70,5,2,21,75,25,3,13,31,31,1,11,1,1,11,11,4,10,80,50,2,2,2,2,2,2,2,2,362141094,1394444534,36.361415,139.745704,2,1,886,9999,9,1
true,41,102,238,2,0,1,30000,0,203,2023,9,18,16,38,12,5,24,17,45,1,1,1,14,7,0,0,0,0,3,9,1,70,5,2,41,75,0,51,76,41,0,0,0,0,0,0,0,0,0,40,0,3,0,0,0,0,0,2,0,362243223,1394333190,36.378673,139.725886,2,1,0,0,0,0
true,41,102,239,2,0,1,30000,0,203,2023,9,17,12,50,12,5,24,17,46,1,3,2,13,7,0,0,0,0,2,5,1,70,5,4,41,45,0,51,76,41,0,0,0,0,0,0,0,0,0,40,0,3,0,0,0,0,0,2,0,362845761,1393547562,36.479378,139.596545,1,2,0,0,0,0
true,41,102,240,2,0,1,20000,0,203,2023,9,19,12,17,12,5,25,17,43,1,3,1,13,7,0,0,0,0,3,3,1,70,5,4,41,65,0,35,75,31,0,0,0,0,0,11,0,10,0,40,0,3,0,0,0,0,0,2,0,362741497,1393609410,36.461527,139.602614,3,3,9999,0,9,0
true,41,102,241,2,0,2,2930,0,203,2023,9,19,23,23,22,5,25,17,43,1,3,2,1,1,9,22,9,22,15,9,30,70,4,2,21,1,55,3,4,31,31,1,1,1,1,11,11,4,4,50,81,1,1,2,1,2,2,2,2,362720012,1394231604,36.455559,139.708779,3,3,9999,9999,1,9
true,41,102,242,2,0,1,30000,0,203,2023,9,21,15,25,12,5,27,17,40,2,1,1,14,7,0,0,0,0,3,9,1,70,4,2,41,75,0,51,76,41,0,0,0,0,0,0,0,0,0,20,0,3,0,0,0,0,0,2,0,362309647,1394453470,36.386013,139.748186,5,3,0,0,0,0
true,41,102,243,2,0,2,10310,0,203,2023,9,15,20,5,22,5,22,17,49,3,1,1,14,7,0,0,0,0,4,9,1,70,4,2,21,45,25,3,4,31,31,1,1,1,1,11,11,3,3,30,10,3,3,2,2,2,2,2,4,362225475,1394403613,36.373743,139.734337,6,3,9999,9999,1,1
true,41,102,244,2,0,2,23090,0,203,2023,8,4,19,45,22,4,48,18,44,1,2,1,14,7,0,0,0,0,3,9,1,70,1,2,21,75,35,3,3,31,31,1,1,1,1,0,0,4,4,10,31,3,2,2,2,2,2,4,2,362334303,1394328974,36.392862,139.724715,6,3,605,9999,9,1
true,41,102,245,2,0,1,30000,0,203,2023,9,23,9,47,12,5,28,17,37,1,1,1,1,7,9,22,9,22,15,9,30,70,5,2,21,35,55,3,4,31,31,1,1,1,1,11,11,4,4,50,70,2,2,2,2,2,2,4,2,362213667,1394308958,36.370463,139.719155,7,1,9999,9999,1,1
true,41,102,246,2,0,1,3520,0,361,2023,9,24,16,10,12,5,29,17,36,1,3,1,14,7,0,0,0,0,3,9,1,70,4,2,21,1,55,3,35,31,31,1,0,1,0,11,11,4,4,84,20,3,2,2,0,2,0,4,2,362735752,1394616104,36.459931,139.77114,1,3,9999,9999,1,9
true,41,102,247,2,0,1,21770,0,203,2023,9,24,19,15,22,5,29,17,36,1,2,1,12,7,0,0,0,0,3,8,1,70,4,4,41,75,0,51,76,41,0,0,0,0,0,0,0,0,0,20,0,3,0,0,0,0,0,2,0,362359312,1394420069,36.399809,139.738908,1,3,0,0,0,0
true,41,102,248,2,0,1,30000,0,203,2023,9,25,8,14,12,5,30,17,34,1,3,1,14,7,0,0,0,0,4,9,1,70,5,2,21,65,1,3,51,31,41,1,0,2,0,11,0,3,0,10,20,3,3,2,0,2,0,4,2,362037241,1394246152,36.343678,139.71282,2,3,9999,0,9,0
true,41,102,249,2,0,1,21530,0,203,2023,9,20,7,55,12,5,26,17,42,1,1,1,14,7,0,0,0,0,3,9,1,70,5,2,1,35,1,4,61,31,0,1,0,2,0,11,0,3,0,10,0,3,0,2,0,2,0,4,2,362210286,1394359660,36.369524,139.733239,4,3,9999,0,1,0
true,41,102,250,2,0,1,30000,0,203,2023,9,25,20,10,22,5,30,17,34,1,3,1,14,7,0,0,0,0,3,9,1,70,5,4,21,55,55,12,51,1,41,11,0,2,0,11,0,5,0,80,20,3,2,2,0,2,0,4,2,362441180,1394703196,36.411439,139.784221,2,3,9999,0,9,0
true,41,102,251,2,0,1,10710,0,361,2023,9,20,10,48,12,5,26,17,42,1,3,1,14,1,0,0,0,0,3,9,1,70,4,2,21,25,65,3,4,31,31,1,1,1,1,11,11,4,4,30,10,3,3,2,2,2,2,2,4,362744957,1395025526,36.462488,139.840424,4,3,9999,9999,1,9
true,41,102,252,1,1,0,3520,0,361,2023,9,26,23,23,22,5,31,17,33,3,3,2,1,7,9,22,9,22,11,9,30,70,4,3,21,55,55,4,33,31,31,1,0,1,0,11,11,10,4,20,10,2,1,2,0,2,0,4,1,362553108,1394856102,36.431419,139.815584,3,3,9999,9999,9,1
true,41,102,253,2,0,1,30000,0,203,2023,9,11,10,30,12,5,19,17,55,2,2,1,14,7,0,0,0,0,1,9,20,70,5,4,41,75,0,51,76,41,0,0,0,0,0,0,0,0,0,40,0,3,0,0,0,0,0,2,0,362423746,1394501242,36.406596,139.750345,2,3,0,0,0,0
true,41,102,254,2,0,1,99000,0,203,2023,9,25,10,0,12,5,30,17,34,1,1,1,0,7,0,0,0,0,0,0,20,70,0,2,1,75,65,51,61,41,0,0,0,0,0,0,0,0,0,40,0,3,0,0,0,0,0,2,4,362355262,1394503449,36.398684,139.750958,2,3,0,0,0,0
true,41,102,255,2,0,1,30000,0,203,2023,9,28,11,19,12,5,32,17,30,1,3,1,1,7,9,22,9,22,15,9,30,70,2,3,21,45,65,11,36,1,31,11,0,2,0,11,11,4,10,80,20,3,3,2,0,2,0,4,2,362009348,1393850302,36.33593,139.647306,5,3,9999,9999,1,9
true,41,103,194,2,0,1,30000,0,202,2023,8,21,13,8,12,5,2,18,25,1,3,1,7,1,0,0,0,0,3,9,1,70,4,2,21,45,75,3,3,31,31,1,1,1,1,11,11,3,3,10,30,2,2,2,2,2,2,4,2,362008714,1392545937,36.335754,139.429427,2,3,9999,561,1,9
true,41,103,195,2,0,2,30000,0,202,2023,8,29,16,19,12,5,9,18,14,1,1,1,14,7,0,0,0,0,2,9,1,70,4,2,21,35,65,3,4,31,31,1,1,1,1,11,11,3,10,20,58,3,3,2,2,2,2,2,4,362123994,1392405332,36.356665,139.401481,3,3,9999,9999,1,9
true,41,103,196,2,0,1,30000,0,202,2023,9,1,7,30,12,5,11,18,10,1,2,1,1,7,1,21,1,21,11,9,30,70,4,2,21,75,45,4,4,31,31,1,1,1,1,11,11,3,3,10,30,3,3,2,2,2,2,4,2,361854090,1392710498,36.315025,139.452916,6,3,927,9999,9,9
true,41,103,197,2,0,2,99000,0,202,2023,9,4,7,48,12,5,13,18,5,3,3,2,0,7,0,0,0,0,0,0,20,70,0,4,21,25,75,3,4,31,31,1,1,1,1,11,11,10,10,70,60,3,3,2,2,2,2,4,4,362110120,1392431550,36.352811,139.408764,2,3,9999,9999,1,9
true,41,103,198,2,0,1,30000,0,202,2023,8,31,8,13,12,5,10,18,11,1,1,1,1,7,9,22,9,22,15,9,30,70,5,4,21,25,1,3,34,31,31,1,0,1,0,1,11,3,3,50,10,3,3,2,0,2,0,4,2,361800655,1392726129,36.300182,139.457258,5,3,9999,9999,1,1
true,41,103,199,1,1,0,10670,0,202,2023,9,6,18,41,21,5,15,18,3,3,2,2,14,7,0,0,0,0,4,9,1,70,4,2,1,55,55,14,61,31,0,11,0,1,0,11,0,3,0,80,0,2,0,2,0,2,0,4,1,362026266,1392520733,36.340629,139.422426,4,3,9999,0,9,0
true,41,103,200,2,0,1,10200,0,202,2023,8,31,18,20,21,5,10,18,11,1,1,1,14,7,0,0,0,0,2,9,1,70,4,2,21,35,55,3,3,31,31,1,1,1,1,1,1,3,3,10,30,3,3,2,2,2,2,4,2,361658696,1392823369,36.282971,139.473158,5,3,9999,9999,1,1
true,41,103,201,2,0,2,20000,0,202,2023,8,23,7,44,12,5,4,18,22,1,3,1,14,7,0,0,0,0,3,9,1,70,4,2,21,35,1,3,4,31,31,1,1,1,1,11,11,4,4,30,10,3,3,2,2,2,2,2,4,362134088,1392837038,36.359469,139.476955,4,3,9999,9999,1,1
true,41,103,202,2,0,1,500,371,202,2023,8,24,14,28,12,5,5,18,21,1,3,1,14,7,0,0,0,0,3,9,1,70,1,2,21,45,55,17,13,1,31,11,11,1,1,11,11,10,10,10,30,3,3,2,2,2,2,4,2,361851314,1392542949,36.314254,139.428597,5,3,9999,9999,9,9
true,41,103,203,2,0,1,21280,0,202,2023,8,30,17,10,12,5,9,18,13,1,2,1,1,7,1,21,9,22,14,9,30,70,5,4,21,45,1,3,51,31,41,1,0,1,0,11,0,10,0,10,20,3,3,2,0,2,0,4,2,361829081,1392646662,36.308078,139.446295,4,3,9999,0,1,0
true,41,103,204,2,0,1,2930,0,202,2023,9,8,18,56,21,5,17,18,0,3,1,2,1,7,9,22,9,22,11,9,30,70,5,2,21,35,45,3,51,31,41,1,0,2,0,11,0,4,0,50,30,3,3,2,0,2,0,4,2,361843895,1392645233,36.312193,139.445898,6,3,9999,0,1,0
true,41,103,205,2,0,1,10380,0,202,2023,9,4,16,45,12,5,13,18,5,2,1,1,14,7,0,0,0,0,3,9,1,70,4,2,21,45,45,3,4,31,31,1,1,1,1,11,11,3,3,10,30,3,3,2,2,2,2,4,2,361908483,1392631272,36.319023,139.44202,2,3,9999,9999,1,5
true,41,103,206,2,0,1,99000,0,202,2023,9,7,14,48,12,5,16,18,1,1,3,1,0,7,0,0,0,0,0,0,20,70,0,4,1,75,75,3,61,31,0,1,0,1,0,11,0,10,0,30,0,3,0,2,0,2,0,4,2,362016833,1392817510,36.338009,139.471531,5,3,286,0,9,0
true,41,103,207,2,0,1,10400,0,202,2023,9,13,21,30,22,5,20,17,52,1,3,1,14,7,0,0,0,0,2,9,1,70,4,2,21,55,55,3,4,31,31,1,1,1,1,11,11,3,3,30,10,3,3,2,2,2,2,2,4,361951999,1392606019,36.331111,139.435005,4,3,9999,9999,9,9
true,41,103,208,2,0,2,30000,0,202,2023,9,15,7,51,12,5,22,17,49,1,3,1,1,7,9,22,9,22,14,9,30,70,5,4,21,1,55,4,14,31,31,1,11,2,2,11,11,10,10,10,40,2,2,2,2,2,2,2,2,361850148,1392953833,36.31393,139.498287,6,3,9999,9999,1,9
true,41,103,209,2,0,2,10400,0,202,2023,9,16,13,40,12,5,23,17,48,2,3,1,14,7,0,0,0,0,3,9,1,70,4,2,21,65,65,3,4,31,31,1,1,1,1,11,11,3,3,30,10,3,3,2,2,2,2,2,4,361950149,1392601745,36.330597,139.433818,7,3,9999,9999,9,9
true,41,103,210,2,0,1,30000,0,202,2023,9,4,16,48,12,5,13,18,5,3,3,2,14,7,0,0,0,0,3,8,1,70,5,4,21,75,1,4,51,31,41,1,0,1,0,0,0,3,0,0,0,3,3,2,0,2,0,4,2,361953332,1392614640,36.331481,139.4374,2,3,236,0,9,0
true,41,103,211,2,0,1,30000,0,202,2023,9,20,17,35,13,5,26,17,42,1,1,2,1,1,9,22,9,22,19,9,30,70,4,2,21,45,1,36,51,31,41,0,0,0,0,11,0,2,0,10,40,3,3,0,0,0,0,4,2,361927304,1392802032,36.324251,139.467231,4,3,9999,0,5,0
true,41,103,212,2,0,1,20000,0,202,2023,9,20,22,34,22,5,26,17,42,2,3,2,1,7,9,22,9,22,14,9,30,70,4,2,21,25,1,3,36,31,31,1,0,1,0,11,11,3,2,0,40,4,3,2,0,2,0,4,2,361828778,1392638540,36.307994,139.444039,4,3,9999,9999,5,1
true,41,103,213,2,0,1,10670,0,202,2023,9,26,16,17,12,5,31,17,33,1,2,1,14,7,0,0,0,0,2,9,1,70,5,2,41,1,0,51,75,41,0,0,0,0,0,0,0,0,0,20,0,3,0,0,0,0,0,2,0,361941128,1392832318,36.328091,139.475644,3,3,0,0,0,0
true,41,103,214,2,0,1,10400,0,202,2023,9,24,10,40,12,5,29,17,36,1,2,1,14,7,0,0,0,0,4,9,1,70,4,2,21,25,25,3,4,31,31,1,1,1,1,11,11,4,4,10,30,3,3,2,2,2,2,4,2,361933128,1392549966,36.325869,139.430546,1,3,9999,9999,1,1
true,41,103,215,2,0,1,2930,0,202,2023,9,8,23,43,22,5,17,18,0,2,2,1,14,7,0,0,0,0,4,9,1,70,5,2,21,25,45,4,4,31,31,1,1,2,2,11,11,4,4,10,30,3,3,2,2,2,2,4,2,361910762,1392652379,36.319656,139.447883,6,3,9999,9999,1,9
true,41,103,216,2,0,1,99000,0,202,2023,9,28,14,11,12,5,32,17,30,1,2,1,0,7,0,0,0,0,0,0,20,70,0,4,41,55,0,11,75,1,0,11,0,2,0,11,0,10,0,0,0,3,0,2,0,2,0,4,0,361907241,1392458896,36.318678,139.41636,5,3,9999,0,9,0
true,41,104,177,2,0,1,500,494,204,2023,8,29,7,25,12,5,9,18,14,1,3,1,14,7,0,0,0,0,6,9,1,70,1,2,21,25,45,3,3,31,31,1,1,1,1,11,11,10,10,10,31,2,2,2,2,2,2,4,2,361721937,1393300065,36.289427,139.550018,3,3,9999,9999,5,1
true,41,104,178,2,0,1,22700,0,204,2023,9,4,17,15,13,5,13,18,5,2,2,2,1,7,9,22,0,0,14,9,30,70,4,2,41,45,0,51,76,41,0,0,0,0,0,0,0,0,0,0,0,4,0,0,0,0,0,2,0,361854590,1393355566,36.315164,139.565435,2,3,0,0,0,0
true,41,104,179,2,0,1,2930,0,204,2023,8,25,17,27,13,5,5,18,20,1,2,1,14,1,0,0,0,0,4,9,1,70,4,2,21,75,35,4,4,31,31,1,1,1,1,11,11,4,4,10,30,3,3,2,2,2,2,4,2,362203662,1393425381,36.367684,139.573717,6,3,855,9999,9,1
true,41,104,180,2,0,1,20000,0,204,2023,9,5,5,11,23,5,14,18,4,2,3,1,14,7,0,0,0,0,3,9,1,70,5,3,1,55,75,4,61,31,0,1,0,1,0,11,0,3,0,44,0,3,0,2,0,2,0,4,2,362443222,1393407057,36.412006,139.568627,3,3,9999,0,9,0
true,41,104,181,2,0,2,30000,0,204,2023,8,25,15,1,12,5,5,18,20,1,1,1,1,7,1,21,9,22,11,9,30,70,5,2,21,25,45,3,3,31,31,1,1,1,1,11,11,10,10,11,22,2,2,2,2,2,2,2,2,361854392,1393541359,36.315109,139.594822,6,3,9999,9999,1,5
true,41,104,182,2,0,1,30000,0,204,2023,8,28,14,19,12,5,8,18,15,1,1,1,14,7,0,0,0,0,2,9,1,70,4,2,21,75,35,3,3,31,31,1,1,1,1,11,11,3,3,10,30,3,3,2,2,2,2,4,2,361921637,1393434507,36.322677,139.576252,2,3,253,9999,9,1
true,41,104,183,2,0,1,10090,0,204,2023,9,6,21,47,22,5,15,18,3,2,2,1,1,1,9,22,9,22,14,9,30,70,4,2,21,35,35,4,4,31,31,1,1,1,1,11,11,3,4,88,55,3,3,2,2,2,2,4,2,361819213,1393529666,36.305337,139.591574,4,3,9999,9999,5,1
true,41,104,184,2,0,1,30000,0,204,2023,9,10,1,2,22,5,18,17,57,2,2,1,1,7,9,22,0,0,17,9,30,70,5,4,41,35,0,4,75,31,0,1,0,1,0,11,0,10,0,50,0,2,0,1,0,1,0,2,0,361746655,1393559161,36.296293,139.599767,1,3,9999,0,1,0
true,41,104,185,2,0,1,10070,0,204,2023,9,5,18,4,21,5,14,18,4,1,2,1,14,7,0,0,0,0,4,9,1,70,1,2,21,35,25,3,4,31,31,1,1,1,1,11,11,4,4,60,80,3,3,2,2,2,2,2,4,361814123,1393400674,36.303923,139.566854,3,3,9999,9999,5,4
true,41,104,186,2,0,1,2930,0,204,2023,9,8,15,30,12,5,17,18,0,3,3,1,14,1,0,0,0,0,1,9,1,70,1,4,21,55,35,12,4,31,31,11,1,1,1,11,11,3,3,10,30,3,3,2,2,2,2,4,2,362203986,1393428182,36.367774,139.574495,6,3,9999,9999,9,1
true,41,104,187,2,0,1,10160,0,204,2023,9,13,7,17,12,5,20,17,52,1,1,1,14,7,0,0,0,0,1,7,1,70,4,4,21,35,1,11,31,31,31,11,0,1,0,11,11,5,5,30,10,3,1,2,0,2,0,4,2,361858532,1393530325,36.316259,139.591757,4,3,9999,9999,5,5
true,41,104,188,2,0,1,20000,0,204,2023,9,7,8,12,12,5,16,18,1,1,3,1,14,7,0,0,0,0,3,9,1,70,5,2,21,35,1,3,4,31,31,1,1,1,1,11,11,4,4,30,10,3,3,2,2,2,2,2,4,362019471,1393305803,36.338742,139.551612,5,3,9999,9999,1,1
true,41,104,189,2,0,1,10670,0,204,2023,9,8,6,25,12,5,17,18,0,3,1,2,1,7,9,22,9,22,17,9,30,70,4,3,21,55,35,3,4,31,31,1,1,1,1,1,1,10,10,30,10,3,3,2,1,2,2,2,4,361848870,1393535416,36.313575,139.593171,6,3,9999,9999,9,1
true,41,104,190,2,0,2,30000,0,204,2023,8,28,16,50,12,5,8,18,15,1,3,1,14,1,0,0,0,0,3,9,1,70,5,2,21,35,55,3,4,31,31,1,1,1,1,0,11,3,3,10,30,3,3,2,2,2,2,4,2,362047832,1393335755,36.34662,139.559932,2,3,9999,9999,5,9
true,41,104,191,2,0,2,10070,0,204,2023,9,17,11,45,12,5,24,17,46,1,2,1,1,1,1,21,9,22,14,9,30,70,1,3,21,45,45,4,14,31,31,1,11,1,1,1,1,10,10,10,70,3,2,2,2,2,2,4,2,361754539,1393400415,36.298483,139.566782,1,2,9999,9999,1,5
true,41,104,192,2,0,1,21280,0,204,2023,9,13,6,31,12,5,20,17,52,1,3,1,1,7,9,22,9,22,14,9,30,70,4,2,21,25,55,3,3,31,31,1,1,1,1,11,11,10,10,80,50,3,3,2,2,2,2,4,2,361803895,1393206418,36.301082,139.535116,4,3,9999,9999,9,9
true,41,104,193,2,0,1,30000,0,204,2023,9,24,11,10,12,5,29,17,36,1,3,1,1,7,9,22,0,0,11,9,30,70,5,4,41,65,0,51,76,41,0,0,0,0,0,0,0,0,0,20,0,3,0,0,0,0,0,2,0,361916507,1393619519,36.321252,139.605422,1,3,0,0,0,0
true,41,104,194,1,1,1,10660,0,204,2023,9,25,7,42,12,5,30,17,34,1,3,1,14,7,0,0,0,0,3,9,20,70,4,3,41,35,0,3,75,31,0,1,0,1,0,11,0,4,0,81,0,1,0,1,0,2,0,2,0,362342407,1393154523,36.395113,139.531812,2,3,9999,0,1,0
true,41,104,195,2,0,1,10160,0,204,2023,9,21,18,5,21,5,27,17,40,2,2,1,14,7,0,0,0,0,3,9,1,70,4,2,21,1,35,4,4,31,31,1,1,1,1,11,11,4,4,11,33,3,3,2,2,2,2,4,2,361959336,1393457986,36.333149,139.582774,5,3,9999,9999,1,1
true,41,104,196,2,0,1,30000,0,204,2023,9,8,8,13,12,5,17,18,0,3,2,1,14,7,0,0,0,0,1,9,1,70,4,2,21,55,25,3,4,31,31,1,1,1,1,11,11,3,3,30,10,3,3,2,2,2,2,2,4,361921367,1393339578,36.322602,139.560994,6,3,9999,9999,9,1
true,41,104,197,2,0,1,2930,0,204,2023,7,21,9,10,12,4,37,18,56,1,3,1,14,7,0,0,0,0,3,9,1,70,4,2,21,55,35,12,3,1,31,11,1,2,1,11,11,4,4,10,30,3,3,2,2,2,2,4,2,362211935,1393441920,36.369982,139.578311,6,3,9999,9999,9,1