資料区分,都道府県コード,警察署等コード,本票番号,事故内容,死者数,負傷者数,路線コード,地点コード,市区町村コード,発生日時　　年,発生日時　　月,発生日時　　日,発生日時　　時,発生日時　　分,昼夜,日の出時刻　　時,日の出時刻　　分,日の入り時刻　　時,日の入り時刻　　分,天候,地形,路面状態,道路形状,信号機,一時停止規制　標識（当事者A）,一時停止規制　表示（当事者A）,一時停止規制　標識（当事者B）,一時停止規制　表示（当事者B）,車道幅員,道路線形,衝突地点,ゾーン規制,中央分離帯施設等,歩車道区分,事故類型,年齢（当事者A）,年齢（当事者B）,当事者種別（当事者A）,当事者種別（当事者B）,用途別（当事者A）,用途別（当事者B）,車両形状等（当事者A）,車両形状等（当事者B）,オートマチック車（当事者A）,オートマチック車（当事者B）,サポカー（当事者A）,サポカー（当事者B）,速度規制（指定のみ）（当事者A）,速度規制（指定のみ）（当事者B）,車両の衝突部位（当事者A）,車両の衝突部位（当事者B）,車両の損壊程度（当事者A）,車両の損壊程度（当事者B）,エアバッグの装備（当事者A）,エアバッグの装備（当事者B）,サイドエアバッグの装備（当事者A）,サイドエアバッグの装備（当事者B）,人身損傷程度（当事者A）,人身損傷程度（当事者B）,地点　緯度（北緯）,地点　経度（東経）,地点　緯度（北緯）_1,地点　経度（東経）_1,曜日(発生年月日),祝日(発生年月日),認知機能検査経過日数（当事者A）,認知機能検査経過日数（当事者B）,運転練習の方法（当事者A）,運転練習の方法（当事者B）
true,41,104,198,2,0,1,10070,0,204,2023,9,26,12,4,12,5,31,17,33,1,2,1,14,7,0,0,0,0,3,9,1,70,1,2,21,65,65,3,51,31,41,1,0,1,0,11,0,10,0,11,22,3,3,2,0,2,0,4,2,361812787,1393358273,36.303552,139.566187,3,3,9999,0,9,0
true,41,104,199,2,0,1,30000,0,204,2023,9,7,19,17,22,5,16,18,1,1,3,1,1,1,9,22,9,22,18,9,30,70,5,4,21,55,25,3,3,31,31,1,1,1,1,11,11,10,10,20,10,3,2,2,2,2,2,4,2,361839971,1393559903,36.311103,139.599973,5,3,9999,9999,9,1
true,41,104,200,2,0,1,500,542,204,2023,9,27,19,5,22,5,32,17,31,2,3,1,14,1,0,0,0,0,5,9,1,70,1,2,21,25,35,3,4,31,31,1,1,1,1,11,11,10,10,10,30,3,3,2,2,2,2,4,2,361747170,1393612344,36.296436,139.603429,4,3,9999,9999,1,1
true,41,105,111,2,0,1,30000,0,205,2023,9,1,20,44,22,5,11,18,10,1,3,1,1,1,9,22,9,22,15,8,30,70,1,2,21,25,25,3,4,31,31,1,1,1,1,1,1,4,4,10,10,2,2,1,1,2,2,2,4,363304054,1394701712,36.551126,139.783809,6,3,9999,9999,1,1
true,41,105,112,2,0,1,2930,0,205,2023,8,23,18,27,21,5,4,18,22,2,1,1,1,1,9,22,9,22,15,9,30,70,4,2,21,1,45,3,4,31,31,1,1,1,1,11,11,4,4,10,30,3,3,2,2,2,2,4,2,363233018,1394452207,36.542505,139.747835,4,3,9999,9999,1,5
true,41,105,113,2,0,1,2930,0,205,2023,9,5,9,45,12,5,14,18,4,1,1,1,1,7,9,22,9,22,14,9,30,70,4,2,21,75,25,3,3,31,31,1,1,1,1,11,11,3,3,20,10,2,2,2,2,1,2,4,2,363223809,1394451018,36.539947,139.747505,3,3,9999,9999,9,5
true,41,105,114,2,0,1,22680,0,205,2023,9,11,10,30,12,5,19,17,55,1,3,1,14,7,0,0,0,0,4,9,1,70,1,2,41,75,0,51,76,41,0,0,0,0,0,0,0,0,0,22,0,3,0,0,0,0,0,2,0,363338293,1394707807,36.560637,139.785502,2,3,0,0,0,0
true,41,105,115,2,0,1,30000,0,205,2023,8,28,19,14,21,5,8,18,15,2,1,1,14,1,0,0,0,0,2,9,1,70,4,3,1,1,1,3,61,31,0,1,0,1,0,11,0,3,0,50,0,4,0,2,0,2,0,4,2,363302689,1394702890,36.550747,139.784136,2,3,9999,0,1,0
true,41,105,116,2,0,1,99000,0,205,2023,9,4,10,18,12,5,13,18,5,3,2,2,0,7,0,0,0,0,0,0,20,70,0,4,21,75,25,3,4,31,31,1,1,1,1,11,11,10,10,10,50,3,3,2,2,2,2,4,2,363314137,1394724871,36.553927,139.790242,2,3,200,9999,9,1
true,41,105,117,2,0,1,21770,0,205,2023,9,13,7,10,12,5,20,17,52,1,2,1,14,7,0,0,0,0,3,9,1,70,4,4,21,25,75,13,14,31,31,11,11,1,1,11,11,4,4,10,30,3,3,2,2,2,2,4,2,363223802,1394139689,36.539945,139.694358,4,3,9999,223,9,9
true,41,105,118,2,0,1,1210,0,205,2023,9,22,19,9,22,5,28,17,39,3,1,2,1,1,9,22,9,22,15,9,30,70,5,2,21,35,55,3,4,31,31,1,1,1,1,11,11,2,3,80,50,3,3,2,2,2,2,4,2,363339891,1394459664,36.561081,139.749907,6,2,9999,9999,1,9
true,41,105,119,2,0,2,99000,0,205,2023,9,28,14,45,12,5,32,17,30,1,1,1,0,7,0,0,0,0,0,0,20,70,0,4,41,1,0,36,76,31,0,0,0,0,0,11,0,2,0,44,0,3,0,0,0,0,0,2,0,363238504,1394600674,36.544029,139.766854,5,3,9999,0,5,0
true,41,106,132,2,0,1,30000,0,209,2023,9,1,10,50,12,5,11,18,10,1,1,1,1,1,9,22,9,22,15,9,30,70,5,1,21,75,75,3,14,31,31,1,11,1,2,11,11,4,4,50,10,2,2,1,1,2,2,2,4,362649063,1400006563,36.446962,140.001823,6,3,260,191,9,9
true,41,106,133,2,0,1,30000,0,209,2023,8,17,5,18,11,4,59,18,30,1,2,1,1,7,9,22,9,22,14,9,30,70,5,4,21,65,75,3,4,31,31,1,1,1,1,11,11,10,10,50,60,3,3,2,2,2,2,4,2,362716592,1395912728,36.454609,139.986869,5,3,9999,746,9,9
true,41,106,134,2,0,1,30000,0,209,2023,9,3,0,11,22,5,13,18,7,2,3,1,1,7,9,22,0,0,11,9,30,70,5,3,1,55,25,3,61,1,0,1,0,1,0,11,0,5,0,50,0,3,0,2,0,2,0,4,2,362637504,1400014771,36.443751,140.004103,1,3,9999,0,9,0
true,41,106,135,2,0,1,20000,0,345,2023,9,5,21,20,22,5,14,18,4,3,2,2,1,7,1,21,9,22,18,9,30,70,1,2,21,35,25,3,51,31,41,1,0,1,0,11,0,10,0,80,10,3,3,2,0,2,0,4,2,363419132,1400019357,36.571981,140.005377,3,3,9999,0,1,0
true,41,106,136,2,0,3,10690,0,345,2023,8,30,22,24,22,5,9,18,13,1,3,1,1,1,9,22,9,22,18,9,30,70,1,2,21,1,45,3,3,31,1,1,1,1,1,11,11,5,5,80,50,1,1,1,1,2,2,2,2,363243102,1400343211,36.545306,140.062003,4,3,9999,9999,1,9
true,41,106,137,2,0,1,99000,0,345,2023,8,29,12,11,12,5,9,18,14,1,3,1,0,7,0,0,0,0,0,0,20,70,0,4,21,55,25,4,4,31,31,1,1,1,1,11,11,10,10,30,30,3,3,2,2,2,2,4,2,363244095,1400343103,36.545582,140.061973,3,3,9999,9999,9,1
true,41,106,138,2,0,2,2940,0,209,2023,9,9,10,47,12,5,17,17,58,2,3,2,14,1,0,0,0,0,6,9,1,70,1,2,21,25,45,3,3,31,31,1,1,1,1,11,11,5,5,10,30,3,3,2,2,2,2,4,2,362359672,1395814452,36.399909,139.970681,7,3,9999,9999,1,9
true,41,106,139,2,0,1,2940,0,209,2023,9,3,13,40,12,5,13,18,7,1,3,1,1,1,9,22,9,22,18,9,30,70,1,2,21,55,65,3,4,31,31,1,1,1,1,11,11,3,5,60,80,2,2,2,2,2,2,2,4,362437519,1395835890,36.410422,139.976636,1,3,9999,9999,9,9
true,41,106,140,2,0,1,10610,0,209,2023,9,9,16,0,12,5,17,17,58,1,1,1,14,1,0,0,0,0,3,9,1,70,4,2,1,55,55,3,61,31,0,1,0,1,0,11,0,4,0,80,0,3,0,2,0,2,0,4,2,362648772,1400128013,36.446881,140.024448,7,3,9999,0,9,0
true,41,106,141,2,0,1,10470,0,209,2023,9,12,17,46,13,5,20,17,54,1,3,1,1,1,9,22,9,22,18,9,30,70,1,2,21,75,1,3,35,31,31,1,0,1,0,11,11,4,4,80,40,3,3,2,0,2,0,4,2,362629353,1395930858,36.441487,139.991905,3,3,306,9999,9,1
true,41,106,142,2,0,1,30000,0,209,2023,9,13,17,12,13,5,20,17,52,1,1,1,1,7,9,22,9,22,15,9,30,70,5,4,21,55,1,3,51,31,41,1,0,1,0,11,0,10,0,80,10,2,2,2,0,2,0,4,2,362654089,1395912696,36.448358,139.98686,4,3,9999,0,9,0
true,41,106,143,2,0,1,30000,0,209,2023,9,14,14,30,12,5,21,17,51,1,3,1,1,7,9,22,0,0,11,8,30,70,5,4,41,55,0,51,76,41,0,0,0,0,0,0,0,0,0,40,0,3,0,0,0,0,0,2,0,362706955,1400020354,36.451932,140.005654,5,3,0,0,0,0
true,41,106,144,2,0,3,30000,0,342,2023,9,14,17,35,13,5,21,17,51,1,3,1,13,7,0,0,0,0,1,5,1,70,5,4,21,45,75,3,4,31,31,1,1,1,1,11,1,4,4,20,50,2,3,1,1,2,2,2,2,362839644,1400435990,36.477679,140.076664,5,3,9999,400,1,9
true,41,106,145,2,0,1,30000,0,345,2023,9,15,8,8,12,5,22,17,49,1,2,1,1,8,9,22,9,22,11,9,30,70,5,2,21,1,1,4,51,31,41,1,0,1,0,11,0,10,0,10,20,3,3,2,0,2,0,4,2,363352207,1400018421,36.564502,140.005117,6,3,9999,0,1,0
true,41,106,146,2,0,1,21660,0,209,2023,9,17,9,40,12,5,24,17,46,1,3,1,1,1,9,22,9,22,15,9,30,70,4,2,21,45,25,3,4,31,31,1,1,1,1,11,11,4,3,60,10,1,1,2,2,2,2,2,4,362250786,1395800152,36.380774,139.966709,1,2,9999,9999,1,1
true,41,106,147,2,0,2,20000,0,345,2023,9,17,15,4,12,5,24,17,46,1,3,1,1,1,9,22,9,22,15,9,30,70,4,2,21,65,75,3,4,31,31,1,1,1,1,11,11,5,5,20,10,1,1,2,1,1,2,2,4,363330251,1400413732,36.558403,140.070481,1,2,9999,473,9,9
true,41,106,148,2,0,1,1230,0,345,2023,9,17,18,5,21,5,24,17,46,1,3,1,14,7,0,0,0,0,3,9,1,70,6,2,21,55,35,4,33,31,31,1,0,1,0,11,11,5,5,10,30,2,2,2,0,2,0,4,2,363128412,1400115848,36.524559,140.021069,1,2,9999,9999,9,5
true,41,106,149,2,0,6,10450,0,209,2023,9,18,12,31,12,5,24,17,45,1,3,1,1,1,9,22,9,22,11,9,30,70,4,2,21,45,25,3,3,31,31,1,1,1,1,11,11,4,4,13,80,2,2,1,1,1,1,4,2,362526879,1400043405,36.424133,140.012057,2,1,9999,9999,1,1
true,41,106,150,2,0,1,22160,0,209,2023,9,8,9,40,12,5,17,18,0,3,2,2,1,1,9,22,9,22,15,9,30,70,4,2,21,75,35,17,4,31,31,11,1,1,1,11,11,3,3,50,80,2,1,2,1,2,2,4,2,362220899,1395806143,36.372472,139.968373,6,3,668,9999,1,1
true,41,106,151,2,0,1,30000,0,209,2023,9,20,11,44,12,5,26,17,42,1,1,1,14,7,0,0,0,0,3,9,1,70,4,2,41,65,0,51,76,41,0,0,0,0,0,0,0,0,0,20,0,3,0,0,0,0,0,2,0,362610219,1395920630,36.436172,139.989064,4,3,0,0,0,0
true,41,106,152,2,0,1,1230,0,342,2023,9,20,19,10,22,5,26,17,42,2,3,2,1,2,9,22,0,0,15,9,30,70,5,2,1,45,1,3,61,31,0,1,0,1,0,11,0,10,0,80,0,3,0,2,0,2,0,4,2,363001580,1400435011,36.500439,140.076392,4,3,9999,0,9,0
true,41,106,153,2,0,1,21660,0,209,2023,9,24,8,45,12,5,29,17,36,1,1,1,1,1,9,22,9,22,19,9,30,70,4,2,21,65,55,4,51,31,41,1,0,1,0,11,0,4,0,0,20,4,3,2,0,2,0,4,2,362251773,1395750713,36.381048,139.964087,1,3,9999,0,9,0
true,41,106,154,2,0,1,10470,0,209,2023,9,2,17,32,13,5,12,18,8,1,3,1,14,7,0,0,0,0,4,9,1,70,4,4,21,55,25,3,4,31,31,1,1,1,1,11,11,4,4,40,50,3,3,2,2,2,2,2,4,362614557,1395748712,36.437377,139.963531,7,3,9999,9999,9,9
true,41,106,155,2,0,1,10690,0,345,2023,9,25,8,42,12,5,30,17,34,2,2,1,14,1,0,0,0,0,3,9,1,70,1,1,21,55,25,4,14,31,31,1,11,1,1,11,11,10,10,10,33,3,4,2,2,2,2,4,2,363352006,1400044730,36.564446,140.012425,2,3,9999,9999,4,5
true,41,106,156,2,0,1,99000,0,342,2023,9,20,13,54,12,5,26,17,42,1,2,1,0,7,0,0,0,0,0,0,20,70,0,4,21,55,1,3,3,31,31,1,1,1,1,11,11,10,10,24,0,3,3,2,2,2,2,4,2,362931978,1400613853,36.492216,140.103848,4,3,9999,9999,9,1
true,41,106,157,2,0,1,20000,0,345,2023,9,25,20,45,22,5,30,17,34,1,3,1,14,7,0,0,0,0,3,7,1,70,4,3,41,75,0,51,76,41,0,0,0,0,0,0,0,0,0,20,0,3,0,0,0,0,0,2,0,363151596,1400415308,36.530999,140.070919,2,3,0,0,0,0
true,41,106,158,2,0,1,99000,0,209,2023,9,17,14,0,12,5,24,17,46,1,3,1,0,7,0,0,0,0,0,0,20,70,0,4,21,45,65,3,4,31,31,1,1,1,1,11,11,10,10,55,33,3,3,2,2,2,2,2,4,362630887,1400007142,36.441913,140.001984,1,2,9999,9999,1,9
true,41,106,159,2,0,1,1210,0,209,2023,9,27,11,41,12,5,32,17,31,2,3,1,14,7,0,0,0,0,3,9,1,70,4,3,41,55,0,4,75,31,0,1,0,1,0,11,0,4,0,10,0,1,0,1,0,2,0,2,0,362830032,1400143208,36.475009,140.028669,4,3,9999,0,9,0
true,41,106,160,2,0,1,30000,0,209,2023,9,29,17,56,21,5,33,17,28,2,1,1,1,7,9,22,0,0,14,9,30,70,4,2,1,25,75,4,61,31,0,1,0,1,0,11,0,3,0,50,0,3,0,2,0,2,0,4,2,362235648,1395759555,36.376569,139.966543,6,3,9999,0,1,0
true,41,106,161,2,0,1,30000,0,345,2023,9,25,7,46,12,5,30,17,34,1,3,1,1,7,1,21,9,22,14,9,30,70,4,4,21,35,1,3,14,31,31,1,11,2,1,0,11,10,4,20,10,1,1,2,2,2,2,4,2,362929497,1400056059,36.491527,140.015572,2,3,9999,9999,1,1
true,41,107,271,2,0,1,30000,0,208,2023,8,30,12,3,12,5,9,18,13,1,2,1,14,7,0,0,0,0,4,9,1,70,5,2,21,55,45,3,3,31,31,1,1,1,1,11,11,3,3,10,30,3,3,2,2,2,2,4,2,361541483,1394615377,36.261523,139.770938,4,3,9999,9999,9,1
true,41,107,272,2,0,1,30000,0,208,2023,9,2,16,20,12,5,12,18,8,1,3,1,14,7,0,0,0,0,3,9,1,70,5,4,41,1,0,51,75,41,0,0,0,0,0,0,0,0,0,10,0,3,0,0,0,0,0,2,0,361922346,1395030908,36.322874,139.841919,7,3,0,0,0,0
true,41,107,273,2,0,1,30000,0,208,2023,9,2,17,10,13,5,12,18,8,1,3,1,14,7,0,0,0,0,3,8,1,70,5,4,41,1,0,35,76,31,0,0,0,0,0,11,0,10,0,20,0,3,0,0,0,0,0,2,0,361427643,1394220758,36.241012,139.705766,7,3,0,0,0,0
true,41,107,274,2,0,1,30000,0,208,2023,8,9,12,9,12,4,52,18,39,3,3,2,1,7,1,21,9,22,14,9,30,70,5,4,21,25,35,3,3,31,31,1,1,1,1,11,1,10,10,10,70,3,3,2,2,2,2,4,2,361847876,1394933910,36.313299,139.826086,4,3,9999,9999,5,1
true,41,107,275,2,0,2,500,689,208,2023,8,30,13,32,12,5,9,18,13,1,3,1,14,7,0,0,0,0,5,9,1,70,1,2,21,65,45,3,13,31,31,1,11,1,1,11,11,10,10,30,10,3,3,2,2,2,2,2,4,361834337,1394508647,36.309538,139.752402,4,3,9999,9999,9,1
true,41,107,276,1,1,0,21740,0,208,2023,9,5,18,30,21,5,14,18,4,1,3,1,1,7,9,22,0,0,14,9,30,70,4,2,1,55,75,3,61,31,0,1,0,1,0,11,0,4,0,50,0,3,0,2,0,2,0,4,1,361455759,1394255721,36.248822,139.715478,3,3,9999,0,9,0
true,41,107,277,2,0,1,30000,0,208,2023,9,6,13,45,12,5,15,18,3,2,3,1,14,7,0,0,0,0,2,9,1,70,5,4,41,75,0,51,76,41,0,0,0,0,0,0,0,0,0,40,0,3,0,0,0,0,0,2,0,362146476,1394633172,36.36291,139.775881,4,3,0,0,0,0
true,41,107,278,2,0,1,30000,0,208,2023,8,25,18,47,21,5,5,18,20,1,2,1,14,7,0,0,0,0,3,9,1,70,4,2,21,45,35,3,4,31,31,1,1,1,1,11,11,3,3,10,30,3,3,2,2,2,2,4,2,361744142,1394926177,36.295595,139.823938,6,3,9999,9999,1,1
true,41,107,279,2,0,1,30000,0,208,2023,9,5,6,34,12,5,14,18,4,1,2,1,7,1,0,0,0,0,3,9,1,70,4,2,21,25,65,3,4,31,31,1,1,1,1,11,11,4,4,70,50,3,3,2,2,2,2,2,4,361648439,1394801634,36.280122,139.800454,3,3,9999,9999,1,9
true,41,107,280,2,0,1,30000,0,208,2023,9,2,17,38,13,5,12,18,8,1,3,1,1,7,9,22,9,22,11,9,30,70,5,4,21,75,1,14,51,31,41,11,0,1,0,11,0,10,0,50,10,3,3,2,0,2,0,4,2,361721224,1394643925,36.289229,139.778868,7,3,9999,0,9,0
true,41,107,281,2,0,1,30000,0,208,2023,9,9,12,10,12,5,17,17,58,2,2,1,7,7,0,0,0,0,3,9,1,70,5,2,41,1,0,51,75,41,0,0,0,0,0,0,0,0,0,40,0,3,0,0,0,0,0,2,0,361723958,1394815008,36.289988,139.804169,7,3,0,0,0,0
true,41,107,282,2,0,1,22650,0,208,2023,9,5,11,6,12,5,14,18,4,1,1,1,14,7,0,0,0,0,4,9,1,70,5,2,21,35,75,3,4,31,31,1,1,1,1,11,11,3,3,80,65,3,3,2,2,2,2,4,2,361840874,1394809439,36.311354,139.802622,3,3,9999,1080,1,9
true,41,107,283,2,0,1,30000,0,208,2023,8,29,17,35,13,5,9,18,14,1,3,1,1,7,9,22,1,21,11,9,30,70,4,1,21,45,1,3,51,31,41,1,0,1,0,11,0,3,0,50,10,3,2,2,0,2,0,4,2,361958022,1394714647,36.332784,139.787402,3,3,9999,0,1,0
true,41,107,284,2,0,1,500,780,208,2023,9,7,18,36,21,5,16,18,1,2,1,1,14,7,0,0,0,0,3,9,1,70,1,2,21,35,25,3,14,31,1,1,11,1,1,11,11,10,10,30,10,3,3,2,2,2,2,2,4,361750222,1394945066,36.297284,139.829185,5,3,9999,9999,1,1
true,41,107,285,2,0,1,10330,0,208,2023,8,26,14,0,12,5,6,18,18,1,1,1,14,7,0,0,0,0,3,9,1,70,4,2,21,45,55,3,4,31,31,1,1,1,1,11,11,4,4,30,10,3,3,2,2,2,2,2,4,361916025,1395020306,36.321118,139.838974,7,3,9999,9999,9,9
true,41,107,286,2,0,2,99000,0,208,2023,9,10,14,25,12,5,18,17,57,1,2,1,0,7,0,0,0,0,0,0,20,70,0,4,21,35,65,3,4,31,31,1,1,1,1,11,11,10,10,30,10,3,3,2,2,2,2,2,4,361846094,1394817132,36.312804,139.804759,1,3,9999,9999,5,9
true,41,107,287,2,0,1,21530,0,208,2023,8,23,12,40,12,5,4,18,22,3,2,2,1,7,9,22,9,22,14,9,30,70,4,2,21,45,25,3,4,31,31,1,1,1,1,11,11,3,3,30,50,3,3,2,2,2,2,2,4,361904872,1394427769,36.31802,139.741047,4,3,9999,9999,9,1
true,41,107,288,2,0,1,30000,0,364,2023,9,10,12,8,12,5,18,17,57,1,2,1,1,7,9,22,1,21,14,9,30,70,4,1,21,55,65,3,4,31,31,1,1,1,1,11,11,3,2,70,10,3,3,2,2,2,2,2,4,361352691,1394410140,36.231303,139.73615,1,3,9999,9999,9,9
true,41,107,289,2,0,2,30000,0,364,2023,8,30,18,2,13,5,9,18,13,1,3,1,14,7,0,0,0,0,3,9,1,70,4,2,21,35,55,3,3,31,31,1,1,1,1,11,11,4,4,10,30,3,3,2,2,2,1,4,2,361343306,1394416440,36.228696,139.7379,4,3,9999,9999,1,9
true,41,107,290,2,0,1,10330,0,208,2023,9,14,13,35,12,5,21,17,51,1,3,1,14,7,0,0,0,0,1,9,1,70,5,2,41,75,0,51,76,41,0,0,0,0,0,0,0,0,0,10,0,3,0,0,0,0,0,2,0,362107708,1394922120,36.352141,139.822811,5,3,0,0,0,0
true,41,107,291,2,0,2,40,726,208,2023,8,3,8,53,12,4,48,18,45,1,3,1,14,7,0,0,0,0,3,9,1,70,2,2,21,1,35,3,3,31,31,1,1,1,1,11,11,4,4,10,31,3,3,2,2,2,2,4,2,361557046,1394554083,36.265846,139.765023,5,3,9999,9999,1,1
true,41,107,292,2,0,1,10330,0,208,2023,9,8,17,30,13,5,17,18,0,3,3,2,14,7,0,0,0,0,4,9,1,70,2,2,21,25,25,3,13,31,31,1,11,1,1,11,11,4,4,10,30,3,3,2,2,2,2,4,2,361729162,1394742418,36.291434,139.795116,6,3,9999,9999,4,1
true,41,107,293,2,0,1,99000,0,208,2023,8,31,12,37,12,5,10,18,11,1,3,1,0,7,0,0,0,0,0,0,20,70,0,4,21,1,45,3,3,31,31,1,1,1,1,11,11,10,10,30,30,3,3,2,2,2,2,4,2,361644324,1394828253,36.278979,139.807848,5,3,9999,9999,1,1
true,41,107,294,2,0,1,30000,0,208,2023,9,17,15,8,12,5,24,17,46,1,3,1,14,7,0,0,0,0,3,9,1,70,5,4,21,35,1,4,51,31,41,1,0,2,0,11,0,10,0,40,10,3,3,2,0,2,0,4,2,361756238,1394832778,36.298955,139.809105,1,2,9999,0,4,0
true,41,107,295,2,0,1,30000,0,208,2023,9,19,17,10,13,5,25,17,43,1,3,1,14,7,0,0,0,0,1,9,1,70,5,4,41,1,0,51,76,41,0,0,0,0,0,0,0,0,0,20,0,3,0,0,0,0,0,2,0,362054701,1395136677,36.348528,139.860188,3,3,0,0,0,0
true,41,107,296,2,0,1,41,772,208,2023,9,13,10,50,12,5,20,17,52,1,2,1,14,7,0,0,0,0,6,9,1,70,1,3,21,45,65,11,3,31,31,11,1,2,1,11,11,10,10,50,40,3,3,2,2,2,2,4,4,361924067,1395108035,36.323352,139.852232,4,3,9999,9999,9,9
true,41,107,297,2,0,1,99000,0,208,2023,9,20,12,53,12,5,26,17,42,1,3,1,0,7,0,0,0,0,0,0,20,70,0,4,21,1,25,3,3,31,31,1,1,1,1,11,11,10,10,60,80,3,3,2,2,2,2,4,2,361906395,1394820419,36.318443,139.805672,4,3,9999,9999,1,1
true,41,107,298,2,0,1,22640,0,208,2023,9,9,17,54,13,5,17,17,58,2,2,1,14,7,0,0,0,0,3,7,1,70,5,2,21,55,0,4,0,31,0,1,0,1,0,11,0,4,0,30,0,3,0,2,0,2,0,2,0,361832036,1395002638,36.308899,139.834066,7,3,9999,0,9,0
true,41,107,299,2,0,1,500,740,208,2023,9,17,5,43,11,5,24,17,46,1,2,1,14,7,0,0,0,0,4,9,1,70,1,2,21,25,45,3,3,31,31,1,1,1,1,11,11,5,5,10,30,2,2,2,2,2,2,4,2,361749978,1394949674,36.297216,139.830465,1,2,9999,9999,5,1
true,41,107,300,2,0,1,500,770,208,2023,9,22,8,18,12,5,28,17,39,2,2,1,14,7,0,0,0,0,4,9,1,70,1,2,21,45,25,12,4,31,31,11,1,1,1,11,11,10,10,10,30,3,3,2,2,2,2,4,2,361804892,1394803236,36.301359,139.800899,6,2,9999,9999,1,1
true,41,107,301,2,0,1,30000,0,208,2023,9,24,5,42,11,5,29,17,36,1,3,1,14,7,0,0,0,0,2,9,1,70,5,4,1,55,75,4,61,31,0,1,0,1,0,11,0,10,0,10,0,3,0,2,0,2,0,4,2,362134722,1394908112,36.359645,139.81892,1,3,9999,0,9,0
true,41,107,302,2,0,2,30000,0,208,2023,9,24,9,10,12,5,29,17,36,1,3,1,1,7,1,22,9,22,11,9,30,70,5,4,21,25,45,4,4,31,31,1,1,1,1,11,11,10,2,81,51,3,3,1,1,2,2,4,2,361506365,1394602269,36.251768,139.767297,1,3,9999,9999,1,1
true,41,107,303,2,0,4,500,780,208,2023,9,2,22,7,22,5,12,18,8,1,2,1,14,7,0,0,0,0,4,9,1,70,1,2,21,35,35,3,4,31,31,1,1,1,1,11,11,10,10,10,30,3,3,2,2,2,2,4,2,361750496,1394946308,36.29736,139.82953,7,3,9999,9999,5,1
true,41,107,304,2,0,2,20000,0,208,2023,9,22,7,52,12,5,28,17,39,2,2,1,1,1,9,22,9,22,15,3,30,70,5,2,21,65,25,3,13,31,31,1,11,1,1,11,11,4,4,30,10,3,3,2,2,2,2,2,4,361853212,1394840709,36.314781,139.811308,6,2,9999,9999,5,5
true,41,107,305,2,0,1,30000,0,364,2023,9,7,17,55,13,5,16,18,1,1,3,1,1,7,9,22,9,22,15,9,30,70,5,4,21,35,55,3,4,31,31,1,1,1,1,11,11,10,10,60,50,3,3,2,2,2,2,2,4,361344368,1394329075,36.228991,139.724743,5,3,9999,9999,1,9
true,41,107,306,2,0,1,30000,0,364,2023,9,26,14,30,12,5,31,17,33,1,1,1,14,7,0,0,0,0,3,9,1,70,4,2,41,75,0,51,76,41,0,0,0,0,0,0,0,0,0,20,0,3,0,0,0,0,0,2,0,361346816,1394419543,36.229671,139.738762,3,3,0,0,0,0
true,41,107,307,2,0,1,500,777,208,2023,9,20,22,5,22,5,26,17,42,2,2,1,1,1,9,22,9,22,15,8,30,70,1,2,21,35,25,3,4,31,31,1,1,1,1,11,11,10,10,50,40,3,3,2,2,2,2,4,2,361804637,1394804630,36.301288,139.801286,4,3,9999,9999,1,1
true,41,107,308,2,0,1,22640,0,208,2023,9,25,11,38,12,5,30,17,34,1,1,1,14,7,0,0,0,0,3,9,1,70,4,2,21,25,45,3,4,31,31,1,1,1,1,11,11,3,3,10,30,3,3,2,2,2,2,4,2,361844258,1394916414,36.312294,139.821226,2,3,9999,9999,1,1
true,41,107,309,1,1,0,30000,0,208,2023,9,28,5,45,11,5,32,17,30,2,2,1,14,7,0,0,0,0,3,9,1,70,4,4,21,25,65,4,23,31,0,1,0,1,0,11,11,4,10,81,63,2,2,1,0,2,0,4,1,361949681,1394858900,36.330467,139.816361,5,3,9999,9999,1,9
true,41,107,310,2,0,1,10540,0,208,2023,9,28,13,58,12,5,32,17,30,1,2,1,1,7,9,22,9,22,14,7,30,70,4,1,21,35,75,3,51,31,41,1,0,1,0,11,0,4,0,50,10,3,3,2,0,2,0,4,2,361617432,1394631238,36.271509,139.775344,5,3,9999,0,1,0
true,41,107,311,2,0,1,40,782,208,2023,9,29,16,46,13,5,33,17,28,2,2,1,1,1,9,22,9,22,15,9,30,70,4,2,21,45,65,3,51,31,41,1,0,1,0,11,0,3,0,80,20,3,3,2,0,2,0,4,2,361854706,1394806307,36.315196,139.801752,6,3,9999,0,1,0
true,41,107,312,2,0,1,99000,0,208,2023,9,30,8,2,12,5,34,17,27,1,3,1,0,7,0,0,0,0,0,0,20,70,0,4,41,45,0,4,75,31,0,1,0,1,0,11,0,10,0,10,0,3,0,2,0,2,0,4,0,362126064,1394743768,36.35724,139.795491,7,3,9999,0,9,0
true,41,108,70,2,0,1,30000,0,210,2023,9,1,7,42,12,5,11,18,10,1,3,1,13,7,0,0,0,0,2,3,1,70,5,4,21,35,1,3,51,31,41,1,0,1,0,11,0,10,0,20,20,3,3,2,0,2,0,4,2,365333727,1400249268,36.892702,140.047019,6,3,9999,0,5,0