資料区分,都道府県コード,警察署等コード,本票番号,事故内容,死者数,負傷者数,路線コード,地点コード,市区町村コード,発生日時　　年,発生日時　　月,発生日時　　日,発生日時　　時,発生日時　　分,昼夜,日の出時刻　　時,日の出時刻　　分,日の入り時刻　　時,日の入り時刻　　分,天候,地形,路面状態,道路形状,信号機,一時停止規制　標識（当事者A）,一時停止規制　表示（当事者A）,一時停止規制　標識（当事者B）,一時停止規制　表示（当事者B）,車道幅員,道路線形,衝突地点,ゾーン規制,中央分離帯施設等,歩車道区分,事故類型,年齢（当事者A）,年齢（当事者B）,当事者種別（当事者A）,当事者種別（当事者B）,用途別（当事者A）,用途別（当事者B）,車両形状等（当事者A）,車両形状等（当事者B）,オートマチック車（当事者A）,オートマチック車（当事者B）,サポカー（当事者A）,サポカー（当事者B）,速度規制（指定のみ）（当事者A）,速度規制（指定のみ）（当事者B）,車両の衝突部位（当事者A）,車両の衝突部位（当事者B）,車両の損壊程度（当事者A）,車両の損壊程度（当事者B）,エアバッグの装備（当事者A）,エアバッグの装備（当事者B）,サイドエアバッグの装備（当事者A）,サイドエアバッグの装備（当事者B）,人身損傷程度（当事者A）,人身損傷程度（当事者B）,地点　緯度（北緯）,地点　経度（東経）,地点　緯度（北緯）_1,地点　経度（東経）_1,曜日(発生年月日),祝日(発生年月日),認知機能検査経過日数（当事者A）,認知機能検査経過日数（当事者B）,運転練習の方法（当事者A）,運転練習の方法（当事者B）
true,41,101,257,2,0,1,10060,0,201,2023,9,19,7,5,12,5,25,17,43,1,3,1,14,7,0,0,0,0,3,9,1,70,4,2,21,55,35,3,4,31,31,1,1,1,1,0,0,5,5,30,10,3,3,2,2,2,2,2,4,363259352,1395035196,36.54982,139.84311,3,3,9999,9999,9,1
true,41,101,258,2,0,1,95000,0,201,2023,10,10,12,20,12,5,43,17,12,2,2,1,14,7,0,0,0,0,2,8,1,70,1,2,41,1,0,51,76,41,0,0,0,0,0,0,0,0,0,10,0,3,0,0,0,0,0,2,0,363614605,1395303732,36.604057,139.88437,3,3,0,0,0,0
true,41,101,259,2,0,1,30000,0,201,2023,10,8,22,57,22,5,41,17,15,3,2,1,1,7,9,22,9,22,14,9,30,70,5,4,21,25,1,3,51,31,41,1,0,1,0,11,0,10,0,10,40,3,3,2,0,2,0,4,2,363250093,1395147383,36.547248,139.863162,1,2,9999,0,1,0
true,41,101,260,2,0,1,30000,0,201,2023,10,9,10,0,12,5,42,17,14,3,1,2,1,7,1,21,9,22,14,9,30,70,4,3,21,45,45,3,3,31,31,1,1,1,1,11,11,10,2,50,10,3,3,2,2,2,2,4,2,363533295,1395124754,36.592582,139.856876,2,1,9999,9999,9,1
true,41,101,261,2,0,1,99000,0,201,2023,10,11,11,48,12,5,43,17,11,1,1,1,0,7,0,0,0,0,0,0,20,70,0,2,21,45,45,13,4,31,31,11,1,1,1,11,11,10,10,30,30,3,3,2,2,2,2,2,4,363612931,1395046439,36.603592,139.846233,4,3,9999,9999,5,1
true,41,101,262,2,0,1,30000,0,201,2023,9,8,2,18,22,5,17,18,0,2,1,1,14,7,0,0,0,0,3,9,1,70,4,2,21,25,25,3,3,31,31,1,1,1,1,11,11,2,2,10,50,3,3,2,2,2,2,4,2,363337346,1395309352,36.560374,139.885931,6,3,9999,9999,1,1
true,41,101,263,2,0,1,30000,0,201,2023,10,4,7,0,12,5,37,17,21,3,3,2,1,7,1,21,9,22,14,9,30,70,5,3,21,45,45,3,4,31,31,1,1,1,1,11,11,10,10,80,10,2,2,2,1,2,2,4,2,363657380,1395036481,36.615939,139.843467,4,3,9999,9999,1,9
true,41,101,264,2,0,2,30000,0,201,2023,10,9,15,40,12,5,42,17,14,3,1,2,14,7,0,0,0,0,3,9,1,70,4,3,21,75,45,3,14,31,1,1,11,1,1,11,11,3,3,10,30,3,3,2,2,2,2,4,2,363344896,1395120945,36.562471,139.855818,2,1,9999,9999,9,9
true,41,101,265,2,0,1,20000,0,201,2023,10,18,13,41,12,5,50,17,1,1,2,1,14,7,0,0,0,0,2,9,1,70,4,2,21,55,35,3,51,31,41,1,0,1,0,0,0,10,0,80,10,3,3,2,0,2,0,4,2,363332130,1395316922,36.558925,139.888034,4,3,9999,0,9,0
true,41,101,266,2,0,1,30000,0,201,2023,10,19,18,24,22,5,51,17,0,1,1,1,1,7,1,21,9,22,14,9,30,70,5,4,21,45,65,3,4,31,31,1,1,1,1,11,11,10,2,20,80,2,2,1,1,1,2,4,2,363408098,1395201996,36.568916,139.867221,5,3,9999,9999,1,9
true,41,101,267,2,0,1,99000,0,201,2023,10,19,17,15,21,5,51,17,0,1,3,1,0,7,0,0,0,0,0,0,20,70,0,4,41,75,0,51,76,41,0,0,0,0,0,0,0,0,0,10,0,3,0,0,0,0,0,2,0,363255198,1395106131,36.548666,139.851703,5,3,0,0,0,0
true,41,101,268,2,0,1,1190,0,201,2023,10,8,16,10,12,5,41,17,15,2,1,1,14,1,0,0,0,0,1,9,1,70,1,2,21,55,65,4,4,31,31,1,1,1,1,11,11,4,3,85,0,3,3,2,2,2,2,4,4,363353698,1395204987,36.564916,139.868052,1,2,9999,9999,9,9
true,41,101,269,2,0,1,30000,0,201,2023,10,21,21,31,22,5,52,16,57,1,1,1,14,7,0,0,0,0,3,9,1,70,5,2,21,1,45,3,3,31,31,1,1,1,1,11,11,10,2,50,50,3,3,2,2,2,2,4,2,363332584,1395308902,36.559051,139.885806,7,3,9999,9999,1,9
true,41,101,270,2,0,1,30000,0,201,2023,10,19,17,43,21,5,51,17,0,1,2,1,13,7,0,0,0,0,3,3,1,70,5,4,21,25,35,3,3,31,31,1,1,1,1,11,11,2,2,50,50,3,3,2,2,2,2,4,2,363424020,1395006533,36.573339,139.835148,5,3,9999,9999,5,1
true,41,101,271,2,0,2,20000,0,201,2023,10,27,0,1,22,5,58,16,50,1,1,1,14,7,0,0,0,0,3,9,1,70,4,2,21,1,25,3,4,31,31,1,1,1,1,11,11,3,3,10,14,2,2,1,1,2,2,4,2,363444814,1395033626,36.579115,139.842674,6,3,9999,9999,1,1
true,41,101,272,2,0,1,99000,0,201,2023,10,28,12,34,12,5,59,16,49,2,3,2,0,7,0,0,0,0,0,0,20,70,0,4,41,1,0,51,75,41,0,0,0,0,0,0,0,0,0,0,0,3,0,0,0,0,0,2,0,363344006,1394941164,36.562224,139.828101,7,3,0,0,0,0
true,41,101,273,2,0,1,30000,0,201,2023,10,27,15,10,12,5,58,16,50,1,1,1,1,7,1,21,9,22,14,9,30,70,4,2,21,65,45,3,51,31,41,1,0,1,0,11,0,10,0,10,20,3,3,2,0,2,0,4,2,363321316,1395300452,36.555921,139.883459,6,3,9999,0,9,0
true,41,102,256,2,0,1,30000,0,203,2023,9,30,17,33,21,5,34,17,27,1,2,1,14,7,0,0,0,0,3,9,1,70,4,2,1,45,55,34,61,31,0,0,0,0,0,11,0,3,0,10,0,3,0,0,0,0,0,4,2,362321070,1394447688,36.389186,139.74658,7,3,9999,0,5,0
true,41,102,257,2,0,1,30000,0,361,2023,9,4,13,10,12,5,13,18,5,3,2,1,1,7,1,21,9,22,14,9,30,70,5,4,21,25,35,3,4,31,31,1,1,1,1,0,11,10,10,70,80,3,3,2,2,2,2,4,2,362834309,1394959873,36.476197,139.833298,2,3,9999,9999,1,1
true,41,102,258,2,0,2,10030,0,203,2023,9,16,18,25,21,5,23,17,48,1,3,1,14,7,0,0,0,0,4,9,1,70,2,2,21,25,25,4,4,31,31,1,1,1,1,11,11,4,4,80,40,3,3,2,2,2,2,4,2,362421341,1394453502,36.405928,139.748195,7,3,9999,9999,1,1
true,41,102,259,2,0,1,22520,0,203,2023,10,3,14,45,12,5,37,17,22,2,2,1,14,7,0,0,0,0,3,9,1,70,4,2,21,75,75,14,51,31,41,11,0,1,0,11,0,4,0,80,30,3,3,2,0,2,0,4,2,361951020,1394248193,36.330839,139.713387,3,3,181,0,9,0
true,41,102,260,2,0,1,10710,0,361,2023,4,19,17,34,13,5,2,18,18,1,3,1,7,1,0,0,0,0,1,8,1,70,4,3,21,35,1,3,3,31,31,1,1,1,1,11,11,4,4,70,50,3,3,2,2,2,2,4,2,362743762,1394935504,36.462156,139.826529,4,3,9999,9999,1,5
true,41,102,261,2,0,1,10500,0,203,2023,10,3,23,20,22,5,37,17,22,2,3,1,14,7,0,0,0,0,3,9,1,70,4,4,41,55,0,35,75,31,0,0,0,0,0,11,0,3,0,40,0,3,0,0,0,0,0,2,0,361606060,1394031512,36.26835,139.67542,3,3,9999,0,9,0
true,41,102,262,2,0,1,10750,0,203,2023,10,4,7,40,12,5,37,17,21,2,3,1,13,7,0,0,0,0,3,4,1,70,4,2,21,75,65,3,3,31,31,1,1,1,1,11,11,4,4,10,56,2,2,1,1,2,2,4,2,362216640,1393935374,36.371289,139.659826,4,3,253,9999,9,9
true,41,102,263,2,0,1,23090,0,203,2023,9,29,10,38,12,5,33,17,28,1,1,1,14,7,0,0,0,0,4,9,1,70,1,2,21,75,55,11,3,31,31,11,1,2,1,11,11,4,4,80,60,3,2,2,2,2,2,4,2,362339887,1394337783,36.394413,139.727162,6,3,1078,9999,9,9
true,41,102,264,2,0,1,21720,0,361,2023,10,4,7,4,12,5,37,17,21,3,3,2,14,7,0,0,0,0,3,9,1,70,4,2,21,25,35,3,3,31,31,1,1,1,1,11,11,4,4,10,30,3,3,2,2,2,2,4,2,362754209,1394824566,36.465058,139.806824,4,3,9999,9999,1,5
true,41,102,265,2,0,1,21720,0,361,2023,10,10,11,3,12,5,43,17,12,2,3,1,7,7,0,0,0,0,3,6,1,70,2,2,21,75,75,4,36,31,31,1,0,1,0,11,11,4,10,40,40,3,3,2,0,2,0,4,2,362615958,1394753095,36.437766,139.798082,3,3,126,991,1,1
true,41,102,266,2,0,1,500,597,203,2023,10,10,12,32,12,5,43,17,12,1,2,1,1,1,9,22,9,22,15,9,30,70,1,2,21,45,45,12,3,1,31,11,1,2,1,11,11,10,4,10,20,3,3,2,2,2,2,4,2,361849864,1393926762,36.313851,139.657434,3,3,9999,9999,5,9
true,41,102,267,2,0,1,10710,0,361,2023,10,15,17,22,21,5,47,17,5,2,2,1,1,7,9,22,9,22,15,9,30,70,4,2,21,35,25,3,51,31,41,1,0,1,0,11,0,4,0,50,10,3,3,2,0,2,0,4,2,362744258,1395005078,36.462294,139.834744,1,3,9999,0,1,0
true,41,102,268,2,0,1,23090,0,203,2023,9,21,10,25,12,5,27,17,40,2,2,2,14,1,0,0,0,0,3,9,1,70,4,2,21,55,45,11,4,1,31,11,1,2,1,0,0,4,4,10,30,3,3,2,2,2,2,4,2,362220262,1394255220,36.372295,139.715339,5,3,9999,9999,9,5
true,41,102,269,2,0,1,30000,0,203,2023,10,14,12,34,12,5,46,17,7,1,3,2,1,7,9,22,9,22,11,9,30,70,4,3,21,65,45,4,4,31,31,1,1,1,1,11,11,2,2,10,30,3,2,2,2,2,2,4,2,362219722,1394253827,36.372145,139.714952,7,3,9999,9999,9,1
true,41,102,270,2,0,2,21720,0,361,2023,9,30,18,42,22,5,34,17,27,2,2,1,14,7,0,0,0,0,3,9,1,70,4,3,21,35,45,3,22,31,0,1,0,1,0,11,11,4,4,30,10,2,3,2,0,2,0,2,4,362808692,1394837372,36.469081,139.810381,7,3,9999,9999,1,9
true,41,102,271,2,0,1,30000,0,203,2023,10,22,13,20,12,5,53,16,56,1,2,1,14,7,0,0,0,0,2,9,1,70,5,4,41,75,0,51,76,41,0,0,0,0,0,0,0,0,0,40,0,3,0,0,0,0,0,2,0,362239997,1394345898,36.377777,139.729416,1,3,0,0,0,0
true,41,102,272,2,0,1,30000,0,203,2023,10,23,8,0,12,5,54,16,55,1,1,1,14,7,0,0,0,0,2,9,1,70,5,4,41,55,0,51,76,41,0,0,0,0,0,0,0,0,0,40,0,3,0,0,0,0,0,2,0,362206636,1394318480,36.36851,139.7218,2,3,0,0,0,0
true,41,102,273,2,0,1,99000,0,203,2023,10,24,14,50,12,5,55,16,54,1,3,1,0,7,0,0,0,0,0,0,20,70,0,4,41,45,0,3,75,31,0,1,0,1,0,11,0,10,0,10,0,3,0,2,0,2,0,4,0,362111830,1394237350,36.353286,139.710375,3,3,9999,0,9,0
true,41,102,274,2,0,1,30000,0,361,2023,10,14,11,48,12,5,46,17,7,1,3,1,1,7,1,22,9,22,14,9,30,70,5,4,21,75,55,4,4,31,31,1,1,1,1,11,11,10,10,10,50,3,3,2,2,2,2,4,2,362720192,1394928096,36.455609,139.824471,7,3,430,9999,9,9
true,41,102,275,2,0,1,10110,0,203,2023,10,5,18,24,22,5,38,17,19,1,2,1,7,1,0,0,0,0,4,9,1,70,1,2,21,55,25,12,3,1,31,11,1,2,1,11,11,5,5,10,30,3,3,2,2,2,2,4,2,362119473,1394247978,36.355409,139.713327,5,3,9999,9999,9,1
true,41,102,276,2,0,1,30000,0,203,2023,10,2,8,20,12,5,36,17,24,1,1,1,1,7,1,21,9,22,15,9,30,70,5,4,21,75,45,3,3,31,31,1,1,1,1,11,11,10,2,50,20,3,3,2,2,2,2,4,2,362227102,1394331472,36.374195,139.725409,2,3,449,9999,9,1
true,41,102,277,2,0,1,10020,0,361,2023,10,23,15,42,12,5,54,16,55,1,2,1,7,1,0,0,0,0,4,9,1,70,1,2,21,35,55,13,4,31,31,11,1,1,1,11,11,5,5,60,80,3,3,2,2,2,2,2,4,362715167,1394923236,36.454213,139.823121,2,3,9999,9999,1,9
true,41,102,278,2,0,1,10750,0,203,2023,8,19,23,47,22,5,1,18,27,1,3,1,14,7,0,0,0,0,3,9,1,70,4,2,21,1,35,3,3,31,31,1,1,1,1,11,11,4,4,10,80,2,1,2,1,2,2,4,2,362049819,1393712547,36.347172,139.620152,7,3,9999,9999,5,9
true,41,102,279,2,0,1,22520,0,203,2023,10,21,11,34,12,5,52,16,57,1,2,1,14,7,0,0,0,0,4,9,1,70,4,2,21,55,45,3,3,31,31,1,1,1,1,11,11,4,4,10,30,2,2,2,2,2,2,4,2,361905488,1394243312,36.318191,139.712031,7,3,9999,9999,9,1
true,41,102,280,2,0,1,500,587,203,2023,10,20,18,24,22,5,51,16,59,1,3,1,14,7,0,0,0,0,3,9,1,70,1,2,21,45,35,4,4,31,31,1,1,1,1,11,11,10,10,10,30,2,2,1,2,2,2,4,2,361837782,1393848869,36.310495,139.646908,6,3,9999,9999,1,1
true,41,102,281,2,0,2,10020,0,361,2023,10,23,7,45,12,5,54,16,55,1,3,1,14,7,0,0,0,0,4,9,1,70,1,2,21,25,45,12,4,31,31,11,1,2,2,11,11,4,4,60,80,3,2,2,2,2,2,2,4,362449824,1394750543,36.41384,139.797373,2,3,9999,9999,1,1
true,41,102,282,2,0,1,22520,0,203,2023,10,30,12,20,12,6,1,16,47,1,3,1,14,7,0,0,0,0,3,9,1,70,4,2,41,1,0,51,76,41,0,0,0,0,0,0,0,0,0,40,0,3,0,0,0,0,0,2,0,361940732,1394247372,36.327981,139.713159,2,3,0,0,0,0
true,41,102,283,2,0,1,30000,0,203,2023,9,9,12,57,12,5,17,17,58,2,3,1,1,7,1,22,9,22,14,9,30,70,5,4,21,25,25,3,3,31,31,1,1,1,1,11,11,10,10,51,80,2,2,1,2,1,2,4,2,361605826,1393922352,36.268285,139.656209,7,3,9999,9999,1,1
true,41,102,284,2,0,1,22690,0,203,2023,10,25,16,33,13,5,56,16,53,2,2,1,14,7,0,0,0,0,3,9,1,70,5,2,21,45,1,3,51,31,41,1,0,1,0,11,0,3,0,40,20,3,3,2,0,2,0,4,2,362224492,1394250623,36.37347,139.714062,4,3,9999,0,1,0
true,41,103,217,2,0,1,30000,0,202,2023,10,2,11,54,12,5,36,17,24,1,2,1,14,7,0,0,0,0,4,9,1,70,4,2,1,1,75,51,61,41,0,0,0,0,0,0,0,0,0,10,0,3,0,0,0,0,0,4,2,361901103,1392716186,36.316973,139.454496,2,3,0,0,0,0
true,41,103,218,2,0,1,99000,0,202,2023,9,17,17,12,13,5,24,17,46,1,2,1,0,7,0,0,0,0,0,0,20,70,0,4,21,25,75,3,51,31,41,1,0,1,0,11,0,10,0,80,20,3,3,2,0,2,0,4,2,362121337,1392403316,36.355927,139.400921,1,2,9999,0,1,0
true,41,103,219,2,0,1,20000,0,202,2023,10,3,10,30,12,5,37,17,22,1,3,5,14,7,0,0,0,0,1,7,1,70,5,4,41,75,0,51,76,41,0,0,0,0,0,0,0,0,0,20,0,3,0,0,0,0,0,2,0,361655060,1393159747,36.281961,139.533263,3,3,0,0,0,0
true,41,103,220,2,0,1,10670,0,202,2023,9,18,9,40,12,5,24,17,45,2,2,1,14,7,0,0,0,0,3,9,1,70,4,2,21,25,35,4,4,31,31,1,1,1,1,11,11,3,3,10,30,2,3,2,2,2,2,4,2,361856610,1393035082,36.315725,139.509745,2,1,9999,9999,1,9
true,41,103,221,2,0,1,99000,0,202,2023,10,7,18,35,22,5,40,17,16,1,2,1,0,7,0,0,0,0,0,0,20,70,0,4,41,75,0,3,75,31,0,1,0,1,0,11,0,10,0,10,0,2,0,1,0,2,0,4,0,362142448,1392307426,36.361791,139.385396,7,3,315,0,9,0
true,41,103,222,2,0,2,10080,0,202,2023,9,10,11,29,12,5,18,17,57,1,3,1,14,7,0,0,0,0,4,9,1,70,4,3,41,25,0,4,75,31,0,1,0,1,0,1,0,3,0,10,0,1,0,1,0,2,0,4,0,361658040,1393046120,36.282789,139.512811,1,3,9999,0,1,0
true,41,103,223,2,0,1,10380,0,202,2023,9,21,18,21,21,5,27,17,40,2,3,1,14,1,0,0,0,0,4,9,1,70,4,2,21,55,25,4,4,31,31,1,1,1,1,11,11,3,3,10,30,3,3,2,2,2,2,4,2,361758819,1392620879,36.299672,139.439133,5,3,9999,9999,1,1
true,41,103,224,2,0,1,10390,0,202,2023,10,11,10,1,12,5,43,17,11,1,2,1,14,7,0,0,0,0,2,9,20,70,4,4,21,35,55,4,4,31,31,1,1,1,1,11,11,3,3,80,51,3,1,2,1,2,2,4,2,361955729,1392525248,36.332147,139.42368,4,3,9999,9999,1,9
true,41,103,225,2,0,2,10380,0,202,2023,6,28,10,18,12,4,24,19,3,1,2,1,1,7,1,21,9,22,14,9,30,70,5,2,21,65,25,3,3,31,31,1,1,2,2,11,11,2,3,80,80,2,2,2,2,2,2,2,2,362000928,1392658484,36.333591,139.449579,4,3,9999,9999,9,1
true,41,103,226,2,0,1,10670,0,202,2023,9,29,19,21,22,5,33,17,28,2,2,1,1,1,9,22,9,22,15,9,30,70,4,2,21,75,1,4,51,31,41,1,0,1,0,11,0,4,0,10,40,3,3,2,0,2,0,4,2,362056112,1392429959,36.34892,139.408322,6,3,343,0,9,0
true,41,103,227,2,0,1,30000,0,202,2023,10,12,7,55,12,5,44,17,9,1,2,1,14,7,0,0,0,0,3,9,1,70,4,2,21,25,45,4,35,31,31,1,0,1,0,11,11,4,4,30,10,3,3,2,0,2,0,2,4,362004268,1392609294,36.334519,139.435915,5,3,9999,9999,1,5
true,41,103,228,2,0,1,30000,0,202,2023,10,14,15,7,12,5,46,17,7,1,2,1,14,7,0,0,0,0,3,9,1,70,5,4,1,45,1,3,61,31,0,1,0,2,0,11,0,10,0,60,0,3,0,2,0,2,0,4,2,361900534,1392700389,36.316815,139.450108,7,3,9999,0,1,0
true,41,103,229,2,0,1,30000,0,202,2023,10,15,11,23,12,5,47,17,5,3,1,2,1,7,9,22,1,21,17,9,30,70,4,3,21,1,45,3,4,31,31,1,1,1,1,11,11,10,2,10,41,2,2,1,2,1,2,2,4,362000924,1392658535,36.33359,139.449593,1,3,9999,9999,1,1
true,41,103,230,2,0,1,30000,0,202,2023,10,17,7,28,12,5,49,17,3,1,2,1,14,7,0,0,0,0,1,9,1,1,5,4,21,35,75,4,51,31,41,1,0,1,0,0,0,2,0,0,0,3,2,2,0,2,0,4,2,361841469,1392537245,36.311519,139.427013,3,3,9999,0,1,0
true,41,103,231,2,0,1,10400,0,202,2023,10,13,17,12,21,5,45,17,8,1,1,1,14,1,0,0,0,0,2,9,1,70,4,2,21,35,55,3,4,31,31,1,1,1,1,11,11,3,3,30,10,3,3,2,2,2,2,2,4,362016638,1392643253,36.337955,139.445348,6,3,9999,9999,1,9
true,41,103,232,2,0,1,10380,0,202,2023,10,16,8,44,12,5,48,17,4,1,2,1,14,7,0,0,0,0,3,9,1,70,5,4,21,35,65,3,4,31,31,1,1,1,1,0,0,3,3,0,0,3,3,2,2,2,2,2,4,361913375,1392634440,36.320382,139.4429,2,3,9999,9999,9,9
true,41,103,233,2,0,1,500,350,202,2023,9,22,21,54,22,5,28,17,39,3,2,1,14,7,0,0,0,0,3,9,1,70,2,2,21,45,25,3,4,31,31,1,1,1,1,0,0,10,10,0,0,3,3,2,2,2,2,4,2,361719039,1393007448,36.288622,139.502069,6,2,9999,9999,1,1
true,41,103,234,2,0,1,10380,0,202,2023,10,19,14,11,12,5,51,17,0,1,2,1,14,7,0,0,0,0,3,9,1,70,5,2,21,65,25,3,14,31,31,1,11,2,2,11,1,3,3,10,30,3,3,2,2,2,2,4,2,361912796,1392633983,36.320221,139.442773,5,3,9999,9999,4,5
true,41,103,235,2,0,1,30000,0,202,2023,10,8,10,4,12,5,41,17,15,2,2,1,1,7,9,22,9,22,14,9,30,70,5,2,21,25,45,3,3,31,31,1,1,2,2,11,1,10,10,50,80,2,2,2,2,2,2,4,2,361939151,1392644675,36.327542,139.445743,1,2,9999,9999,1,9
true,41,103,236,2,0,1,21280,0,202,2023,10,18,12,50,12,5,50,17,1,1,3,1,14,7,0,0,0,0,2,9,1,70,5,2,21,75,35,3,4,31,31,1,1,1,1,11,11,10,10,80,60,3,3,2,2,2,2,4,2,361821805,1393035935,36.306057,139.509982,4,3,140,9999,9,1
true,41,103,237,2,0,1,30000,0,202,2023,10,17,18,10,22,5,49,17,3,1,2,1,1,7,1,21,9,22,15,9,30,70,5,4,21,1,45,4,4,31,31,1,1,1,1,11,11,10,2,80,20,3,3,2,2,2,2,4,2,361905419,1392552802,36.318172,139.431334,3,3,9999,9999,1,9
true,41,103,238,2,0,1,10380,0,202,2023,10,24,9,23,12,5,55,16,54,1,1,1,1,1,9,22,0,0,15,9,30,70,4,2,1,25,1,3,61,31,0,1,0,1,0,11,0,3,0,50,0,3,0,2,0,2,0,4,2,361949829,1392653113,36.330508,139.448087,3,3,9999,0,1,0
true,41,103,239,1,1,0,20000,0,202,2023,10,22,14,45,12,5,53,16,56,1,2,1,14,7,0,0,0,0,3,9,1,70,5,4,41,55,0,51,75,41,0,0,0,0,0,0,0,0,0,10,0,2,0,0,0,0,0,1,0,361743408,1393035287,36.295391,139.509802,1,3,0,0,0,0
true,41,103,240,2,0,2,21280,0,202,2023,10,17,15,25,12,5,49,17,3,1,3,1,14,7,0,0,0,0,3,9,1,70,4,3,21,1,55,4,14,31,1,1,11,1,1,11,11,10,10,31,10,2,3,2,2,2,2,2,4,361818076,1393053928,36.305021,139.51498,3,3,9999,9999,1,9
true,41,103,241,2,0,1,500,350,202,2023,10,26,12,26,12,5,57,16,51,1,2,1,14,1,0,0,0,0,6,9,1,70,1,3,21,65,45,11,4,31,31,11,1,2,1,11,11,4,4,10,30,3,3,2,2,2,1,4,2,361750917,1392848616,36.297477,139.480171,5,3,9999,9999,9,5
true,41,103,242,2,0,1,30000,0,202,2023,10,27,8,27,12,5,58,16,50,1,3,1,1,1,9,22,9,22,15,9,30,70,4,2,21,45,75,3,4,31,31,1,1,1,1,11,11,4,4,80,30,3,3,2,2,2,2,4,2,362206892,1392306810,36.368581,139.385225,6,3,9999,160,9,9
true,41,103,243,2,0,1,30000,0,202,2023,10,27,16,30,13,5,58,16,50,1,3,1,1,7,1,21,0,0,15,9,30,70,4,2,1,75,75,3,61,31,0,1,0,1,0,11,0,10,0,80,0,3,0,2,0,2,0,4,2,361856992,1392927542,36.315831,139.490984,6,3,722,0,9,0
true,41,103,244,2,0,1,10380,0,202,2023,10,26,8,30,12,5,57,16,51,1,2,1,14,7,0,0,0,0,3,9,1,70,4,2,21,35,1,4,51,31,41,1,0,1,0,11,0,3,0,80,10,3,3,2,0,2,0,4,2,361940400,1392649150,36.327889,139.446986,5,3,9999,0,1,0
true,41,103,245,2,0,1,30000,0,202,2023,10,30,17,23,21,6,1,16,47,1,2,1,1,7,9,22,0,0,14,9,30,70,5,3,1,75,35,4,61,31,0,1,0,1,0,11,0,10,0,50,0,3,0,2,0,2,0,4,2,361923984,1392555099,36.323329,139.431972,2,3,500,0,9,0
true,41,104,201,2,0,3,10660,0,204,2023,9,30,12,54,12,5,34,17,27,2,3,1,13,7,0,0,0,0,3,5,1,70,4,1,21,65,55,3,4,31,31,1,1,1,1,11,11,3,3,50,27,2,1,2,2,2,2,4,2,362245102,1393312017,36.379195,139.553338,7,3,9999,9999,9,9
true,41,104,202,2,0,1,30000,0,204,2023,10,6,7,25,12,5,39,17,18,1,1,1,1,7,9,22,1,21,11,9,30,70,5,4,21,75,1,4,51,31,41,1,0,1,0,11,0,10,0,10,40,2,2,2,0,2,0,4,2,362007508,1393504942,36.335419,139.584706,6,3,9999,0,9,0
true,41,104,203,2,0,1,30000,0,204,2023,10,7,11,45,12,5,40,17,16,1,1,1,14,7,0,0,0,0,3,9,1,70,4,2,41,75,0,51,76,41,0,0,0,0,0,0,0,0,0,40,0,3,0,0,0,0,0,2,0,361948810,1393412896,36.330225,139.570249,7,3,0,0,0,0
true,41,104,204,2,0,1,30000,0,204,2023,10,7,17,29,21,5,40,17,16,1,3,1,1,7,8,22,0,0,11,9,30,70,5,4,41,75,0,51,76,41,0,0,0,0,0,0,0,0,0,20,0,3,0,0,0,0,0,2,0,361801228,1393503602,36.300341,139.584334,7,3,0,0,0,0
true,41,104,205,2,0,2,2930,0,204,2023,10,9,7,28,12,5,42,17,14,3,3,2,14,7,0,0,0,0,3,9,1,70,4,2,21,25,35,4,4,31,31,1,1,1,1,11,11,10,10,10,30,3,3,2,2,2,2,4,2,362451044,1393734403,36.414179,139.626223,2,1,9999,9999,1,1
true,41,104,206,2,0,1,30000,0,204,2023,10,9,7,30,12,5,42,17,14,3,1,2,14,7,0,0,0,0,1,9,1,70,5,1,41,75,0,4,75,31,0,1,0,1,0,11,0,10,0,80,0,3,0,1,0,2,0,2,0,361923398,1393454674,36.323166,139.581854,2,1,46,0,9,0
true,41,104,207,2,0,1,500,488,204,2023,9,26,7,35,12,5,31,17,33,1,3,1,14,7,0,0,0,0,4,9,1,70,1,2,21,25,65,3,4,31,31,1,1,1,1,11,11,10,10,30,10,3,3,2,2,2,2,2,4,361726480,1393242274,36.290689,139.545076,3,3,9999,9999,4,9
true,41,104,208,2,0,2,10090,0,204,2023,9,29,8,16,12,5,33,17,28,1,2,1,1,7,9,22,9,22,17,9,30,70,4,2,21,55,55,3,3,31,31,1,1,1,1,11,11,4,4,50,80,3,3,2,2,2,2,2,2,361854857,1393530347,36.315238,139.591763,6,3,9999,9999,9,9
true,41,104,209,2,0,1,2930,0,204,2023,10,11,16,42,13,5,43,17,11,1,2,1,14,7,0,0,0,0,3,9,1,70,4,2,21,45,1,3,51,31,41,1,0,1,0,11,0,4,0,11,44,3,3,2,0,2,0,4,2,362203349,1393424679,36.367597,139.573522,4,3,9999,0,9,0