資料区分,都道府県コード,警察署等コード,本票番号,事故内容,死者数,負傷者数,路線コード,地点コード,市区町村コード,発生日時　　年,発生日時　　月,発生日時　　日,発生日時　　時,発生日時　　分,昼夜,日の出時刻　　時,日の出時刻　　分,日の入り時刻　　時,日の入り時刻　　分,天候,地形,路面状態,道路形状,信号機,一時停止規制　標識（当事者A）,一時停止規制　表示（当事者A）,一時停止規制　標識（当事者B）,一時停止規制　表示（当事者B）,車道幅員,道路線形,衝突地点,ゾーン規制,中央分離帯施設等,歩車道区分,事故類型,年齢（当事者A）,年齢（当事者B）,当事者種別（当事者A）,当事者種別（当事者B）,用途別（当事者A）,用途別（当事者B）,車両形状等（当事者A）,車両形状等（当事者B）,オートマチック車（当事者A）,オートマチック車（当事者B）,サポカー（当事者A）,サポカー（当事者B）,速度規制（指定のみ）（当事者A）,速度規制（指定のみ）（当事者B）,車両の衝突部位（当事者A）,車両の衝突部位（当事者B）,車両の損壊程度（当事者A）,車両の損壊程度（当事者B）,エアバッグの装備（当事者A）,エアバッグの装備（当事者B）,サイドエアバッグの装備（当事者A）,サイドエアバッグの装備（当事者B）,人身損傷程度（当事者A）,人身損傷程度（当事者B）,地点　緯度（北緯）,地点　経度（東経）,地点　緯度（北緯）_1,地点　経度（東経）_1,曜日(発生年月日),祝日(発生年月日),認知機能検査経過日数（当事者A）,認知機能検査経過日数（当事者B）,運転練習の方法（当事者A）,運転練習の方法（当事者B）
true,41,104,210,2,0,1,30000,0,204,2023,10,13,18,5,21,5,45,17,8,1,3,1,14,7,0,0,0,0,1,9,20,70,5,4,41,75,0,51,76,41,0,0,0,0,0,0,0,0,0,10,0,3,0,0,0,0,0,2,0,362227595,1393503325,36.374332,139.584257,6,3,0,0,0,0
true,41,104,211,2,0,1,30000,0,204,2023,8,18,9,29,12,5,0,18,29,1,3,1,14,7,0,0,0,0,3,9,1,70,5,2,21,75,25,3,3,31,31,1,1,1,1,11,11,3,3,10,33,3,3,1,2,2,2,4,2,362014046,1393504168,36.337235,139.584491,6,3,484,9999,9,5
true,41,104,212,2,0,1,21260,0,204,2023,10,19,6,16,11,5,51,17,0,1,3,1,14,7,0,0,0,0,3,9,1,70,4,4,1,45,75,4,61,31,0,1,0,1,0,11,0,3,0,80,0,3,0,2,0,2,0,4,2,362325134,1393634095,36.390315,139.609471,5,3,9999,0,9,0
true,41,104,213,2,0,1,30000,0,204,2023,10,22,17,3,21,5,53,16,56,1,2,1,1,1,9,22,9,22,14,9,30,70,4,2,21,35,55,3,35,31,31,1,0,1,0,1,11,4,4,60,40,4,3,2,0,2,0,4,2,361801714,1393347048,36.300476,139.563069,1,3,9999,9999,4,9
true,41,104,214,2,0,3,500,543,204,2023,10,23,12,22,12,5,54,16,55,1,3,1,14,1,0,0,0,0,5,9,1,70,1,2,21,45,35,12,13,1,31,11,11,1,1,11,11,10,10,10,31,3,2,2,2,2,2,4,2,361746702,1393614983,36.296306,139.604162,2,3,9999,9999,1,1
true,41,104,215,2,0,1,30000,0,204,2023,10,24,7,40,12,5,55,16,54,1,1,1,14,7,0,0,0,0,3,9,1,70,5,2,41,1,0,51,76,41,0,0,0,0,0,0,0,0,0,14,0,3,0,0,0,0,0,2,0,361753498,1393522524,36.298194,139.58959,3,3,0,0,0,0
true,41,104,216,2,0,1,30000,0,204,2023,10,24,15,11,12,5,55,16,54,1,2,1,1,7,9,22,0,0,11,9,30,70,5,4,21,45,0,36,0,31,0,0,0,0,0,11,0,10,0,40,0,3,0,0,0,0,0,2,0,361854425,1393424499,36.315118,139.573472,3,3,9999,0,9,0
true,41,104,217,2,0,1,20000,0,204,2023,10,26,8,0,12,5,57,16,51,1,3,1,1,7,1,21,0,0,15,9,30,70,4,2,1,45,65,3,61,31,0,1,0,1,0,11,0,10,0,50,0,3,0,2,0,2,0,4,2,362125816,1393245370,36.357171,139.545936,5,3,9999,0,9,0
true,41,104,218,2,0,2,30000,0,204,2023,10,29,18,37,22,6,0,16,48,1,3,1,14,7,0,0,0,0,3,9,1,70,4,2,21,55,75,4,14,31,31,1,11,1,1,11,11,4,4,60,80,3,3,2,2,2,2,2,4,362227689,1393445939,36.374358,139.579428,1,3,9999,892,9,9
true,41,104,219,2,0,1,21410,0,204,2023,10,30,8,4,12,6,1,16,47,1,3,1,1,7,9,22,9,22,14,9,30,70,4,2,21,35,25,3,52,31,41,1,0,1,0,11,0,3,0,80,10,3,3,2,0,2,0,4,2,361920701,1393509686,36.322417,139.586024,2,3,9999,0,1,0
true,41,104,220,2,0,1,2930,0,204,2023,10,30,8,24,12,6,1,16,47,1,3,1,14,7,0,0,0,0,3,7,1,70,4,2,21,1,35,3,4,31,31,1,1,1,1,11,11,4,4,30,10,3,3,2,2,2,2,2,4,362445911,1393732754,36.412753,139.625765,2,3,9999,9999,1,1
true,41,104,221,1,1,0,22700,0,204,2023,10,31,16,58,21,6,2,16,46,1,3,1,1,7,9,22,1,21,17,9,30,70,1,2,21,25,65,13,51,31,41,11,0,1,0,11,0,4,0,51,44,2,2,2,0,2,0,4,1,361957504,1393408188,36.33264,139.568941,3,3,9999,0,5,0
true,41,105,120,2,0,1,30000,0,205,2023,10,2,7,45,12,5,36,17,24,1,3,1,14,7,0,0,0,0,3,9,1,70,5,4,41,1,0,51,76,41,0,0,0,0,0,0,0,0,0,10,0,3,0,0,0,0,0,2,0,363346256,1394432431,36.562849,139.742342,2,3,0,0,0,0
true,41,105,121,2,0,2,30000,0,205,2023,9,27,12,33,12,5,32,17,31,2,3,1,14,7,0,0,0,0,3,9,1,70,4,2,21,65,55,3,3,31,31,1,1,1,1,11,11,4,4,10,31,3,3,2,2,2,2,4,2,363139860,1394638575,36.527739,139.777382,4,3,9999,9999,9,9
true,41,105,122,2,0,2,10040,0,205,2023,10,9,13,37,12,5,42,17,14,3,3,2,14,1,0,0,0,0,3,9,1,70,4,2,21,65,55,3,3,31,31,1,1,1,1,11,11,4,4,10,30,3,3,2,2,2,2,4,2,363345641,1394803100,36.562678,139.800861,2,1,9999,9999,9,9
true,41,105,123,2,0,1,30000,0,205,2023,10,11,15,49,12,5,43,17,11,1,2,1,14,7,0,0,0,0,3,8,1,70,4,2,21,45,25,3,4,31,31,1,1,1,1,11,11,4,4,30,10,2,2,2,1,2,2,2,4,363305047,1394436906,36.551402,139.743585,4,3,9999,9999,1,1
true,41,105,124,2,0,1,30000,0,205,2023,10,2,21,0,22,5,36,17,24,2,1,1,1,7,1,21,9,22,15,9,30,70,5,3,21,1,65,3,4,31,31,1,1,1,1,11,11,2,2,10,80,3,2,2,2,2,2,4,2,363313928,1394634471,36.553869,139.776242,2,3,9999,9999,1,9
true,41,105,125,2,0,1,30000,0,205,2023,10,16,14,7,12,5,48,17,4,1,1,1,14,7,0,0,0,0,1,9,1,70,5,2,21,55,75,14,51,31,41,11,0,1,0,11,0,10,0,88,44,3,3,2,0,2,0,4,2,363354266,1394515026,36.565074,139.754174,2,3,9999,0,9,0
true,41,105,126,2,0,1,70000,0,205,2023,10,20,16,12,13,5,51,16,59,1,3,5,1,7,9,22,0,0,11,9,30,70,5,4,1,75,75,14,61,31,0,11,0,1,0,11,0,10,0,88,0,3,0,2,0,2,0,4,2,363017669,1394522860,36.504908,139.75635,6,3,1065,0,9,0
true,41,105,127,2,0,1,22680,0,205,2023,10,23,17,16,21,5,54,16,55,1,3,1,1,1,9,22,9,22,18,9,30,70,4,2,21,55,65,4,51,31,41,1,0,1,0,11,0,4,0,88,44,3,3,2,0,2,0,4,2,363401528,1394704034,36.567091,139.784454,2,3,9999,0,9,0
true,41,105,128,2,0,1,10140,0,205,2023,10,26,3,48,22,5,57,16,51,1,1,1,14,7,0,0,0,0,4,9,1,70,4,2,1,45,75,36,61,31,0,0,0,0,0,11,0,2,0,10,0,3,0,0,0,0,0,4,2,363357172,1394348745,36.565881,139.730207,5,3,9999,0,9,0
true,41,105,129,2,0,1,22680,0,205,2023,10,28,8,20,12,5,59,16,49,3,2,2,14,7,0,0,0,0,4,9,1,70,4,2,21,25,45,3,4,31,31,1,1,1,1,11,11,4,4,33,11,3,3,2,2,2,2,2,4,363308590,1394647114,36.552386,139.779754,7,3,9999,9999,5,9
true,41,106,162,2,0,1,21930,0,209,2023,10,1,18,29,22,5,35,17,25,2,1,1,1,1,9,22,0,0,15,9,30,70,5,2,1,25,35,4,61,31,0,1,0,1,0,11,0,10,0,80,0,3,0,2,0,2,0,4,2,362712265,1395915014,36.453407,139.987504,1,3,9999,0,1,0
true,41,106,163,2,0,1,10470,0,209,2023,9,22,19,20,22,5,28,17,39,3,3,1,14,7,0,0,0,0,4,9,1,70,1,2,21,45,35,3,3,31,31,1,1,1,1,11,11,4,4,10,30,2,3,2,2,2,2,4,2,362619111,1395819546,36.438642,139.972096,6,2,9999,9999,1,1
true,41,106,164,2,0,1,20000,0,342,2023,10,5,7,15,12,5,38,17,19,2,3,2,1,7,1,21,9,22,15,9,30,70,4,2,21,75,1,3,3,31,31,1,1,1,1,11,11,10,4,50,80,2,2,2,2,2,2,4,2,362814308,1400757227,36.470641,140.132563,5,3,756,9999,9,1
true,41,106,165,2,0,2,30000,0,209,2023,9,28,19,54,22,5,32,17,30,1,1,1,14,7,0,0,0,0,3,9,1,70,4,2,21,45,45,3,4,31,31,1,1,1,1,11,11,4,4,30,10,2,2,2,1,2,2,2,4,362557554,1395912538,36.432654,139.986816,5,3,9999,9999,5,1
true,41,106,166,2,0,1,10610,0,345,2023,10,7,5,15,23,5,40,17,16,1,1,1,1,4,9,22,9,22,15,9,30,70,5,3,21,65,45,4,31,31,31,1,0,1,0,11,11,3,3,81,10,2,2,2,0,2,0,4,2,363359746,1400407144,36.566596,140.068651,7,3,9999,9999,9,9
true,41,106,167,2,0,1,10470,0,209,2023,10,9,11,50,12,5,42,17,14,3,2,2,14,7,0,0,0,0,1,8,1,70,1,2,21,25,35,3,4,31,31,1,1,1,1,11,11,4,4,30,10,3,3,2,2,2,2,2,4,362625757,1395911522,36.440488,139.986534,2,1,9999,9999,1,5
true,41,106,168,2,0,1,2940,0,342,2023,10,19,8,47,12,5,51,17,0,1,3,1,13,7,0,0,0,0,3,3,1,70,4,4,41,75,0,4,75,31,0,1,0,1,0,11,0,4,0,10,0,1,0,1,0,2,0,2,0,363033304,1400708087,36.509251,140.118913,5,3,852,0,9,0
true,41,106,169,2,0,1,23160,0,209,2023,10,11,22,19,22,5,43,17,11,1,3,1,14,7,0,0,0,0,3,9,1,70,4,4,21,45,1,3,4,31,31,1,1,1,1,11,11,4,4,20,20,3,3,2,2,2,2,2,4,362409324,1395651284,36.40259,139.947579,4,3,9999,9999,1,1
true,41,106,170,2,0,1,30000,0,209,2023,10,19,15,26,12,5,51,17,0,1,1,1,0,7,0,0,0,0,0,0,20,70,0,2,21,45,65,3,51,31,41,1,0,1,0,11,0,10,0,80,10,3,3,2,0,2,0,4,2,362540994,1395916919,36.428054,139.988033,5,3,9999,0,1,0
true,41,106,171,2,0,1,99000,0,209,2023,9,8,18,24,21,5,17,18,0,3,1,2,0,7,0,0,0,0,0,0,20,70,0,4,41,35,0,3,75,31,0,1,0,1,0,11,0,10,0,70,0,3,0,2,0,2,0,4,0,362656864,1395913502,36.449129,139.987084,6,3,9999,0,1,0
true,41,106,172,2,0,1,10470,0,209,2023,10,21,17,24,21,5,52,16,57,1,2,1,1,7,9,22,1,21,15,7,30,70,1,2,21,55,75,4,14,31,31,1,11,1,2,11,11,4,10,10,52,3,3,1,2,2,2,2,4,362600089,1395652872,36.433358,139.94802,7,3,9999,682,9,9
true,41,106,173,2,0,1,21660,0,209,2023,10,23,16,10,13,5,54,16,55,1,2,1,1,1,9,22,9,22,15,9,30,70,4,2,21,35,45,4,4,31,31,1,1,1,1,11,11,4,4,20,10,2,2,2,2,2,2,4,2,362549663,1400231754,36.430462,140.042154,2,3,9999,9999,1,5
true,41,106,174,2,0,1,30000,0,209,2023,10,23,17,30,21,5,54,16,55,1,2,1,14,7,0,0,0,0,3,9,1,70,4,2,21,65,25,4,36,31,31,1,0,1,0,11,11,10,10,80,10,3,2,2,0,2,0,4,2,362612095,1395843280,36.436693,139.978689,2,3,9999,9999,9,5
true,41,106,175,2,0,1,20000,0,345,2023,10,23,16,30,13,5,54,16,55,1,3,1,14,7,0,0,0,0,3,9,1,70,4,2,1,1,75,51,61,41,0,0,0,0,0,0,0,0,0,10,0,3,0,0,0,0,0,4,2,363150772,1400411377,36.53077,140.069827,2,3,0,0,0,0
true,41,106,176,2,0,1,30000,0,209,2023,9,30,17,5,13,5,34,17,27,1,3,1,1,1,9,22,9,22,15,8,30,70,5,3,21,35,35,3,3,31,31,1,1,1,1,11,11,3,2,56,87,2,2,2,2,2,2,4,2,362235328,1395803868,36.37648,139.967741,7,3,9999,9999,1,1
true,41,106,177,2,0,2,99000,0,342,2023,10,15,15,40,12,5,47,17,5,2,3,1,0,7,0,0,0,0,0,0,20,70,0,2,21,65,25,3,3,31,31,1,1,1,1,11,11,10,10,70,40,3,3,2,2,2,2,4,2,362928270,1400556328,36.491186,140.09898,1,3,9999,9999,9,1
true,41,106,178,2,0,1,10690,0,345,2023,10,26,17,33,21,5,57,16,51,1,2,1,1,7,1,21,9,22,14,7,30,70,1,2,21,45,35,3,35,31,31,1,0,1,0,11,11,10,4,51,10,3,2,2,0,2,0,4,2,363253664,1400242666,36.54824,140.045185,5,3,9999,9999,9,1
true,41,106,179,2,0,1,2940,0,209,2023,10,27,13,0,12,5,58,16,50,1,3,1,14,7,0,0,0,0,3,9,1,70,4,2,21,45,25,17,4,31,31,11,1,1,1,11,11,5,4,70,50,3,3,2,2,2,2,2,4,362231987,1395749669,36.375552,139.963797,6,3,9999,9999,9,1
true,41,106,180,2,0,1,1210,0,342,2023,10,21,8,42,12,5,52,16,57,1,1,1,14,7,0,0,0,0,3,9,1,70,4,1,21,65,55,3,3,31,31,1,1,1,1,11,11,10,4,50,80,3,3,2,2,2,2,4,2,362749126,1400512016,36.463646,140.086671,7,3,9999,9999,9,9
true,41,107,313,2,0,1,40,781,208,2023,9,24,20,48,22,5,29,17,36,1,2,1,14,7,0,0,0,0,5,9,1,70,4,2,21,25,45,3,14,31,31,1,11,1,1,11,11,4,4,10,30,3,3,2,2,2,2,4,2,361855328,1394806210,36.315369,139.801725,1,3,9999,9999,1,1
true,41,107,314,2,0,2,20000,0,208,2023,9,30,16,18,12,5,34,17,27,2,2,1,1,1,9,22,9,22,14,9,30,70,4,2,21,35,25,3,4,31,31,1,1,1,1,11,11,4,4,10,80,3,3,2,2,2,2,2,4,361805785,1394832332,36.301607,139.808981,7,3,9999,9999,1,1
true,41,107,315,2,0,1,21910,0,208,2023,9,17,17,40,13,5,24,17,46,1,2,1,14,7,0,0,0,0,4,9,1,70,4,2,21,45,25,4,4,31,31,1,1,1,1,11,11,4,4,80,50,3,3,2,2,2,2,4,2,361756105,1394830236,36.298918,139.808399,1,2,9999,9999,9,5
true,41,107,316,2,0,1,10310,0,208,2023,10,4,5,47,11,5,37,17,21,3,3,2,1,1,9,22,9,22,19,9,30,70,1,2,21,45,1,12,4,31,31,11,1,1,1,11,11,4,10,50,50,2,2,2,1,2,2,4,2,361954476,1394712973,36.331799,139.786937,4,3,9999,9999,9,1
true,41,107,317,2,0,1,30000,0,208,2023,9,5,18,15,21,5,14,18,4,1,2,1,14,7,0,0,0,0,2,9,1,70,5,4,1,35,45,3,61,31,0,1,0,1,0,11,0,10,0,80,0,3,0,2,0,2,0,4,2,361901474,1394856473,36.317076,139.815687,3,3,9999,0,1,0
true,41,107,318,2,0,1,40,728,208,2023,10,3,7,55,12,5,37,17,22,1,3,1,1,7,9,22,9,22,14,9,30,70,2,2,21,55,75,4,51,31,41,1,0,1,0,11,0,10,0,80,20,3,3,2,0,2,0,4,2,361653450,1394636775,36.281514,139.776882,3,3,9999,0,9,0
true,41,107,319,2,0,1,41,708,208,2023,10,6,7,37,12,5,39,17,18,1,3,1,14,7,0,0,0,0,6,9,1,70,1,4,21,35,35,4,4,31,31,1,1,1,1,11,11,10,10,10,30,3,3,2,2,2,2,4,2,361618329,1394949692,36.271758,139.83047,6,3,9999,9999,1,1
true,41,107,320,2,0,1,41,718,208,2023,10,10,5,37,23,5,43,17,12,3,2,2,14,1,0,0,0,0,5,9,1,70,1,2,21,1,35,3,13,31,31,1,11,1,1,1,11,10,10,10,30,3,3,2,2,2,2,4,2,361650876,1395008466,36.280799,139.835685,3,3,9999,9999,1,1
true,41,107,321,2,0,1,30000,0,208,2023,10,10,15,20,12,5,43,17,12,2,2,1,14,7,0,0,0,0,2,9,1,70,4,2,41,65,0,51,76,41,0,0,0,0,0,0,0,0,0,10,0,3,0,0,0,0,0,2,0,361725897,1394820614,36.290527,139.805726,3,3,0,0,0,0
true,41,107,322,2,0,1,22650,0,208,2023,10,12,8,14,12,5,44,17,9,1,2,1,1,1,9,22,9,22,15,9,30,70,4,2,21,35,25,4,36,31,31,1,0,1,0,11,11,4,10,40,10,3,2,2,0,1,0,4,2,361953587,1394848866,36.331552,139.813574,5,3,9999,9999,1,5
true,41,107,323,2,0,1,30000,0,208,2023,10,13,21,59,22,5,45,17,8,1,1,1,1,7,9,22,1,21,11,9,30,70,5,4,21,45,25,3,4,31,31,1,1,1,1,11,0,10,10,80,50,3,2,2,2,2,2,2,4,361811095,1394918480,36.303082,139.8218,6,3,9999,0,5,0
true,41,107,324,2,0,2,30000,0,208,2023,10,15,15,19,12,5,47,17,5,2,2,1,1,7,9,22,1,21,11,9,30,1,5,4,21,1,25,3,4,31,31,1,1,1,1,11,1,2,2,18,48,3,3,2,2,2,2,2,2,362118583,1394932236,36.355162,139.825621,1,3,9999,9999,5,1
true,41,107,325,2,0,1,21600,0,208,2023,10,9,13,58,12,5,42,17,14,3,2,2,1,1,9,22,9,22,15,9,30,70,4,4,21,45,45,3,4,31,31,1,1,1,1,11,11,2,2,70,50,3,3,2,2,2,2,4,2,361603882,1394553777,36.267745,139.764938,2,1,9999,9999,9,1
true,41,107,326,2,0,2,20000,0,208,2023,10,16,7,45,12,5,48,17,4,1,1,1,1,7,9,22,1,21,18,9,30,70,4,1,21,1,65,3,4,31,31,1,1,1,1,11,11,4,10,50,85,3,3,2,2,2,1,2,4,361802732,1394831547,36.300759,139.808763,2,3,9999,9999,1,9
true,41,107,327,2,0,1,30000,0,208,2023,10,18,14,57,12,5,50,17,1,1,3,1,1,7,9,22,9,22,11,9,30,70,5,4,21,65,75,4,51,31,41,1,0,1,0,11,0,10,0,15,20,3,3,2,0,2,0,4,2,361531226,1394547286,36.258674,139.763135,4,3,9999,0,9,0
true,41,107,328,2,0,2,30000,0,208,2023,10,19,3,27,22,5,51,17,0,1,3,1,1,7,1,22,9,22,11,9,30,70,5,4,21,45,55,3,3,31,31,1,1,1,1,11,11,2,2,10,10,2,2,2,1,2,2,2,2,362140849,1394915323,36.361347,139.820923,5,3,9999,9999,1,9
true,41,107,329,2,0,3,41,756,208,2023,10,11,7,30,12,5,43,17,11,1,2,1,14,7,0,0,0,0,5,9,1,70,1,2,21,45,25,11,3,31,31,11,1,1,1,11,11,10,10,10,31,2,2,2,1,2,2,4,2,361848121,1395051770,36.313367,139.847714,4,3,9999,9999,5,1
true,41,107,330,2,0,1,22640,0,208,2023,10,19,12,5,12,5,51,17,0,1,1,1,14,7,0,0,0,0,3,9,1,70,4,4,1,65,75,4,61,31,0,1,0,1,0,11,0,3,0,50,0,4,0,2,0,2,0,4,2,361858129,1394725800,36.316147,139.7905,5,3,0,0,9,0
true,41,107,331,2,0,1,30000,0,364,2023,10,19,17,40,21,5,51,17,0,1,2,1,14,7,0,0,0,0,2,9,1,70,5,4,41,1,0,51,76,41,0,0,0,0,0,0,0,0,0,20,0,3,0,0,0,0,0,2,0,361330421,1394501264,36.225117,139.750351,5,3,0,0,0,0
true,41,107,332,2,0,1,30000,0,208,2023,10,19,17,15,21,5,51,17,0,1,2,1,14,7,0,0,0,0,2,9,1,70,5,4,41,1,0,51,76,41,0,0,0,0,0,0,0,0,0,10,0,3,0,0,0,0,0,2,0,361603050,1394633942,36.267514,139.776095,5,3,0,0,0,0
true,41,107,333,2,0,1,30000,0,208,2023,10,20,10,30,12,5,51,16,59,1,3,5,14,7,0,0,0,0,2,9,1,70,5,4,41,75,0,51,76,41,0,0,0,0,0,0,0,0,0,40,0,3,0,0,0,0,0,2,0,361706641,1394611845,36.285178,139.769957,6,3,0,0,0,0
true,41,107,334,2,0,1,99000,0,208,2023,10,20,17,33,21,5,51,16,59,1,1,1,0,7,0,0,0,0,0,0,20,70,0,4,41,1,0,51,76,41,0,0,0,0,0,0,0,0,0,20,0,3,0,0,0,0,0,2,0,361531828,1394633391,36.258841,139.775942,6,3,0,0,0,0
true,41,107,335,2,0,2,30000,0,208,2023,10,21,17,54,21,5,52,16,57,1,1,1,1,7,1,21,9,22,14,9,30,70,5,4,21,25,25,3,4,31,31,1,1,1,1,1,1,10,10,20,10,2,2,2,1,1,2,4,2,361836497,1394813133,36.310138,139.803648,7,3,9999,9999,5,5
true,41,107,336,2,0,1,10330,0,208,2023,10,23,17,8,21,5,54,16,55,1,3,1,14,7,0,0,0,0,3,9,1,70,4,2,1,75,75,14,61,31,0,11,0,1,0,11,0,3,0,80,0,3,0,2,0,2,0,4,2,362102956,1394931472,36.350821,139.825409,2,3,990,0,9,0
true,41,107,337,2,0,1,30000,0,208,2023,10,24,6,45,11,5,55,16,54,1,2,1,1,7,9,22,0,0,11,9,30,70,5,4,1,65,75,4,61,31,0,1,0,1,0,11,0,2,0,10,0,3,0,2,0,2,0,4,2,361824578,1394821434,36.306827,139.805954,3,3,9999,0,9,0
true,41,107,338,2,0,1,500,667,208,2023,10,23,16,0,13,5,54,16,55,1,3,1,14,7,0,0,0,0,5,9,1,70,1,2,21,25,35,11,13,31,31,11,11,2,1,11,11,10,10,10,30,3,3,2,2,2,2,4,2,361826978,1394342654,36.307494,139.728515,2,3,9999,9999,1,5
true,41,107,339,2,0,1,20000,0,364,2023,10,20,19,30,22,5,51,16,59,2,3,1,14,7,0,0,0,0,3,9,1,70,2,2,21,35,35,3,4,31,31,1,1,1,1,11,11,10,10,10,30,3,3,2,2,2,2,4,2,361241717,1394239478,36.211588,139.710966,6,3,9999,9999,1,1
true,41,107,340,2,0,1,30000,0,208,2023,10,27,13,30,12,5,58,16,50,1,1,1,14,7,0,0,0,0,3,9,1,70,4,4,41,1,0,51,76,41,0,0,0,0,0,0,0,0,0,20,0,3,0,0,0,0,0,2,0,361851541,1394838236,36.314317,139.810621,6,3,0,0,0,0
true,41,107,341,2,0,1,30000,0,208,2023,10,27,15,58,13,5,58,16,50,1,3,1,1,7,1,21,9,22,15,9,30,70,5,4,21,75,65,14,51,31,41,11,0,1,0,11,0,10,0,10,40,3,3,2,0,2,0,4,2,361921050,1395040632,36.322514,139.84462,6,3,745,0,9,0
true,41,107,342,2,0,1,30000,0,364,2023,10,27,11,2,12,5,58,16,50,1,2,1,1,7,1,21,1,21,15,9,30,70,5,2,21,55,75,3,51,31,41,1,0,1,0,11,0,10,0,10,20,3,3,2,0,2,0,4,2,361346416,1394419558,36.22956,139.738766,6,3,9999,0,9,0
true,41,107,343,2,0,1,41,764,208,2023,10,3,7,17,12,5,37,17,22,1,3,1,14,7,0,0,0,0,4,9,1,70,1,2,21,1,35,3,3,31,31,1,1,1,1,1,1,10,10,10,30,3,3,2,2,2,2,4,2,361906427,1395103546,36.318452,139.850985,3,3,9999,9999,5,5
true,41,107,344,2,0,1,40,843,208,2023,10,23,10,38,12,5,54,16,55,1,2,1,14,7,0,0,0,0,3,9,1,70,5,2,21,65,25,3,3,31,31,1,1,1,1,11,11,4,4,0,80,4,3,2,2,2,2,4,2,362143466,1394955819,36.362074,139.832172,2,3,9999,9999,9,9
true,41,108,82,2,0,1,30000,0,210,2023,10,1,8,30,12,5,35,17,25,1,3,1,14,7,0,0,0,0,1,7,1,70,5,4,41,65,0,51,76,41,0,0,0,0,0,0,0,0,0,20,0,3,0,0,0,0,0,2,0,365427922,1401018404,36.907756,140.171779,1,3,0,0,0,0
true,41,108,83,2,0,1,99000,0,210,2023,10,1,14,20,12,5,35,17,25,2,1,1,0,7,0,0,0,0,0,0,20,70,0,4,1,25,55,3,61,31,0,1,0,1,0,11,0,10,0,80,0,3,0,2,0,2,0,4,2,365154670,1400027724,36.865186,140.007701,1,3,9999,0,5,0
true,41,108,84,2,0,1,10530,0,210,2023,9,19,12,9,12,5,25,17,43,1,3,1,14,7,0,0,0,0,3,9,1,70,4,2,21,65,45,1,4,31,31,1,1,2,1,11,11,3,3,30,10,3,3,2,2,2,2,4,2,365205635,1400136466,36.868232,140.026796,3,3,9999,9999,9,5
true,41,108,85,2,0,1,10270,0,210,2023,10,6,14,50,12,5,39,17,18,1,2,1,7,7,0,0,0,0,3,9,1,70,4,2,21,55,35,17,3,31,31,11,1,2,1,11,11,4,4,10,30,3,2,2,2,2,2,4,2,365128372,1400725622,36.857881,140.123784,6,3,9999,9999,9,5
true,41,108,86,2,0,2,30000,0,210,2023,10,10,8,46,12,5,43,17,12,1,3,1,1,7,1,22,9,22,15,9,30,70,4,4,21,35,25,13,4,31,31,11,1,1,1,11,11,10,10,10,20,2,2,2,2,2,2,4,4,365437296,1400229634,36.91036,140.041565,3,3,9999,9999,1,5
true,41,108,87,2,0,1,10530,0,210,2023,10,11,19,53,22,5,43,17,11,1,1,1,1,1,9,22,9,22,15,9,30,70,4,2,21,25,1,4,51,31,41,1,0,1,0,11,0,4,0,10,40,3,3,2,0,2,0,4,2,365217825,1400123783,36.871618,140.023273,4,3,9999,0,1,0
true,41,108,88,2,0,1,30000,0,210,2023,10,12,7,30,12,5,44,17,9,1,2,1,1,7,9,22,1,22,15,9,30,70,4,2,21,35,1,3,51,31,41,1,0,1,0,11,0,4,0,10,20,3,2,2,0,2,0,4,2,365216874,1400029398,36.871354,140.008166,5,3,9999,0,5,0
true,41,108,89,2,0,1,10530,0,210,2023,10,9,20,14,22,5,42,17,14,2,3,1,14,1,0,0,0,0,3,9,1,70,4,2,21,1,1,3,3,31,31,1,1,1,1,11,11,4,4,10,30,3,1,2,2,2,2,4,2,365339592,1400107273,36.894331,140.018687,2,1,9999,9999,1,1
true,41,108,90,2,0,1,10530,0,210,2023,10,4,18,50,22,5,37,17,21,2,3,1,1,7,9,22,9,22,15,9,30,70,4,2,21,25,1,4,51,31,41,1,0,1,0,11,0,3,0,10,10,3,3,2,0,2,0,4,2,365219617,1400124340,36.872116,140.023428,4,3,9999,0,1,0
true,41,108,91,1,1,0,30000,0,210,2023,10,15,19,2,22,5,47,17,5,1,2,1,14,7,0,0,0,0,3,9,1,70,4,2,1,45,55,4,61,31,0,1,0,1,0,11,0,4,0,10,0,2,0,2,0,2,0,4,1,365118940,1400135296,36.855261,140.026471,1,3,9999,0,1,0
true,41,108,92,2,0,1,30000,0,210,2023,10,21,21,58,22,5,52,16,57,1,1,1,14,7,0,0,0,0,1,9,1,70,5,4,1,55,35,3,61,31,0,1,0,1,0,11,0,2,0,80,0,3,0,2,0,2,0,4,2,365200109,1400126756,36.866697,140.024099,7,3,9999,0,9,0
true,41,108,93,2,0,1,4000,0,210,2023,10,12,21,24,22,5,44,17,9,1,1,1,14,7,0,0,0,0,3,9,1,70,1,2,41,25,0,3,75,31,0,1,0,1,0,11,0,4,0,25,0,3,0,2,0,2,0,2,0,365146001,1400033952,36.862778,140.009431,5,3,9999,0,1,0