資料区分,都道府県コード,警察署等コード,本票番号,事故内容,死者数,負傷者数,路線コード,地点コード,市区町村コード,発生日時　　年,発生日時　　月,発生日時　　日,発生日時　　時,発生日時　　分,昼夜,日の出時刻　　時,日の出時刻　　分,日の入り時刻　　時,日の入り時刻　　分,天候,地形,路面状態,道路形状,信号機,一時停止規制　標識（当事者A）,一時停止規制　表示（当事者A）,一時停止規制　標識（当事者B）,一時停止規制　表示（当事者B）,車道幅員,道路線形,衝突地点,ゾーン規制,中央分離帯施設等,歩車道区分,事故類型,年齢（当事者A）,年齢（当事者B）,当事者種別（当事者A）,当事者種別（当事者B）,用途別（当事者A）,用途別（当事者B）,車両形状等（当事者A）,車両形状等（当事者B）,オートマチック車（当事者A）,オートマチック車（当事者B）,サポカー（当事者A）,サポカー（当事者B）,速度規制（指定のみ）（当事者A）,速度規制（指定のみ）（当事者B）,車両の衝突部位（当事者A）,車両の衝突部位（当事者B）,車両の損壊程度（当事者A）,車両の損壊程度（当事者B）,エアバッグの装備（当事者A）,エアバッグの装備（当事者B）,サイドエアバッグの装備（当事者A）,サイドエアバッグの装備（当事者B）,人身損傷程度（当事者A）,人身損傷程度（当事者B）,地点　緯度（北緯）,地点　経度（東経）,地点　緯度（北緯）_1,地点　経度（東経）_1,曜日(発生年月日),祝日(発生年月日),認知機能検査経過日数（当事者A）,認知機能検査経過日数（当事者B）,運転練習の方法（当事者A）,運転練習の方法（当事者B）
true,41,108,94,2,0,1,30000,0,210,2023,10,24,9,10,12,5,55,16,54,1,3,1,1,7,9,22,1,21,11,9,30,70,4,4,21,35,75,4,14,31,31,1,11,1,1,11,11,10,10,40,10,2,3,1,2,2,2,2,4,365327305,1400644276,36.890918,140.112299,3,3,9999,703,1,9
true,41,108,95,2,0,2,30000,0,210,2023,10,23,7,34,12,5,54,16,55,1,3,1,1,7,9,22,1,21,15,9,30,70,4,2,21,35,55,4,31,31,31,1,0,1,0,11,11,10,10,88,11,3,3,2,0,2,0,2,2,364931375,1400545712,36.825382,140.096031,2,3,9999,9999,5,9
true,41,108,96,2,0,1,30000,0,210,2023,10,20,18,56,22,5,51,16,59,2,3,1,1,1,9,22,9,22,15,9,30,70,4,3,21,55,25,3,3,31,31,1,1,1,1,11,1,4,4,80,10,2,2,1,1,2,2,4,2,365352076,1400238702,36.897799,140.044084,6,3,9999,9999,9,1
true,41,108,97,2,0,1,10480,0,210,2023,10,27,9,44,12,5,58,16,50,1,3,1,14,7,0,0,0,0,3,8,1,70,4,2,21,65,1,3,3,31,31,1,1,1,1,11,11,10,3,51,84,2,2,2,2,2,2,4,2,364852164,1400029236,36.81449,140.008121,6,3,9999,9999,4,1
true,41,108,98,2,0,1,21700,0,210,2023,10,30,17,30,21,6,1,16,47,1,3,1,1,2,9,22,9,22,15,9,30,70,4,3,21,65,45,3,35,31,31,1,0,1,0,11,11,4,4,50,24,3,2,2,0,2,0,4,2,365032658,1400413955,36.842405,140.070543,2,3,9999,9999,9,5
true,41,109,22,2,0,1,22470,0,206,2023,9,29,18,12,21,5,33,17,28,2,3,2,1,7,9,22,9,22,15,9,30,70,5,2,21,65,1,3,51,31,41,1,0,1,0,1,0,4,0,80,10,3,2,2,0,2,0,4,2,364451853,1393813031,36.747737,139.636953,6,3,9999,0,9,0
true,41,109,23,2,0,1,21690,0,206,2023,10,8,15,35,12,5,41,17,15,2,3,1,14,7,0,0,0,0,3,7,1,70,5,2,21,1,1,3,34,31,31,1,0,1,0,11,11,3,3,40,10,3,2,2,0,2,0,4,2,364527047,1393709232,36.757513,139.619231,1,2,9999,9999,1,1
true,41,109,24,2,0,1,1190,0,206,2023,10,15,19,18,22,5,47,17,5,1,3,1,1,1,9,22,0,0,15,9,30,70,5,2,1,25,75,3,61,31,0,1,0,1,0,11,0,3,0,80,0,3,0,2,0,2,0,4,2,364451904,1393703310,36.747751,139.617586,1,3,9999,0,1,0
true,41,109,25,2,0,1,1200,0,206,2023,10,17,13,10,12,5,49,17,3,1,3,1,14,7,0,0,0,0,4,7,1,70,4,3,21,65,55,3,51,31,41,1,0,1,0,11,0,3,0,80,10,3,3,2,0,2,0,4,2,364518032,1392707816,36.755009,139.452171,3,3,9999,0,9,0
true,41,109,26,2,0,2,99000,0,206,2023,10,15,14,3,12,5,47,17,5,2,3,1,0,7,0,0,0,0,0,0,20,70,0,4,21,55,45,3,13,31,31,1,11,1,1,11,11,10,10,70,60,3,3,2,2,2,2,4,2,364525970,1392706394,36.757214,139.451776,1,3,9999,9999,9,5
true,41,110,71,2,0,1,30000,0,206,2023,9,27,7,46,12,5,32,17,31,2,2,1,1,2,9,22,9,22,15,9,30,70,2,2,21,55,25,3,4,31,31,1,1,1,1,11,11,10,10,10,40,3,1,2,2,2,2,4,2,364014318,1394619592,36.670644,139.772109,4,3,9999,9999,1,1
true,41,110,72,1,1,0,1210,0,206,2023,10,20,13,40,12,5,51,16,59,1,3,1,1,1,9,22,9,22,14,9,30,70,4,2,21,75,55,3,34,31,31,1,0,1,0,11,11,4,5,50,20,2,2,2,0,2,0,4,1,365032723,1394313372,36.842423,139.720381,6,3,178,9999,9,9
true,41,110,73,2,0,1,22470,0,206,2023,10,22,17,58,22,5,53,16,56,1,1,1,14,7,0,0,0,0,3,9,1,70,4,2,41,75,0,52,76,41,0,0,0,0,0,0,0,0,0,30,0,3,0,0,0,0,0,2,0,364411969,1394057353,36.736658,139.682598,1,3,0,0,0,0
true,41,111,177,2,0,1,99000,0,213,2023,9,22,14,41,12,5,28,17,39,2,2,1,0,7,0,0,0,0,0,0,20,70,0,4,21,25,75,3,14,31,31,1,11,1,2,11,11,10,10,30,30,3,3,2,2,2,2,2,4,365817843,1400253635,36.971623,140.048232,6,2,9999,277,1,9
true,41,111,178,2,0,1,30000,0,213,2023,10,2,11,30,12,5,36,17,24,1,3,1,1,7,1,22,9,22,15,9,30,70,5,2,21,25,65,13,36,31,31,11,0,1,0,11,11,10,10,55,44,3,2,2,0,2,0,4,2,365542701,1395730380,36.928528,139.958439,2,3,9999,9999,1,9
true,41,111,179,2,0,2,30000,0,213,2023,10,4,8,5,12,5,37,17,21,3,2,2,14,7,0,0,0,0,2,9,1,70,4,2,21,45,1,4,14,31,1,1,11,1,1,11,11,4,4,31,10,1,2,2,1,2,2,2,4,365021880,1395858228,36.839411,139.982841,4,3,9999,9999,1,1
true,41,111,180,2,0,1,30000,0,213,2023,10,3,9,7,12,5,37,17,22,1,2,1,14,7,0,0,0,0,1,9,1,70,5,4,21,1,55,13,4,31,31,11,1,1,1,11,11,10,10,30,10,3,3,2,2,2,2,4,2,365251758,1395843248,36.881044,139.97868,3,3,9999,9999,5,9
true,41,111,181,2,0,1,30000,0,213,2023,10,5,18,15,21,5,38,17,19,2,3,1,1,7,1,21,9,22,15,9,30,70,5,2,21,25,45,3,3,31,31,1,1,1,1,11,11,3,3,80,50,2,2,1,1,2,2,4,2,365540688,1400034981,36.927969,140.009717,5,3,9999,9999,1,9
true,41,111,182,2,0,1,10210,0,407,2023,10,7,19,17,22,5,40,17,16,1,3,1,14,7,0,0,0,0,2,8,1,70,4,3,41,55,0,51,76,41,0,0,0,0,0,0,0,0,0,0,0,3,0,0,0,0,0,2,0,370442078,1400054907,37.078355,140.015252,7,3,0,0,0,0
true,41,111,183,2,0,1,30000,0,213,2023,10,10,11,25,12,5,43,17,12,1,3,1,14,7,0,0,0,0,1,9,1,70,5,4,41,75,0,52,76,41,0,0,0,0,0,0,0,0,0,0,0,3,0,0,0,0,0,2,0,365415858,1395831120,36.904405,139.975311,3,3,0,0,0,0
true,41,111,184,2,0,1,4000,0,213,2023,9,25,15,20,12,5,30,17,34,1,3,1,14,7,0,0,0,0,3,9,1,70,4,2,21,45,55,3,4,31,31,1,1,1,1,11,11,4,4,50,50,2,2,1,2,1,2,2,4,365504555,1395617066,36.917932,139.938074,2,3,9999,0,1,0
true,41,111,185,2,0,2,30000,0,213,2023,10,14,12,1,12,5,46,17,7,1,2,1,1,1,9,22,0,0,15,9,30,70,5,3,41,65,0,3,75,31,0,1,0,1,0,11,0,4,0,80,0,2,0,1,0,2,0,4,0,365736562,1400229432,36.960156,140.041509,7,3,9999,0,9,0
true,41,111,186,2,0,1,30000,0,213,2023,10,13,8,35,12,5,45,17,8,1,3,1,14,7,0,0,0,0,3,9,1,70,5,4,21,75,35,17,3,31,31,11,1,2,1,11,1,10,10,30,10,3,3,2,2,2,2,4,2,365313510,1395648642,36.887086,139.946845,6,3,9999,9999,9,1
true,41,111,187,2,0,1,30000,0,213,2023,10,12,7,59,12,5,44,17,9,1,2,1,14,7,0,0,0,0,2,9,1,70,5,4,21,35,25,4,4,31,31,1,1,1,1,11,11,10,10,30,10,3,3,2,2,2,2,4,2,365659654,1400040018,36.949904,140.011116,5,3,9999,9999,1,1
true,41,111,188,2,0,1,4000,0,213,2023,10,18,7,2,12,5,50,17,1,1,3,1,1,1,9,22,9,22,18,9,30,70,1,2,21,55,25,3,3,31,31,1,1,1,1,11,11,10,4,10,40,1,2,2,2,2,2,4,2,365305770,1395826494,36.884936,139.974026,4,3,9999,9999,9,1
true,41,111,189,2,0,2,10300,0,213,2023,10,14,10,23,12,5,46,17,7,1,3,1,14,7,0,0,0,0,3,9,1,70,4,2,21,35,1,3,4,31,31,1,1,1,1,11,11,4,4,31,10,2,3,2,2,2,2,2,4,370048200,1395747009,37.013389,139.963058,7,3,9999,9999,1,1
true,41,111,190,2,0,1,23030,0,213,2023,10,23,14,23,12,5,54,16,55,1,3,1,13,7,0,0,0,0,2,6,1,70,5,3,21,1,25,3,3,31,31,1,1,1,1,11,11,10,10,50,50,2,2,1,1,2,1,4,2,365643843,1400215688,36.945512,140.037691,2,3,9999,9999,1,1
true,41,111,191,2,0,1,30000,0,213,2023,10,13,12,55,12,5,45,17,8,1,2,1,1,7,9,22,1,21,15,9,30,70,4,2,21,55,75,3,4,31,31,1,1,1,1,11,11,2,2,40,10,3,3,2,2,2,2,2,4,365815625,1400245629,36.971007,140.046008,6,3,9999,437,9,9
true,41,111,192,2,0,1,30000,0,213,2023,10,11,22,20,22,5,43,17,11,1,2,1,1,8,9,22,9,22,15,9,30,70,5,2,21,1,55,3,4,31,31,1,1,1,1,11,11,4,4,80,50,3,3,2,2,2,2,4,4,365737206,1400229015,36.960335,140.041393,4,3,9999,9999,1,9
true,41,111,193,2,0,2,10170,0,407,2023,10,29,10,16,12,6,0,16,48,1,3,1,13,7,0,0,0,0,2,1,1,70,5,3,21,65,65,3,4,31,31,1,1,1,1,11,11,3,3,60,20,2,2,1,2,1,2,4,2,370531610,1400015736,37.092114,140.004371,1,3,9999,9999,9,1
true,41,111,194,2,0,1,90000,0,213,2023,10,1,8,42,12,5,35,17,25,3,3,1,1,7,9,22,9,22,11,9,30,70,5,4,21,75,65,4,4,31,31,1,1,1,1,11,11,10,10,80,50,3,3,2,2,2,2,4,2,365742613,1400446928,36.961837,140.079702,1,3,96,9999,9,9
true,41,112,110,2,0,1,99000,0,216,2023,9,27,15,33,12,5,32,17,31,1,3,1,0,7,0,0,0,0,0,0,20,70,0,4,21,65,25,3,3,31,31,1,1,1,1,1,1,10,10,30,50,3,3,2,2,2,2,4,2,362221408,1395043073,36.372613,139.845298,4,3,9999,9999,9,5
true,41,112,111,2,0,1,30000,0,216,2023,8,25,9,20,12,5,5,18,20,1,2,1,14,7,0,0,0,0,5,9,1,70,4,2,21,35,1,3,3,31,31,1,1,1,1,0,0,4,4,10,30,3,3,2,2,2,2,4,2,362248310,1395034472,36.380086,139.842909,6,3,9999,9999,5,1
true,41,112,112,2,0,1,23100,0,216,2023,10,3,7,4,12,5,37,17,22,1,3,1,14,1,0,0,0,0,4,9,1,70,5,2,21,75,35,3,32,31,31,1,0,1,0,1,11,10,10,10,30,2,3,2,0,2,0,4,2,362345024,1395252720,36.39584,139.881311,3,3,914,9999,9,5
true,41,112,113,2,0,1,41,939,301,2023,9,1,14,20,12,5,11,18,10,1,3,1,14,7,0,0,0,0,6,9,1,70,1,2,21,1,45,3,4,31,31,1,1,1,1,11,11,10,10,60,80,3,3,2,2,2,2,4,2,362754324,1395434690,36.46509,139.909636,6,3,9999,9999,1,1
true,41,112,114,2,0,1,30000,0,216,2023,9,1,16,25,12,5,11,18,10,1,3,1,1,7,8,22,9,22,14,9,30,70,5,2,21,75,55,3,3,31,31,1,1,1,1,11,11,10,4,10,40,3,3,2,2,2,2,4,2,362639196,1395130294,36.444221,139.858415,6,3,962,9999,9,9
true,41,112,115,2,0,1,41,813,216,2023,10,5,6,0,11,5,38,17,19,2,3,1,14,7,0,0,0,0,6,9,1,70,1,1,21,35,55,3,4,31,31,1,1,1,1,0,0,5,5,10,30,3,3,2,2,2,2,4,2,362142815,1395138869,36.361893,139.860797,5,3,9999,9999,1,9
true,41,112,116,2,0,1,10710,0,301,2023,9,8,13,28,12,5,17,18,0,3,3,2,14,7,0,0,0,0,1,8,1,70,5,1,21,65,45,17,3,31,31,11,1,2,1,11,11,3,3,0,0,2,2,2,2,2,2,4,2,362702855,1395217357,36.450793,139.871488,6,3,9999,9999,9,1
true,41,112,117,2,0,1,30000,0,216,2023,9,30,12,24,12,5,34,17,27,1,1,1,1,7,1,21,9,22,15,9,30,70,5,4,21,65,1,3,3,31,31,1,1,2,1,11,11,3,1,10,40,3,3,2,2,2,2,4,2,362312070,1395117125,36.386686,139.854757,7,3,9999,9999,9,1
true,41,112,118,2,0,1,99000,0,301,2023,9,18,14,20,12,5,24,17,45,1,3,1,0,7,0,0,0,0,0,0,20,70,0,4,21,45,45,3,3,31,31,1,1,1,1,11,11,1,1,0,0,2,2,2,2,2,2,4,4,362546639,1395428303,36.429622,139.907862,2,1,9999,9999,9,1
true,41,112,119,2,0,1,21460,0,216,2023,10,14,15,43,12,5,46,17,7,1,3,1,7,7,0,0,0,0,4,9,1,70,4,2,21,65,45,3,3,31,31,1,1,1,1,0,0,3,3,10,30,3,3,2,2,2,2,4,2,362319309,1395223729,36.388697,139.873258,7,3,9999,9999,9,1
true,41,112,120,2,0,2,41,899,301,2023,9,25,13,20,12,5,30,17,34,1,2,1,14,1,0,0,0,0,3,9,1,70,5,2,21,45,75,3,3,31,31,1,1,1,1,11,11,5,5,10,30,3,3,2,2,2,2,4,2,362545360,1395417877,36.429267,139.904966,2,3,9999,664,1,9
true,41,112,121,2,0,1,30000,0,216,2023,10,19,13,39,12,5,51,17,0,1,3,1,14,7,0,0,0,0,3,9,1,70,5,3,41,75,0,51,76,41,0,0,0,0,0,0,0,0,0,40,0,3,0,0,0,0,0,2,0,362626570,1395135543,36.440714,139.859873,5,3,0,0,0,0
true,41,112,122,2,0,1,41,877,301,2023,10,18,12,5,12,5,50,17,1,1,3,1,14,7,0,0,0,0,1,9,1,70,1,2,21,45,25,3,3,31,31,1,1,1,1,11,11,5,1,0,0,2,2,1,2,2,2,4,2,362438995,1395345863,36.410832,139.896073,4,3,9999,9999,5,5
true,41,112,123,2,0,1,30000,0,216,2023,10,20,22,26,22,5,51,16,59,1,3,1,1,7,9,22,9,22,15,9,30,70,5,4,21,1,1,3,34,31,31,1,0,1,0,11,11,3,3,10,40,3,3,2,0,2,0,4,2,362303757,1394838380,36.384377,139.810661,6,3,9999,9999,1,1
true,41,112,124,2,0,2,41,921,301,2023,10,13,19,27,22,5,45,17,8,1,3,1,14,7,0,0,0,0,2,7,1,70,1,2,21,45,1,3,4,31,31,1,1,1,1,11,11,1,2,0,0,3,3,2,2,2,2,2,4,362657451,1395427691,36.449292,139.907692,6,3,9999,9999,1,1
true,41,112,125,2,0,2,3520,0,301,2023,10,17,15,41,12,5,49,17,3,1,3,1,14,7,0,0,0,0,3,8,1,70,1,2,21,65,65,3,3,31,31,1,1,1,1,1,1,10,10,0,30,2,3,1,2,2,2,4,2,362524377,1395157082,36.423438,139.865856,3,3,9999,9999,9,9
true,41,112,126,2,0,1,30000,0,301,2023,10,17,18,55,22,5,49,17,3,1,3,1,14,7,0,0,0,0,3,9,1,70,4,2,1,35,25,14,61,31,0,11,0,2,0,1,0,10,0,60,0,3,0,2,0,2,0,4,2,362828493,1395559996,36.474581,139.933332,3,3,9999,0,1,0
true,41,112,127,2,0,1,3520,0,301,2023,10,23,7,59,12,5,54,16,55,1,3,1,14,7,0,0,0,0,3,9,1,70,1,2,21,65,25,3,3,31,31,1,1,1,1,1,1,10,10,10,30,3,3,1,2,2,2,4,2,362603872,1395534363,36.434409,139.926212,2,3,9999,9999,9,5
true,41,112,128,2,0,1,30000,0,216,2023,10,25,9,55,12,5,56,16,53,1,1,1,14,7,0,0,0,0,3,9,1,70,5,4,21,75,35,3,35,31,31,1,0,2,0,11,11,3,3,10,20,3,3,2,0,2,0,4,2,362625757,1395140813,36.440488,139.861337,4,3,961,9999,9,1
true,41,112,129,2,0,1,30000,0,216,2023,10,27,17,22,21,5,58,16,50,1,3,1,1,7,1,21,9,22,11,9,30,70,5,2,21,45,1,3,51,31,41,1,0,1,0,1,0,10,0,10,20,3,3,2,0,2,0,4,2,362242488,1395030196,36.378469,139.841721,6,3,9999,0,1,0
true,41,112,130,2,0,1,10650,0,216,2023,10,28,13,30,12,5,59,16,49,1,3,1,14,7,0,0,0,0,2,9,1,70,5,2,21,45,45,3,4,31,31,1,1,2,1,11,11,2,1,0,0,2,2,2,2,2,1,4,2,362615223,1395132324,36.437562,139.858979,7,3,9999,9999,5,9
true,41,113,101,2,0,1,10480,0,214,2023,10,1,13,38,12,5,35,17,25,2,2,1,1,7,9,22,9,22,14,9,30,70,4,2,21,45,25,3,3,31,31,1,1,2,1,11,11,10,3,80,40,3,3,2,2,2,2,4,2,364054005,1395817731,36.681668,139.971592,1,3,9999,9999,1,1
true,41,113,102,2,0,4,2930,0,214,2023,9,30,7,52,12,5,34,17,27,1,3,1,13,7,0,0,0,0,1,4,1,70,5,2,21,55,1,3,4,31,31,1,1,1,1,11,11,4,4,10,10,2,2,1,1,2,2,2,4,364304782,1400312672,36.717995,140.05352,7,3,9999,9999,9,1
true,41,113,103,2,0,2,2930,0,214,2023,10,6,18,50,22,5,39,17,18,1,2,1,14,7,0,0,0,0,3,9,1,70,4,2,21,1,25,3,3,31,31,1,1,1,1,11,11,4,4,10,30,2,2,2,2,2,2,4,2,364123816,1395657696,36.689949,139.94936,6,3,9999,9999,1,1
true,41,113,104,2,0,1,2930,0,214,2023,10,2,16,40,13,5,36,17,24,1,3,1,1,1,9,22,0,0,14,9,30,70,4,2,21,1,0,51,0,41,0,0,0,0,0,0,0,0,0,0,0,3,0,0,0,0,0,2,0,364051856,1395818653,36.681071,139.971848,2,3,0,0,0,0
true,41,113,105,2,0,1,30000,0,214,2023,10,3,9,36,12,5,37,17,22,1,3,1,14,7,0,0,0,0,2,7,1,70,5,2,21,65,1,14,32,31,31,11,0,2,0,11,11,10,10,50,10,3,2,2,0,2,0,4,2,364511581,1395813544,36.753217,139.970429,3,3,9999,9999,9,5
true,41,113,106,2,0,1,30000,0,214,2023,10,11,11,8,12,5,43,17,11,1,3,1,1,7,1,21,9,22,14,9,30,70,4,3,21,35,65,12,14,31,31,11,11,1,2,11,11,5,4,10,20,3,2,2,2,2,2,4,2,364030184,1395844598,36.675051,139.979055,4,3,9999,9999,5,9
true,41,113,107,2,0,1,40,1207,386,2023,9,28,16,18,12,5,32,17,30,1,3,1,14,7,0,0,0,0,3,9,1,70,1,2,21,75,55,3,3,31,31,1,1,1,1,11,11,10,10,80,60,1,2,2,2,2,2,4,4,363842616,1395754004,36.645171,139.965001,5,3,856,9999,9,9
true,41,113,108,2,0,3,40,1305,214,2023,10,16,7,32,12,5,48,17,4,1,3,1,1,1,9,22,9,22,18,9,30,70,4,2,21,1,65,3,13,31,31,1,11,1,2,11,11,10,10,80,10,1,1,2,2,2,2,2,2,364336991,1395733304,36.726942,139.959251,2,3,9999,9999,5,9
true,41,113,109,2,0,5,10640,0,386,2023,10,9,16,24,13,5,42,17,14,3,3,2,13,7,0,0,0,0,1,6,1,70,5,2,21,35,1,3,4,31,31,1,1,1,1,11,11,4,4,11,11,2,2,1,1,1,2,2,4,363539278,1400121983,36.594244,140.022773,2,1,9999,9999,5,1
true,41,113,110,2,0,1,20000,0,386,2023,10,16,16,22,13,5,48,17,4,1,3,1,14,7,0,0,0,0,3,9,1,70,4,3,21,45,55,11,23,31,0,11,0,2,0,11,11,4,4,80,60,2,2,2,0,2,0,4,2,363702143,1400018608,36.617262,140.005169,2,3,9999,9999,9,9
true,41,113,111,2,0,1,99000,0,386,2023,10,13,8,2,12,5,45,17,8,1,3,1,0,7,0,0,0,0,0,0,20,70,0,4,21,45,25,13,13,31,31,11,11,1,1,11,11,10,10,70,70,4,3,2,2,2,2,4,2,363906250,1400143216,36.651736,140.028671,6,3,9999,9999,5,1
true,41,113,112,2,0,1,30000,0,214,2023,10,16,7,45,12,5,48,17,4,1,3,1,14,1,0,0,0,0,3,9,1,70,4,4,21,25,25,3,4,31,31,1,1,1,1,11,11,4,4,10,30,3,3,2,2,2,2,4,2,364216751,1395842784,36.704653,139.978551,2,3,9999,9999,5,1
true,41,113,113,2,0,1,30000,0,214,2023,10,23,10,2,12,5,54,16,55,1,3,1,14,7,0,0,0,0,3,9,1,70,4,2,21,65,45,4,14,31,31,1,11,1,2,11,11,10,10,80,80,2,2,1,2,2,2,2,4,364302845,1395723022,36.717457,139.956395,2,3,9999,9999,9,5
true,41,113,114,2,0,2,30000,0,214,2023,10,25,15,30,12,5,56,16,53,1,3,1,1,7,9,22,1,21,14,9,30,70,4,3,21,35,75,3,14,31,31,1,11,1,2,11,11,10,10,80,10,2,2,2,2,2,2,2,2,364058573,1395857184,36.682937,139.982551,4,3,9999,32,1,9
true,41,113,115,2,0,1,30000,0,214,2023,10,23,13,25,12,5,54,16,55,1,3,1,1,7,9,22,9,22,14,9,30,70,4,3,21,45,65,11,21,1,0,11,0,2,0,11,11,4,4,10,60,3,2,2,0,2,0,4,2,364111677,1395856453,36.686577,139.982348,2,3,9999,9999,1,9
true,41,113,116,2,0,1,30000,0,214,2023,10,26,8,21,12,5,57,16,51,1,2,1,1,7,1,21,9,22,17,9,30,70,1,2,21,25,45,4,51,31,41,1,0,2,0,11,0,5,0,80,20,3,2,2,0,2,0,4,2,364216621,1395732242,36.704617,139.958956,5,3,9999,0,1,0
true,41,113,117,2,0,1,10100,0,386,2023,10,24,19,30,22,5,55,16,54,1,2,1,14,7,0,0,0,0,2,9,1,70,1,2,21,1,35,3,4,31,31,1,1,1,1,11,11,5,5,30,10,3,3,2,2,2,2,2,4,363712468,1395929544,36.62013,139.99154,3,3,9999,9999,5,1
true,41,113,118,2,0,1,30000,0,386,2023,10,25,7,0,12,5,56,16,53,1,3,1,14,1,0,0,0,0,1,9,1,70,5,3,21,25,65,3,13,31,31,1,11,1,1,11,11,10,10,0,10,3,3,2,2,2,2,2,4,363941418,1395905291,36.661505,139.984803,4,3,9999,9999,1,9
true,41,113,119,2,0,1,99000,0,386,2023,10,6,18,55,22,5,39,17,18,1,2,1,0,7,0,0,0,0,0,0,20,70,0,4,21,45,1,3,51,31,41,1,0,2,0,11,0,10,0,50,20,3,3,2,0,2,0,4,2,363740310,1395840138,36.627864,139.977816,6,3,9999,0,1,0
true,41,113,120,2,0,1,30000,0,214,2023,10,30,9,35,12,6,1,16,47,1,3,1,1,7,1,21,9,22,14,9,30,70,4,2,21,65,65,4,4,31,31,1,1,1,1,11,11,10,4,80,50,2,2,2,2,2,2,4,2,364042928,1395901525,36.678591,139.983757,2,3,9999,9999,9,9
true,41,114,73,2,0,1,10300,0,211,2023,9,30,13,0,12,5,34,17,27,1,3,1,1,1,9,22,9,22,14,9,30,70,5,2,21,1,1,3,4,31,31,1,1,1,1,11,11,4,4,50,50,2,2,1,1,2,2,4,2,364550108,1395617851,36.763919,139.938292,7,3,9999,9999,1,1
true,41,114,74,2,0,1,4610,0,211,2023,9,17,7,26,12,5,24,17,46,1,2,1,14,1,0,0,0,0,4,9,1,70,5,2,21,35,1,3,4,31,31,1,1,1,1,11,11,4,4,33,11,3,3,2,1,2,2,2,4,364833415,1395613992,36.809282,139.93722,1,2,9999,9999,1,5
true,41,114,75,2,0,1,10300,0,211,2023,9,29,10,17,12,5,33,17,28,1,3,1,13,7,0,0,0,0,3,6,1,70,4,2,21,35,1,3,4,31,31,1,1,1,1,11,11,4,4,20,50,3,3,2,2,2,2,2,4,364654581,1395540955,36.781828,139.928043,6,3,9999,9999,1,1
true,41,114,76,2,0,1,30000,0,384,2023,10,6,9,12,12,5,39,17,18,1,3,1,13,7,0,0,0,0,2,1,20,70,5,4,21,25,55,3,4,31,31,1,1,2,1,11,11,4,4,55,55,3,2,2,1,2,2,4,2,364912648,1394824847,36.82018,139.806902,6,3,9999,9999,1,9
true,41,114,77,2,0,1,40,1347,211,2023,10,14,8,5,12,5,46,17,7,1,3,1,14,7,0,0,0,0,4,9,1,70,4,2,21,25,25,12,3,1,31,11,1,1,1,11,11,10,10,10,31,3,3,2,2,2,2,4,2,364548384,1395637406,36.76344,139.943724,7,3,9999,9999,9,1
true,41,114,78,2,0,1,40,1443,211,2023,10,12,17,19,21,5,44,17,9,1,3,1,14,7,0,0,0,0,1,9,1,70,5,2,21,1,25,3,3,31,31,1,1,1,1,11,11,4,4,10,30,3,3,2,2,2,2,4,2,365003217,1395700394,36.834227,139.950109,5,3,9999,9999,5,1
true,41,114,79,1,2,1,22710,0,211,2023,10,17,16,35,13,5,49,17,3,2,3,2,13,7,0,0,0,0,1,5,1,70,5,2,21,65,75,3,4,31,31,1,1,1,2,11,11,3,3,20,21,3,1,2,1,2,2,4,1,364916100,1395636661,36.821139,139.943517,3,3,9999,488,9,9
true,41,114,80,2,0,1,4610,0,211,2023,10,18,8,58,12,5,50,17,1,1,2,1,1,7,1,21,9,22,14,9,30,70,4,2,21,65,25,4,51,31,41,1,0,1,0,11,0,10,0,10,20,3,3,2,0,2,0,4,2,364831007,1395529640,36.808613,139.9249,4,3,9999,0,9,0
true,41,114,81,2,0,1,40,1401,211,2023,10,18,10,52,12,5,50,17,1,1,2,1,14,1,0,0,0,0,2,8,1,70,5,2,21,35,25,12,3,1,31,11,1,2,1,11,11,4,4,11,33,3,3,2,2,2,2,4,2,364838534,1395636258,36.810704,139.943405,4,3,9999,9999,1,1
true,41,114,82,2,0,1,30000,0,211,2023,10,27,10,24,12,5,58,16,50,2,3,1,14,7,0,0,0,0,2,9,1,70,5,2,41,75,0,51,75,41,0,0,0,0,0,0,0,0,0,10,0,3,0,0,0,0,0,2,0,364742803,1395608192,36.795223,139.935609,6,3,0,0,0,0
true,41,114,83,2,0,1,10300,0,211,2023,10,21,17,50,21,5,52,16,57,1,3,1,1,7,1,22,9,22,15,7,30,70,5,2,21,45,45,3,51,31,41,1,0,1,0,11,0,10,0,55,14,3,2,2,0,2,0,4,2,364649645,1395541437,36.780457,139.928177,7,3,9999,0,1,0
true,41,115,27,2,0,1,30000,0,215,2023,10,3,8,18,12,5,37,17,22,1,2,1,1,7,9,22,9,22,11,9,30,70,5,1,21,1,65,4,36,31,31,1,0,1,0,1,11,5,10,50,40,3,3,2,0,2,0,4,2,364133169,1400955231,36.692547,140.165342,3,3,9999,9999,1,1