資料区分,都道府県コード,警察署等コード,本票番号,事故内容,死者数,負傷者数,路線コード,地点コード,市区町村コード,発生日時　　年,発生日時　　月,発生日時　　日,発生日時　　時,発生日時　　分,昼夜,日の出時刻　　時,日の出時刻　　分,日の入り時刻　　時,日の入り時刻　　分,天候,地形,路面状態,道路形状,信号機,一時停止規制　標識（当事者A）,一時停止規制　表示（当事者A）,一時停止規制　標識（当事者B）,一時停止規制　表示（当事者B）,車道幅員,道路線形,衝突地点,ゾーン規制,中央分離帯施設等,歩車道区分,事故類型,年齢（当事者A）,年齢（当事者B）,当事者種別（当事者A）,当事者種別（当事者B）,用途別（当事者A）,用途別（当事者B）,車両形状等（当事者A）,車両形状等（当事者B）,オートマチック車（当事者A）,オートマチック車（当事者B）,サポカー（当事者A）,サポカー（当事者B）,速度規制（指定のみ）（当事者A）,速度規制（指定のみ）（当事者B）,車両の衝突部位（当事者A）,車両の衝突部位（当事者B）,車両の損壊程度（当事者A）,車両の損壊程度（当事者B）,エアバッグの装備（当事者A）,エアバッグの装備（当事者B）,サイドエアバッグの装備（当事者A）,サイドエアバッグの装備（当事者B）,人身損傷程度（当事者A）,人身損傷程度（当事者B）,地点　緯度（北緯）,地点　経度（東経）,地点　緯度（北緯）_1,地点　経度（東経）_1,曜日(発生年月日),祝日(発生年月日),認知機能検査経過日数（当事者A）,認知機能検査経過日数（当事者B）,運転練習の方法（当事者A）,運転練習の方法（当事者B）
true,41,115,28,2,0,1,99000,0,215,2023,10,17,10,15,12,5,49,17,3,1,2,1,0,7,0,0,0,0,0,0,20,70,0,4,21,75,45,3,4,31,31,1,1,1,1,1,1,10,10,30,70,3,3,2,2,2,2,4,2,363923782,1400916056,36.656606,140.15446,3,3,378,9999,9,9
true,41,116,19,2,0,1,30000,0,343,2023,9,30,10,30,12,5,34,17,27,1,3,1,14,7,0,0,0,0,1,9,1,70,5,4,41,75,0,51,76,41,0,0,0,0,0,0,0,0,0,23,0,3,0,0,0,0,0,2,0,363150578,1401212132,36.530716,140.20337,7,3,0,0,0,0
true,41,116,20,2,0,1,30000,0,344,2023,9,23,11,42,12,5,28,17,37,2,3,1,14,7,0,0,0,0,3,9,1,70,4,3,21,45,65,3,4,31,31,1,1,1,1,11,11,3,10,55,77,3,3,2,2,2,2,2,4,363222207,1400627817,36.539502,140.107727,7,1,9999,9999,9,9
true,41,116,21,2,0,2,10610,0,344,2023,10,4,7,15,12,5,37,17,21,3,3,2,1,2,1,21,9,22,14,9,30,70,4,4,21,25,25,3,3,31,31,1,1,1,1,11,11,10,4,0,18,4,2,2,2,2,2,4,2,363036068,1400338203,36.510019,140.060612,4,3,9999,9999,1,1
true,41,116,22,2,0,2,30000,0,344,2023,10,16,9,10,12,5,48,17,4,1,3,2,1,7,9,22,2,21,15,8,30,70,4,4,21,55,75,12,4,31,31,11,1,2,1,11,11,10,10,10,20,3,1,2,2,2,2,4,2,363531358,1400742845,36.592044,140.128568,2,3,9999,195,9,9
true,41,116,23,2,0,1,10270,0,343,2023,10,27,18,1,22,5,58,16,50,1,3,1,14,7,0,0,0,0,3,9,1,70,4,2,1,65,75,3,61,31,0,1,0,1,0,11,0,3,0,10,0,3,0,2,0,2,0,4,2,363201169,1401105176,36.533658,140.184771,6,3,9999,0,9,0
true,41,116,24,2,0,1,30000,0,344,2023,10,30,7,6,12,6,1,16,47,1,3,1,14,7,0,0,0,0,2,9,20,70,5,3,1,45,45,4,61,31,0,1,0,1,0,11,0,10,0,40,0,3,0,2,0,2,0,4,2,363127606,1400742280,36.524335,140.128411,2,3,9999,0,1,0
true,41,122,335,2,0,2,2930,0,201,2023,9,30,14,20,12,5,34,17,27,2,3,1,14,1,0,0,0,0,2,9,1,70,4,2,21,55,35,11,4,1,31,11,1,2,1,11,11,4,4,10,30,3,3,2,2,2,2,4,2,364110093,1395604297,36.686137,139.934527,7,3,9999,9999,9,5
true,41,122,336,2,0,1,41,1024,201,2023,6,21,17,28,12,4,22,19,2,1,3,1,12,7,0,0,0,0,3,7,1,70,1,1,21,1,35,3,3,31,31,1,1,1,1,11,11,5,5,10,30,3,3,2,2,2,2,4,2,363213873,1395553270,36.537187,139.931464,4,3,9999,9999,1,1
true,41,122,337,2,0,1,30000,0,201,2023,9,29,17,22,13,5,33,17,28,3,1,2,14,7,0,0,0,0,3,9,1,70,5,2,21,65,65,3,14,31,31,1,11,1,1,1,1,10,10,30,10,2,2,2,2,2,2,2,4,363537993,1395628309,36.593887,139.941197,6,3,9999,9999,9,5
true,41,122,338,2,0,1,10100,0,201,2023,9,8,20,50,22,5,17,18,0,2,2,2,14,7,0,0,0,0,3,9,1,70,4,3,21,25,45,3,3,31,31,1,1,1,1,11,11,3,3,10,10,3,3,2,2,2,2,4,2,363423524,1395445810,36.573201,139.912725,6,3,9999,9999,1,1
true,41,122,339,2,0,1,99000,0,201,2023,10,4,18,42,22,5,37,17,21,2,1,1,0,7,0,0,0,0,0,0,20,70,0,4,41,1,0,3,75,31,0,1,0,1,0,11,0,10,0,20,0,3,0,2,0,2,0,4,0,363257998,1395327517,36.549444,139.890977,4,3,9999,0,1,0
true,41,122,340,2,0,1,30000,0,201,2023,10,5,7,26,12,5,38,17,19,2,3,1,1,7,1,22,9,22,15,9,30,70,4,2,21,25,55,3,36,31,31,1,0,1,0,11,11,5,10,40,10,3,3,2,0,2,0,4,2,363426818,1395605226,36.574116,139.934785,5,3,9999,9999,1,9
true,41,122,341,2,0,1,40,1044,201,2023,10,4,19,0,22,5,37,17,21,1,1,1,1,7,8,22,0,0,15,6,30,70,5,2,41,1,0,51,76,41,0,0,0,0,0,0,0,0,0,10,0,3,0,0,0,0,0,2,0,363232716,1395323730,36.542421,139.889925,4,3,0,0,0,0
true,41,122,342,2,0,1,30000,0,201,2023,10,7,22,0,22,5,40,17,16,2,1,1,14,7,0,0,0,0,4,9,1,70,5,4,41,25,0,51,76,41,0,0,0,0,0,0,0,0,0,14,0,3,0,0,0,0,0,2,0,363409628,1395612653,36.569341,139.936848,7,3,0,0,0,0
true,41,122,343,2,0,1,30000,0,201,2023,9,20,17,37,13,5,26,17,42,2,2,1,1,7,9,22,9,22,11,9,30,70,5,4,21,45,55,3,4,31,31,1,1,1,1,11,11,10,10,50,50,3,3,2,2,2,2,4,2,363425237,1395346820,36.573677,139.896339,4,3,9999,9999,1,9
true,41,122,344,2,0,1,30000,0,201,2023,9,30,9,57,12,5,34,17,27,1,3,1,14,7,0,0,0,0,1,9,1,70,4,2,21,55,65,3,51,31,41,1,0,1,0,11,0,10,0,10,40,3,3,2,0,2,0,4,2,363406146,1400006926,36.568374,140.001924,7,3,9999,0,9,0
true,41,122,345,2,0,1,30000,0,201,2023,10,10,12,27,12,5,43,17,12,2,1,1,1,7,1,21,9,22,11,8,30,70,5,2,21,25,1,3,51,31,41,1,0,1,0,11,0,10,0,51,10,3,3,2,0,2,0,4,2,363316016,1395350957,36.554449,139.897488,3,3,9999,0,1,0
true,41,122,346,2,0,1,30000,0,201,2023,10,11,9,50,12,5,43,17,11,1,3,1,1,7,1,21,0,0,15,9,30,70,5,4,41,75,0,51,76,41,0,0,0,0,0,0,0,0,0,40,0,3,0,0,0,0,0,2,0,363244770,1395440489,36.545769,139.911247,4,3,0,0,0,0
true,41,122,347,2,0,1,99000,0,201,2023,8,16,13,0,12,4,58,18,31,2,1,1,0,7,0,0,0,0,0,0,20,70,0,4,1,45,65,3,61,31,0,1,0,1,0,1,0,10,0,30,0,3,0,2,0,2,0,4,2,363322252,1395349733,36.556181,139.897148,4,3,9999,0,9,0
true,41,122,348,2,0,1,30000,0,201,2023,10,14,9,5,12,5,46,17,7,1,3,1,14,7,0,0,0,0,4,9,1,70,5,4,41,75,0,51,76,41,0,0,0,0,0,0,0,0,0,20,0,3,0,0,0,0,0,2,0,363213232,1395415833,36.537009,139.904398,7,3,0,0,0,0
true,41,122,349,2,0,1,30000,0,201,2023,10,3,7,55,12,5,37,17,22,1,3,1,14,1,0,0,0,0,4,9,1,70,4,2,21,1,25,4,4,31,31,1,1,1,1,11,11,10,10,10,30,3,3,2,2,2,2,4,2,363456586,1395855571,36.582385,139.982103,3,3,9999,9999,1,1
true,41,122,350,2,0,1,1230,0,201,2023,10,16,0,8,22,5,48,17,4,2,1,1,1,7,9,22,0,0,17,9,30,70,5,2,21,35,0,51,0,41,0,0,0,0,0,0,0,0,0,10,0,3,0,0,0,0,0,2,0,363305270,1395437519,36.551464,139.910422,2,3,0,0,0,0
true,41,122,351,2,0,2,1230,0,201,2023,10,17,8,10,12,5,49,17,3,1,3,1,7,1,0,0,0,0,1,9,1,70,1,2,21,35,1,3,4,31,31,1,1,1,1,1,1,3,10,10,13,3,2,2,2,2,2,4,2,363234069,1395631686,36.542797,139.942135,3,3,9999,9999,1,1
true,41,122,352,2,0,1,30000,0,201,2023,10,17,14,7,12,5,49,17,3,1,3,1,1,7,9,22,9,22,11,9,20,70,5,3,21,55,35,14,36,31,31,11,0,1,0,1,11,1,1,40,10,2,2,2,0,2,0,4,2,363459207,1395645053,36.583113,139.945848,3,3,9999,9999,9,5
true,41,122,353,2,0,1,1230,0,201,2023,10,16,10,12,12,5,48,17,4,1,3,1,1,1,9,22,9,22,15,9,30,70,4,2,21,35,1,4,51,31,41,1,0,1,0,11,0,4,0,10,30,3,3,2,0,2,0,4,2,363257862,1395517267,36.549406,139.921463,2,3,9999,0,1,0
true,41,122,354,2,0,1,10640,0,201,2023,10,18,16,49,13,5,50,17,1,1,3,1,1,7,9,22,9,22,18,5,30,70,1,2,21,55,45,13,51,31,41,11,0,1,0,11,0,4,0,40,20,3,3,2,0,2,0,4,2,363400815,1395902652,36.566893,139.98407,4,3,9999,0,9,0
true,41,122,355,2,0,1,99000,0,201,2023,10,10,15,30,12,5,43,17,12,3,3,1,0,7,0,0,0,0,0,0,20,70,0,2,21,75,75,3,51,31,41,1,0,1,0,11,0,10,0,80,10,2,2,2,0,2,0,4,2,363234099,1395502807,36.542805,139.917446,3,3,754,0,9,0
true,41,122,356,2,0,1,10690,0,201,2023,10,13,7,50,12,5,45,17,8,1,2,1,0,7,0,0,0,0,0,0,20,70,0,4,21,55,1,3,51,31,41,1,0,1,0,11,0,10,0,10,20,3,3,2,0,2,0,4,2,363403688,1395916627,36.567691,139.987952,6,3,9999,0,9,0
true,41,122,357,2,0,1,30000,0,201,2023,10,20,9,5,12,5,51,16,59,1,3,1,1,7,9,22,9,22,14,9,30,70,5,4,21,25,65,3,51,31,41,1,0,1,0,11,0,10,0,50,40,3,3,2,0,2,0,4,2,363230527,1400014274,36.541813,140.003965,6,3,9999,0,1,0
true,41,122,358,2,0,1,10630,0,201,2023,10,20,17,47,21,5,51,16,59,1,3,1,1,1,9,22,9,22,11,9,30,70,5,2,21,25,75,3,36,31,31,1,0,1,0,11,11,10,10,40,10,2,2,2,0,2,0,4,2,363512296,1395334588,36.586749,139.892941,6,3,9999,107,1,5
true,41,122,359,2,0,1,1190,0,201,2023,10,21,5,50,23,5,52,16,57,1,3,1,14,7,0,0,0,0,4,9,1,70,1,2,41,45,0,3,75,31,0,1,0,1,0,11,0,5,0,80,0,1,0,1,0,2,0,2,0,363535142,1395443124,36.593095,139.911979,7,3,9999,0,5,0
true,41,122,360,2,0,1,30000,0,201,2023,10,14,9,43,12,5,46,17,7,1,3,1,14,7,0,0,0,0,3,9,1,70,5,2,21,1,25,14,51,1,41,11,0,1,0,11,0,10,0,50,20,3,3,2,0,2,0,4,2,363530257,1395551035,36.591738,139.930843,7,3,9999,0,1,0
true,41,122,361,2,0,1,4080,0,201,2023,10,21,16,52,13,5,52,16,57,2,2,1,1,7,1,21,9,22,17,9,30,70,1,2,21,75,25,3,32,31,31,1,0,1,0,11,11,10,10,30,10,2,1,2,0,2,0,4,2,363552184,1395904913,36.597829,139.984698,7,3,616,9999,9,1
true,41,122,362,2,0,1,1190,0,201,2023,2,2,10,13,12,6,42,17,7,1,1,1,14,7,0,0,0,0,4,9,1,70,1,2,21,1,45,3,14,31,31,1,11,1,1,11,1,10,10,11,33,3,3,2,2,2,2,4,2,363535866,1395531847,36.593296,139.925513,5,3,9999,9999,1,9
true,41,122,363,2,0,1,40,1102,201,2023,10,22,16,4,13,5,53,16,56,1,3,1,14,7,0,0,0,0,3,9,1,70,5,2,21,1,35,51,51,41,41,0,0,0,0,0,0,0,0,10,10,3,3,0,0,0,0,4,2,363429626,1395500502,36.574896,139.916806,1,3,0,0,0,0
true,41,122,364,2,0,1,10640,0,201,2023,9,15,5,20,23,5,22,17,49,1,3,1,14,1,0,0,0,0,4,9,1,70,1,2,21,45,55,3,14,31,31,1,11,1,1,11,11,10,10,10,30,3,3,2,2,2,2,4,2,363334290,1395650899,36.559525,139.947472,6,3,9999,9999,1,9
true,41,122,365,2,0,1,30000,0,201,2023,10,24,18,55,22,5,55,16,54,1,2,1,14,7,0,0,0,0,1,9,1,70,5,4,21,45,55,4,52,31,41,1,0,1,0,11,0,5,0,10,10,2,1,2,0,2,0,4,2,363236269,1395532725,36.543408,139.925757,3,3,9999,0,9,0
true,41,122,366,2,0,1,40,1075,201,2023,10,17,19,14,22,5,49,17,3,1,1,1,14,7,0,0,0,0,4,9,1,70,5,2,21,1,55,36,36,31,31,0,0,0,0,11,11,10,1,40,10,3,3,0,0,0,0,4,2,363309382,1395429545,36.552606,139.908207,3,3,9999,9999,1,5
true,41,122,367,2,0,2,1190,0,201,2023,10,9,14,30,12,5,42,17,14,3,1,2,14,7,0,0,0,0,4,9,1,70,1,2,21,45,45,3,3,31,31,1,1,1,1,11,11,10,10,10,30,3,3,2,2,2,2,4,2,363536182,1395528924,36.593384,139.924701,2,1,9999,9999,9,9
true,41,122,368,2,0,1,30000,0,201,2023,10,24,17,14,21,5,55,16,54,1,2,1,1,7,9,22,9,22,15,3,30,70,4,2,21,75,1,3,51,31,41,1,0,1,0,11,0,10,0,10,40,3,3,2,0,2,0,4,2,363238285,1395515154,36.543968,139.920876,3,3,889,0,9,0
true,41,122,369,2,0,1,40,1071,201,2023,10,7,18,5,21,5,40,17,16,1,1,1,14,7,0,0,0,0,4,9,1,70,5,2,21,25,45,3,4,31,31,1,1,1,1,11,11,4,4,10,31,3,2,2,2,2,2,4,2,363259262,1395420538,36.549795,139.905705,7,3,9999,9999,1,1
true,41,122,370,2,0,1,1230,0,201,2023,10,24,17,30,21,5,55,16,54,1,2,1,14,7,0,0,0,0,2,9,1,70,4,2,21,1,35,3,3,31,31,1,1,1,1,11,11,4,4,10,30,3,3,2,2,2,2,4,2,363304853,1395437858,36.551348,139.910516,3,3,9999,9999,1,5
true,41,122,371,2,0,1,21250,0,201,2023,10,31,18,30,22,6,2,16,46,1,1,1,1,1,9,22,9,22,18,9,30,70,5,2,21,65,1,3,51,31,41,1,0,1,0,11,0,4,0,10,10,3,3,2,0,2,0,4,2,363501903,1395441569,36.583862,139.911547,3,3,9999,0,9,0
true,41,123,232,2,0,1,10020,0,201,2023,9,11,7,59,12,5,19,17,55,1,1,1,1,7,9,21,9,22,17,9,30,70,4,2,21,45,1,3,51,31,41,1,0,1,0,11,0,10,0,10,24,3,2,2,0,2,0,4,2,363210414,1395133361,36.536226,139.859267,2,3,9999,0,9,0
true,41,123,233,2,0,1,23200,0,201,2023,10,4,15,35,12,5,37,17,21,2,3,1,14,7,0,0,0,0,3,9,1,70,4,2,41,1,0,4,75,31,0,1,0,1,0,11,0,4,0,18,0,3,0,2,0,2,0,4,0,363018295,1395434272,36.505082,139.90952,4,3,9999,0,1,0
true,41,123,234,2,0,1,41,975,201,2023,9,29,7,25,12,5,33,17,28,1,3,1,14,7,0,0,0,0,2,9,1,70,5,2,21,35,55,51,51,41,41,0,0,0,0,0,0,0,0,0,0,3,3,0,0,0,0,4,2,362945917,1395455253,36.496088,139.915348,6,3,0,0,0,0
true,41,123,235,2,0,1,40,990,201,2023,10,7,14,10,12,5,40,17,16,1,1,1,14,7,0,0,0,0,3,9,1,70,4,2,41,45,0,51,76,41,0,0,0,0,0,0,0,0,0,40,0,3,0,0,0,0,0,2,0,362848504,1395218376,36.48014,139.871771,7,3,0,0,0,0
true,41,123,236,2,0,1,23200,0,201,2023,9,30,9,29,12,5,34,17,27,2,3,1,1,7,9,22,9,22,15,9,30,70,4,2,21,1,35,4,36,31,31,1,0,1,0,11,11,10,2,50,40,3,3,2,0,2,0,4,2,363152104,1395356591,36.53114,139.899053,7,3,9999,9999,1,1
true,41,123,237,2,0,5,1210,0,201,2023,9,24,14,0,12,5,29,17,36,1,3,1,14,7,0,0,0,0,3,9,1,70,1,2,21,45,25,3,3,31,31,1,1,1,1,11,11,4,4,10,30,3,3,2,2,2,2,4,2,363007711,1395442127,36.502142,139.911702,1,3,9999,9999,1,5
true,41,123,238,2,0,2,99000,0,201,2023,10,10,10,53,12,5,43,17,12,1,2,1,0,7,0,0,0,0,0,0,20,70,0,4,21,75,35,3,4,31,31,1,1,1,1,11,11,10,10,70,70,3,3,2,2,2,2,4,2,363133899,1395215402,36.526083,139.870945,3,3,459,9999,9,1
true,41,123,239,2,0,2,30000,0,201,2023,10,14,5,54,11,5,46,17,7,1,2,1,1,3,9,22,9,22,15,9,30,70,4,3,21,65,55,3,4,31,31,1,1,1,1,11,11,4,10,10,40,2,1,1,2,2,2,2,2,362951547,1395302972,36.497652,139.884159,7,3,9999,9999,9,1
true,41,123,240,2,0,1,10460,0,201,2023,10,16,18,7,22,5,48,17,4,1,2,1,1,1,9,22,0,0,19,9,30,70,1,2,1,35,45,3,61,31,0,1,0,1,0,11,0,4,0,80,0,3,0,2,0,2,0,4,2,363214374,1395435618,36.537326,139.909894,2,3,9999,0,1,0
true,41,123,241,2,0,1,30000,0,201,2023,10,2,7,42,12,5,36,17,24,1,1,1,1,7,9,22,9,22,18,9,30,70,4,2,21,45,25,4,51,31,41,1,0,1,0,11,0,3,0,40,10,3,3,2,0,2,0,4,2,363200056,1395218206,36.533349,139.871724,2,3,9999,0,1,0
true,41,123,242,2,0,3,10020,0,201,2023,10,17,20,32,22,5,49,17,3,2,2,1,14,7,0,0,0,0,4,9,1,70,4,2,21,35,1,3,4,31,31,1,1,1,1,11,11,4,4,50,70,2,2,1,1,2,2,4,2,363144904,1395117705,36.52914,139.854918,3,3,9999,9999,1,1
true,41,123,244,2,0,1,30000,0,201,2023,10,19,9,30,12,5,51,17,0,1,2,1,7,7,0,0,0,0,2,8,1,70,5,4,41,75,0,51,76,41,0,0,0,0,0,0,0,0,0,0,0,3,0,0,0,0,0,2,0,363209960,1395112510,36.5361,139.853475,5,3,0,0,0,0
true,41,123,245,2,0,1,30000,0,201,2023,10,19,20,0,22,5,51,17,0,1,3,1,14,7,0,0,0,0,2,9,1,70,1,2,41,1,0,51,76,41,0,0,0,0,0,0,0,0,0,0,0,3,0,0,0,0,0,2,0,362858721,1395418050,36.482978,139.905014,5,3,0,0,0,0
true,41,123,246,2,0,1,99000,0,201,2023,10,21,19,35,22,5,52,16,57,1,1,1,0,7,0,0,0,0,0,0,20,70,0,4,1,1,35,3,61,31,0,1,0,1,0,11,0,10,0,10,0,3,0,2,0,2,0,4,2,363159912,1395221317,36.533309,139.872588,7,3,9999,0,1,0
true,41,123,247,2,0,1,1210,0,201,2023,10,23,19,0,22,5,54,16,55,2,2,1,14,7,0,0,0,0,1,7,1,70,5,1,41,45,0,51,76,41,0,0,0,0,0,0,0,0,0,20,0,3,0,0,0,0,0,2,0,363016229,1395241794,36.504508,139.878276,2,3,0,0,0,0
true,41,123,248,2,0,1,40,994,201,2023,10,25,16,14,13,5,56,16,53,2,1,1,1,7,9,22,9,22,14,9,30,70,5,2,21,75,35,3,36,31,31,1,0,1,0,11,11,4,2,10,10,2,2,2,0,2,0,4,2,362934595,1395220010,36.492943,139.872225,4,3,679,9999,9,5
true,41,123,249,2,0,1,30000,0,201,2023,10,30,8,15,12,6,1,16,47,1,2,1,7,7,0,0,0,0,2,9,1,70,5,4,41,75,0,51,76,41,0,0,0,0,0,0,0,0,0,40,0,3,0,0,0,0,0,2,0,363126242,1395234399,36.523956,139.876222,2,3,0,0,0,0
true,41,123,250,2,0,2,1210,0,201,2023,10,25,5,12,23,5,56,16,53,1,3,1,14,7,0,0,0,0,3,7,1,70,1,3,41,45,0,17,75,31,0,11,0,1,0,11,0,5,0,51,0,2,0,1,0,2,0,4,0,363018329,1395228745,36.505091,139.874651,4,3,9999,0,9,0
true,41,123,251,2,0,1,1210,0,201,2023,10,28,9,55,12,5,59,16,49,3,1,2,1,1,9,22,9,22,19,9,30,70,1,2,21,55,55,3,4,31,31,1,1,1,1,11,11,10,4,20,10,3,3,2,2,2,2,4,2,363058230,1395037910,36.516175,139.843864,7,3,9999,9999,9,9
true,41,123,252,2,0,1,1210,0,201,2023,10,30,18,45,22,6,1,16,47,1,2,1,14,7,0,0,0,0,3,9,1,70,1,2,21,65,1,3,3,31,31,1,1,1,1,11,11,4,4,10,30,2,2,2,2,2,2,4,2,363019163,1395148100,36.505323,139.863361,2,3,9999,9999,9,1
true,41,59,37,2,0,1,41020,1483,213,2023,11,3,12,58,12,6,5,16,43,1,3,1,14,7,0,0,0,0,2,9,1,70,1,3,21,45,45,3,13,31,31,1,11,1,1,11,11,8,8,30,10,3,3,2,2,2,2,2,4,365936229,1400104487,36.993397,140.017913,6,1,9999,9999,9,1
true,41,59,38,2,0,1,41020,1636,407,2023,11,7,8,1,12,6,9,16,39,3,3,2,14,7,0,0,0,0,3,8,1,70,1,4,21,35,35,11,3,1,31,11,1,2,1,11,11,8,8,50,80,3,1,2,2,2,2,2,4,370439511,1400710909,37.077642,140.119697,3,3,9999,9999,5,5
true,41,59,39,2,0,1,41020,957,201,2023,11,24,12,13,12,6,26,16,27,1,3,1,14,7,0,0,0,0,1,9,1,70,1,3,1,65,45,4,61,31,0,1,0,1,0,1,0,10,0,30,0,4,0,2,0,2,0,4,2,363350047,1394902418,36.563902,139.817338,6,3,9999,0,9,0
true,41,101,274,2,0,1,10700,0,201,2023,11,4,15,30,12,6,6,16,42,1,2,1,1,8,9,22,9,22,18,9,30,70,5,3,21,35,1,22,51,0,41,0,0,0,0,1,0,3,0,80,40,3,2,0,0,0,0,4,2,363540330,1394830715,36.594536,139.808532,7,3,9999,0,1,0
true,41,101,275,2,0,1,10030,0,201,2023,10,27,7,30,12,5,58,16,50,1,2,1,1,7,1,21,0,0,17,9,30,70,5,2,1,35,75,3,61,31,0,1,0,1,0,1,0,3,0,88,0,3,0,2,0,2,0,4,2,363229432,1395100320,36.541509,139.850089,6,3,9999,0,1,0
true,41,101,276,2,0,4,2930,0,201,2023,10,22,17,55,21,5,53,16,56,1,3,1,14,7,0,0,0,0,3,9,1,70,4,2,21,55,1,3,4,31,31,1,1,1,1,11,11,3,3,30,10,3,3,2,2,2,2,2,4,363913572,1395125916,36.65377,139.857199,1,3,9999,9999,9,1
true,41,101,277,2,0,1,30000,0,201,2023,6,25,23,15,22,4,23,19,3,2,2,1,1,7,9,22,0,0,14,9,30,70,4,4,41,25,0,3,75,31,0,1,0,1,0,11,0,10,0,10,0,1,0,1,0,2,0,2,0,363656711,1395034397,36.615753,139.842888,1,3,9999,0,1,0
true,41,101,278,2,0,1,30000,0,201,2023,11,8,14,25,12,6,10,16,38,1,1,1,14,7,0,0,0,0,2,9,1,70,5,4,41,75,0,51,76,41,0,0,0,0,0,0,0,0,0,20,0,3,0,0,0,0,0,2,0,363536128,1395038994,36.593369,139.844165,4,3,0,0,0,0
true,41,101,279,2,0,1,30000,0,201,2023,10,31,18,20,22,6,2,16,46,1,1,1,14,7,0,0,0,0,4,9,1,70,1,2,21,45,25,3,3,31,31,1,1,1,1,11,11,4,4,10,30,3,3,2,2,2,2,4,4,363330294,1395219913,36.558415,139.872198,3,3,9999,9999,1,1
true,41,101,280,2,0,1,30010,0,201,2023,11,3,15,7,12,6,5,16,43,1,1,1,14,7,0,0,0,0,4,9,1,70,4,3,21,25,75,3,4,31,31,1,1,1,1,11,11,3,3,70,80,3,3,2,2,2,2,2,4,363429698,1395326822,36.574916,139.890784,6,1,9999,9999,1,9
true,41,101,281,2,0,1,10030,0,201,2023,10,8,21,40,22,5,41,17,15,2,3,2,1,1,9,22,9,22,18,8,30,70,1,2,21,45,75,3,3,31,31,1,1,1,1,11,11,5,5,10,30,2,2,1,1,2,2,2,4,363241316,1395059942,36.54481,139.849984,1,2,9999,24,1,9
true,41,101,282,2,0,2,10030,0,201,2023,10,8,21,40,22,5,41,17,15,2,2,2,14,1,0,0,0,0,6,8,1,70,1,2,21,25,75,3,3,31,31,1,1,1,1,11,11,5,5,10,13,2,2,1,2,1,2,4,4,363241244,1395059968,36.54479,139.849991,1,2,9999,24,1,9
true,41,101,283,2,0,1,1190,0,201,2023,11,10,15,52,13,6,12,16,36,3,2,2,14,7,0,0,0,0,3,9,1,70,1,1,21,25,25,3,3,31,31,1,1,1,1,11,11,10,10,10,30,3,3,2,2,2,2,4,2,363545236,1395252874,36.595899,139.881354,6,3,9999,9999,1,5
true,41,101,284,2,0,1,1190,0,201,2023,11,11,13,52,12,6,13,16,35,1,2,1,1,1,9,22,0,0,11,9,30,70,5,2,41,75,0,51,76,41,0,0,0,0,0,0,0,0,0,0,0,3,0,0,0,0,0,2,0,363601746,1395132278,36.600485,139.858966,7,3,0,0,0,0
true,41,101,285,2,0,1,30010,0,201,2023,11,12,20,40,22,6,14,16,35,3,1,2,14,7,0,0,0,0,4,7,1,70,4,2,21,65,75,3,51,31,41,1,0,1,0,11,0,3,0,80,40,3,2,2,0,2,0,4,2,363429071,1395225432,36.574742,139.873731,1,3,9999,0,9,0
true,41,101,286,2,0,1,20000,0,201,2023,11,14,10,15,12,6,16,16,33,1,2,1,7,7,0,0,0,0,3,4,1,70,1,3,21,75,55,3,31,31,31,1,0,1,0,11,11,3,3,0,40,4,2,2,0,2,0,4,2,363539890,1395157467,36.594414,139.865963,3,3,479,9999,4,9
true,41,101,287,2,0,1,1190,0,201,2023,11,10,14,17,12,6,12,16,36,3,2,2,14,7,0,0,0,0,3,9,1,70,1,1,21,25,45,17,3,31,31,11,1,2,1,11,11,10,10,31,10,2,2,2,2,2,2,2,4,363549254,1395307235,36.597015,139.885343,6,3,9999,9999,1,1
true,41,101,288,2,0,1,30000,0,201,2023,11,4,11,8,12,6,6,16,42,1,2,1,7,7,0,0,0,0,2,9,1,70,4,2,21,65,75,3,4,1,31,1,1,1,1,11,11,3,3,30,10,3,3,2,2,2,2,2,4,363242907,1395223081,36.545252,139.873078,7,3,9999,1093,9,9
true,41,101,289,2,0,1,30000,0,201,2023,11,16,7,33,12,6,18,16,32,1,3,1,13,7,0,0,0,0,2,2,1,70,5,4,1,45,75,3,61,31,0,1,0,1,0,1,0,10,0,88,0,3,0,2,0,2,0,4,2,363527002,1395250329,36.590834,139.880647,5,3,9999,0,9,0
true,41,101,290,2,0,1,10100,0,201,2023,9,20,16,52,13,5,26,17,42,2,1,1,1,7,1,21,9,22,11,9,30,70,1,2,21,1,55,51,51,41,41,0,0,0,0,0,0,0,0,0,40,4,3,0,0,0,0,4,2,363337332,1395325267,36.56037,139.890352,4,3,0,0,0,0