資料区分,都道府県コード,警察署等コード,本票番号,事故内容,死者数,負傷者数,路線コード,地点コード,市区町村コード,発生日時　　年,発生日時　　月,発生日時　　日,発生日時　　時,発生日時　　分,昼夜,日の出時刻　　時,日の出時刻　　分,日の入り時刻　　時,日の入り時刻　　分,天候,地形,路面状態,道路形状,信号機,一時停止規制　標識（当事者A）,一時停止規制　表示（当事者A）,一時停止規制　標識（当事者B）,一時停止規制　表示（当事者B）,車道幅員,道路線形,衝突地点,ゾーン規制,中央分離帯施設等,歩車道区分,事故類型,年齢（当事者A）,年齢（当事者B）,当事者種別（当事者A）,当事者種別（当事者B）,用途別（当事者A）,用途別（当事者B）,車両形状等（当事者A）,車両形状等（当事者B）,オートマチック車（当事者A）,オートマチック車（当事者B）,サポカー（当事者A）,サポカー（当事者B）,速度規制（指定のみ）（当事者A）,速度規制（指定のみ）（当事者B）,車両の衝突部位（当事者A）,車両の衝突部位（当事者B）,車両の損壊程度（当事者A）,車両の損壊程度（当事者B）,エアバッグの装備（当事者A）,エアバッグの装備（当事者B）,サイドエアバッグの装備（当事者A）,サイドエアバッグの装備（当事者B）,人身損傷程度（当事者A）,人身損傷程度（当事者B）,地点　緯度（北緯）,地点　経度（東経）,地点　緯度（北緯）_1,地点　経度（東経）_1,曜日(発生年月日),祝日(発生年月日),認知機能検査経過日数（当事者A）,認知機能検査経過日数（当事者B）,運転練習の方法（当事者A）,運転練習の方法（当事者B）
true,41,101,291,2,0,1,30000,0,201,2023,11,14,14,55,12,6,16,16,33,1,1,1,1,7,9,22,9,22,11,9,30,70,5,3,21,35,65,3,4,31,31,1,1,1,1,11,11,10,10,80,50,3,3,2,2,2,2,2,4,363412580,1395331618,36.570161,139.892116,3,3,9999,9999,1,9
true,41,101,292,2,0,1,10100,0,201,2023,11,18,18,45,22,6,20,16,30,2,1,1,14,7,0,0,0,0,4,9,1,70,4,2,1,25,65,36,61,31,0,0,0,0,0,11,0,2,0,10,0,3,0,0,0,0,0,4,2,363343506,1395320126,36.562085,139.888924,7,3,9999,0,5,0
true,41,101,293,2,0,1,10700,0,201,2023,11,6,6,38,11,6,8,16,40,1,1,1,1,1,9,22,9,22,18,9,30,70,1,2,21,1,45,3,4,31,31,1,1,1,1,11,11,4,4,40,50,3,3,2,2,2,2,4,2,363414833,1395133257,36.570787,139.859238,2,3,0,9999,0,1
true,41,101,294,2,0,1,30000,0,201,2023,11,13,12,45,12,6,15,16,34,1,2,1,1,7,1,22,9,22,14,9,30,70,5,4,21,45,55,3,51,31,41,1,0,1,0,11,0,10,0,10,40,3,3,2,0,2,0,4,2,363521361,1395127119,36.589267,139.857533,2,3,9999,0,1,0
true,41,101,295,2,0,1,30000,0,201,2023,11,9,20,10,22,6,11,16,37,1,2,1,1,1,9,22,9,22,19,9,30,70,5,2,21,1,55,3,35,31,31,1,0,1,0,11,11,3,3,10,30,3,3,2,0,2,0,4,2,363335842,1395335880,36.559956,139.8933,5,3,9999,9999,1,9
true,41,101,296,2,0,1,1190,0,201,2023,11,10,14,3,12,6,12,16,36,3,1,2,14,7,0,0,0,0,3,9,1,70,1,1,21,45,25,3,4,31,31,1,1,1,1,11,11,10,10,30,10,2,3,2,2,2,2,2,4,363548233,1395302891,36.596731,139.884136,6,3,9999,9999,9,1
true,41,101,297,2,0,1,10040,0,201,2023,11,15,17,2,21,6,17,16,32,2,3,1,14,7,0,0,0,0,3,9,20,70,1,2,21,35,1,3,4,31,31,1,1,1,1,11,11,5,5,10,30,3,3,2,2,2,2,4,2,363341044,1395016181,36.561401,139.837828,4,3,9999,9999,1,5
true,41,101,298,2,0,1,1190,0,201,2023,11,17,16,37,21,6,19,16,31,2,2,1,1,1,9,22,9,22,14,9,30,70,1,2,21,35,25,3,14,31,31,1,11,1,1,11,11,3,3,10,80,2,2,2,2,2,2,2,4,363348757,1395212494,36.563544,139.870137,6,3,9999,9999,1,1
true,41,101,299,2,0,1,30000,0,201,2023,11,22,9,15,12,6,24,16,28,1,1,1,14,7,0,0,0,0,2,9,1,70,5,4,41,75,0,51,76,41,0,0,0,0,0,0,0,0,0,24,0,3,0,0,0,0,0,2,0,363326827,1395154558,36.557452,139.865155,4,2,0,0,0,0
true,41,101,300,2,0,1,10060,0,201,2023,11,21,8,33,12,6,23,16,29,1,3,1,1,1,9,22,9,22,14,9,30,70,1,2,21,45,35,3,3,31,31,1,1,1,1,11,11,5,5,10,20,3,3,2,2,2,2,4,2,363257991,1395046363,36.549442,139.846212,3,3,9999,9999,1,1
true,41,101,301,2,0,1,30000,0,201,2023,11,23,8,42,12,6,25,16,28,1,3,1,13,7,0,0,0,0,3,5,1,70,4,3,41,25,0,51,76,41,0,0,0,0,0,0,0,0,0,40,0,3,0,0,0,0,0,2,0,363734572,1394753768,36.62627,139.798269,5,1,0,0,0,0
true,41,101,302,2,0,1,30000,0,201,2023,11,15,6,16,23,6,17,16,32,1,2,1,7,1,0,0,0,0,1,9,1,70,1,4,21,45,0,4,0,31,0,1,0,1,0,11,0,2,0,30,0,3,0,2,0,2,0,2,0,363315242,1395206294,36.554234,139.868415,4,3,9999,0,1,0
true,41,101,303,2,0,1,30030,0,201,2023,11,4,1,1,22,6,6,16,42,1,1,1,1,1,9,22,0,0,15,9,30,70,5,2,1,55,1,3,61,31,0,1,0,1,0,11,0,4,0,40,0,3,0,2,0,2,0,4,2,363326503,1395255316,36.557362,139.882032,7,3,9999,0,9,0
true,41,101,304,2,0,1,10040,0,201,2023,11,3,7,28,12,6,5,16,43,1,2,1,1,7,1,21,9,22,14,9,30,70,5,4,21,1,25,13,51,31,41,11,0,1,0,11,0,10,0,10,10,3,3,2,0,2,0,4,2,363349018,1395054848,36.563616,139.848569,6,1,9999,0,1,0
true,41,101,305,2,0,1,1190,0,201,2023,11,20,15,25,12,6,22,16,29,1,2,1,1,1,9,22,9,22,18,9,30,70,5,2,21,45,75,14,51,31,41,11,0,1,0,11,0,10,0,81,40,3,3,2,0,2,0,4,2,363304064,1395246927,36.551129,139.879702,2,3,9999,0,1,0
true,41,101,306,2,0,1,30000,0,201,2023,11,26,12,0,12,6,28,16,27,3,1,2,1,7,1,21,9,22,15,9,30,70,4,2,21,55,25,14,51,31,41,11,0,1,0,11,0,3,0,10,40,3,2,2,0,2,0,4,2,363250482,1395221256,36.547356,139.872571,1,3,9999,0,5,0
true,41,101,307,2,0,1,10640,0,201,2023,11,28,11,34,12,6,30,16,26,1,1,1,1,1,9,22,9,22,15,9,30,70,5,2,21,65,35,3,4,31,31,1,1,1,1,11,11,3,3,10,10,2,2,1,1,2,2,4,2,363352060,1395303847,36.564461,139.884402,3,3,9999,9999,9,5
true,41,101,308,2,0,1,30010,0,201,2023,11,28,21,14,22,6,30,16,26,2,3,1,14,7,0,0,0,0,3,9,1,70,5,2,21,45,45,3,4,31,31,1,1,1,1,11,11,3,3,30,10,2,2,2,1,1,2,2,4,363429737,1395333094,36.574927,139.892526,3,3,9999,9999,9,5
true,41,101,309,2,0,1,30000,0,201,2023,11,1,7,59,12,6,3,16,45,1,1,1,14,7,0,0,0,0,3,9,1,70,4,2,1,1,35,51,61,41,0,0,0,0,0,0,0,0,0,10,0,3,0,0,0,0,0,4,2,363336562,1395251424,36.560156,139.880951,4,3,0,0,0,0
true,41,101,310,2,0,1,10040,0,201,2023,11,1,9,34,12,6,3,16,45,1,1,1,1,1,9,22,9,22,15,9,30,70,1,2,21,75,35,3,51,31,41,1,0,1,0,11,0,4,0,40,20,3,3,2,0,2,0,4,2,363347967,1395052916,36.563324,139.848032,4,3,805,0,9,0
true,41,102,285,2,0,1,21720,0,361,2023,10,31,17,30,21,6,2,16,46,1,3,1,1,7,9,22,9,22,14,9,30,70,5,2,21,25,75,3,4,31,31,1,1,1,1,11,11,4,4,50,80,2,2,2,2,2,2,4,2,362901349,1394856995,36.483708,139.815832,3,3,9999,904,1,9
true,41,102,286,2,0,1,99000,0,203,2023,10,31,17,17,21,6,2,16,46,1,1,1,0,7,0,0,0,0,0,0,20,70,0,4,41,55,0,51,76,41,0,0,0,0,0,0,0,0,0,40,0,3,0,0,0,0,0,2,0,362307771,1394408552,36.385492,139.735709,3,3,0,0,0,0
true,41,102,287,2,0,1,99000,0,203,2023,11,2,19,55,22,6,4,16,44,1,1,1,0,7,0,0,0,0,0,0,20,70,0,4,1,45,65,3,61,31,0,1,0,1,0,11,0,10,0,30,0,3,0,2,0,2,0,4,2,362311375,1394406328,36.386493,139.735091,5,2,9999,0,5,0
true,41,102,288,2,0,1,21600,0,203,2023,11,2,21,50,22,6,4,16,44,1,3,1,14,7,0,0,0,0,3,9,1,70,4,4,1,45,1,4,61,31,0,1,0,1,0,11,0,3,0,80,0,3,0,2,0,2,0,4,2,361850591,1394106043,36.314053,139.685012,5,2,9999,0,9,0
true,41,102,289,2,0,1,10320,0,203,2023,10,24,17,35,21,5,55,16,54,1,3,1,14,7,0,0,0,0,4,9,1,70,1,2,21,65,35,17,3,31,31,11,1,2,1,11,11,4,4,80,60,3,3,2,2,2,2,4,2,362342637,1394321104,36.395177,139.722529,3,3,9999,9999,9,1
true,41,102,290,2,0,1,10650,0,361,2023,10,27,14,0,12,5,58,16,50,1,3,1,7,1,0,0,0,0,3,9,1,70,4,2,21,35,75,17,13,1,31,11,11,1,2,11,11,3,3,30,10,3,3,2,2,2,2,2,4,363001274,1394956737,36.500354,139.832427,6,3,9999,287,5,9
true,41,102,291,2,0,1,30000,0,203,2023,11,2,7,43,12,6,4,16,44,1,2,1,1,7,9,22,1,21,14,9,30,70,5,2,21,65,1,3,51,31,41,1,0,1,0,11,0,4,0,40,10,3,2,2,0,2,0,4,2,361629816,1393938200,36.274949,139.660611,5,2,9999,0,9,0
true,41,102,292,2,0,1,99000,0,361,2023,10,20,13,17,12,5,51,16,59,1,3,1,0,7,0,0,0,0,0,0,20,70,0,4,1,35,35,3,61,31,0,1,0,1,0,11,0,10,0,30,0,3,0,2,0,2,0,4,2,362712265,1394934676,36.453407,139.826299,6,3,9999,0,1,0
true,41,102,293,2,0,1,30000,0,203,2023,11,12,22,45,22,6,14,16,35,1,3,1,14,7,0,0,0,0,2,9,1,70,5,4,41,65,0,51,76,41,0,0,0,0,0,0,0,0,0,10,0,4,0,0,0,0,0,2,0,362735266,1394400024,36.459796,139.73334,1,3,0,0,0,0
true,41,102,294,2,0,1,30000,0,203,2023,11,10,20,14,22,6,12,16,36,2,3,1,14,7,0,0,0,0,2,9,1,70,5,3,1,25,1,3,61,31,0,1,0,1,0,11,0,2,0,80,0,3,0,2,0,2,0,4,2,362135132,1394238761,36.359759,139.710767,6,3,9999,0,1,0
true,41,102,295,2,0,1,2930,0,203,2023,11,13,7,15,12,6,15,16,34,1,3,1,14,2,0,0,0,0,3,9,1,70,4,2,21,25,65,4,4,31,31,1,1,1,1,11,11,4,4,80,68,1,1,2,2,2,2,4,2,362720189,1394244208,36.455608,139.71228,2,3,9999,9999,1,1
true,41,102,296,2,0,1,30000,0,203,2023,11,11,12,20,12,6,13,16,35,2,3,1,14,7,0,0,0,0,3,9,1,70,5,3,41,75,0,14,75,31,0,11,0,2,0,11,0,3,0,81,0,2,0,2,0,2,0,2,0,361500788,1393852919,36.250219,139.648033,7,3,774,0,9,0
true,41,102,297,2,0,1,30000,0,361,2023,11,5,15,21,12,6,7,16,41,1,3,1,1,7,1,22,9,22,15,9,30,70,4,2,21,75,65,4,4,31,31,1,1,1,1,11,11,3,3,50,10,2,2,1,1,2,2,4,2,362747088,1395015616,36.46308,139.837671,1,3,228,9999,9,9
true,41,102,298,2,0,1,30000,0,203,2023,11,13,16,36,21,6,15,16,34,1,3,1,14,7,0,0,0,0,2,9,1,70,4,3,41,75,0,51,76,41,0,0,0,0,0,0,0,0,0,10,0,3,0,0,0,0,0,2,0,362332618,1394252999,36.392394,139.714722,2,3,0,0,0,0
true,41,102,299,2,0,1,10310,0,203,2023,9,29,18,15,21,5,33,17,28,1,3,1,14,7,0,0,0,0,3,9,1,70,4,1,21,1,25,3,3,31,31,1,1,1,1,11,11,3,3,10,30,3,3,2,2,2,2,4,2,362226746,1394417135,36.374096,139.738093,6,3,9999,9999,1,1
true,41,102,300,2,0,1,10110,0,203,2023,11,14,15,47,13,6,16,16,33,1,2,1,1,7,9,22,1,21,15,9,30,70,4,2,21,1,25,3,13,31,31,1,11,1,1,11,11,3,10,80,50,1,1,1,1,1,2,2,4,362209462,1394335656,36.369295,139.726571,3,3,9999,9999,1,1
true,41,102,301,2,0,1,99000,0,361,2023,11,10,9,6,12,6,12,16,36,2,1,1,0,7,0,0,0,0,0,0,20,70,0,4,21,55,35,3,3,31,31,1,1,1,1,11,11,10,10,70,50,3,3,2,2,2,2,4,2,362529327,1394810033,36.424813,139.802787,6,3,9999,9999,9,1
true,41,102,302,2,0,1,30000,0,203,2023,11,17,19,50,22,6,19,16,31,2,3,1,14,7,0,0,0,0,2,9,1,70,5,4,1,45,45,3,61,31,0,1,0,1,0,11,0,5,0,80,0,3,0,2,0,2,0,4,2,361642514,1394230020,36.278476,139.708339,6,3,9999,0,5,0
true,41,102,303,2,0,2,30000,0,203,2023,11,19,9,27,12,6,21,16,30,1,3,1,1,1,9,22,9,22,11,9,30,70,4,3,21,65,65,3,3,31,31,1,1,1,1,11,11,4,3,80,50,1,1,2,1,2,2,4,2,362234172,1394602968,36.376159,139.767491,1,3,9999,9999,9,9
true,41,102,304,2,0,1,30000,0,361,2023,11,20,17,25,21,6,22,16,29,1,2,1,1,1,9,22,0,0,15,9,30,70,4,2,1,65,65,3,61,31,0,1,0,1,0,11,0,10,0,80,0,3,0,2,0,2,0,4,2,362807003,1395001180,36.468612,139.833661,2,3,9999,0,9,0
true,41,102,305,2,0,1,99000,0,203,2023,11,20,17,43,22,6,22,16,29,1,3,1,0,7,0,0,0,0,0,0,20,70,0,4,41,75,0,51,75,41,0,0,0,0,0,0,0,0,0,20,0,3,0,0,0,0,0,2,0,362349780,1394512470,36.397161,139.753464,2,3,0,0,0,0
true,41,102,306,2,0,1,20000,0,361,2023,10,23,18,23,22,5,54,16,55,1,3,1,1,1,9,22,9,22,15,9,30,70,5,2,21,45,55,3,4,31,31,1,1,1,1,11,11,10,4,80,60,3,2,2,1,2,2,4,2,362734255,1394812859,36.459515,139.803572,2,3,9999,9999,1,4
true,41,102,307,2,0,1,20000,0,203,2023,11,21,8,10,12,6,23,16,29,1,3,1,1,7,1,21,1,21,14,9,30,70,2,2,21,55,45,3,3,31,31,1,1,1,1,11,11,3,3,20,10,2,2,2,1,2,2,4,2,362118558,1394402936,36.355155,139.734149,3,3,9999,9999,9,1
true,41,102,308,2,0,1,10650,0,361,2023,11,13,18,23,22,6,15,16,34,1,3,1,14,7,0,0,0,0,2,9,1,70,5,4,1,55,25,3,61,31,0,1,0,1,0,11,0,10,0,80,0,3,0,2,0,2,0,4,2,362837380,1395023489,36.47705,139.839858,2,3,9999,0,9,0
true,41,102,309,1,1,0,10710,0,361,2023,11,23,9,0,12,6,25,16,28,1,3,1,14,7,0,0,0,0,3,9,1,70,1,2,41,75,0,51,76,41,0,0,0,0,0,0,0,0,0,20,0,3,0,0,0,0,0,1,0,362743848,1394917843,36.46218,139.821623,5,1,0,0,0,0
true,41,102,310,2,0,1,30000,0,203,2023,11,2,8,20,12,6,4,16,44,1,3,1,1,7,1,21,9,22,14,9,30,70,5,4,21,25,35,3,4,31,31,1,1,1,1,11,11,10,10,20,10,1,1,1,1,2,2,4,2,362308221,1394645192,36.385617,139.77922,5,2,9999,9999,1,5
true,41,102,311,2,0,1,30000,0,203,2023,11,24,16,53,21,6,26,16,27,1,1,1,7,7,0,0,0,0,3,9,1,70,4,4,41,75,0,51,76,41,0,0,0,0,0,0,0,0,0,20,0,3,0,0,0,0,0,2,0,362219396,1394345446,36.372054,139.729291,6,3,0,0,0,0
true,41,102,312,2,0,1,10020,0,203,2023,11,25,11,4,12,6,27,16,27,1,2,1,1,2,1,21,9,22,14,9,30,70,5,3,21,75,75,14,51,1,41,11,0,1,0,11,0,2,0,10,40,3,3,2,0,2,0,4,2,362305395,1394417707,36.384832,139.738252,7,3,853,0,9,0
true,41,102,313,2,0,1,30000,0,203,2023,11,22,17,52,22,6,24,16,28,1,2,1,14,7,0,0,0,0,3,9,1,70,5,2,21,1,25,3,4,31,31,1,1,1,1,11,11,3,3,10,30,3,3,2,2,2,2,4,2,362601543,1394500630,36.433762,139.750175,4,2,9999,9999,1,1
true,41,102,314,2,0,1,30000,0,203,2023,11,19,15,7,12,6,21,16,30,1,3,1,14,7,0,0,0,0,2,9,1,70,4,4,21,1,55,17,3,31,31,11,1,2,1,11,11,10,10,80,50,3,3,2,2,2,2,4,4,362302443,1394110921,36.384012,139.686367,1,3,9999,9999,1,9
true,41,102,315,2,0,1,10710,0,361,2023,11,27,15,10,12,6,29,16,26,1,3,1,1,1,9,22,9,22,18,9,30,70,1,2,21,25,1,3,31,31,31,1,0,1,0,11,11,4,4,80,10,2,2,1,0,2,0,4,2,362801445,1394828375,36.467068,139.807882,2,3,9999,9999,1,1
true,41,102,316,2,0,1,99000,0,203,2023,11,14,17,21,21,6,16,16,33,1,3,1,0,7,0,0,0,0,0,0,20,70,0,4,1,1,25,3,61,31,0,1,0,1,0,11,0,10,0,53,0,3,0,2,0,2,0,4,2,361608414,1393926168,36.269004,139.657269,3,3,9999,0,1,0
true,41,102,317,2,0,1,30000,0,203,2023,11,30,11,15,12,6,32,16,25,1,2,1,14,7,0,0,0,0,3,9,1,70,4,2,41,75,0,51,75,41,0,0,0,0,0,0,0,0,0,40,0,3,0,0,0,0,0,2,0,362404813,1394357418,36.401337,139.732616,5,3,0,0,0,0
true,41,102,318,2,0,1,22690,0,203,2023,11,30,9,45,12,6,32,16,25,1,2,1,14,7,0,0,0,0,3,9,1,70,4,2,21,75,35,3,3,31,31,1,1,1,1,11,11,3,3,10,30,2,2,2,2,2,2,4,2,362220244,1394240979,36.37229,139.711383,5,3,28,9999,9,1
true,41,102,319,2,0,1,2930,0,203,2023,11,3,21,55,22,6,5,16,43,1,3,1,1,7,3,21,9,22,15,6,30,70,5,2,21,1,25,3,4,31,31,1,1,1,1,11,11,4,4,50,50,3,2,2,2,2,2,4,2,362550920,1394036091,36.430811,139.676692,6,1,9999,9999,5,1
true,41,103,246,2,0,1,10050,0,202,2023,11,1,17,48,22,6,3,16,45,1,1,1,1,1,9,22,9,22,15,9,30,70,4,2,21,55,55,3,3,31,31,1,1,1,1,1,1,3,3,80,30,3,3,2,2,2,2,4,2,361954170,1392635930,36.331714,139.443314,4,3,9999,9999,9,9
true,41,103,247,2,0,1,30000,0,202,2023,11,1,15,40,12,6,3,16,45,1,1,1,7,7,0,0,0,0,3,9,1,70,4,1,41,75,0,51,75,41,0,0,0,0,0,0,0,0,0,10,0,3,0,0,0,0,0,2,0,362129290,1392355889,36.358136,139.398858,4,3,0,0,0,0
true,41,103,248,2,0,2,30000,0,202,2023,10,20,7,45,12,5,51,16,59,1,3,1,13,7,0,0,0,0,2,6,1,70,5,4,21,35,75,3,13,31,31,1,11,1,1,11,11,10,10,50,50,3,3,2,2,2,2,2,2,362509102,1392701325,36.419195,139.450368,6,3,9999,447,5,9
true,41,103,249,2,0,1,30000,0,202,2023,10,14,17,33,21,5,46,17,7,1,1,1,7,1,0,0,0,0,3,7,1,70,4,2,21,65,45,3,3,31,31,1,1,1,1,11,11,3,3,10,30,3,3,2,2,2,2,4,2,361953724,1392736468,36.33159,139.46013,7,3,9999,9999,9,9
true,41,103,250,2,0,1,10080,0,202,2023,11,3,8,32,12,6,5,16,43,1,2,1,1,7,9,22,9,22,14,9,30,70,4,2,21,65,1,4,51,31,41,1,0,1,0,11,0,10,0,50,10,3,3,2,0,2,0,4,2,361948839,1392614863,36.330233,139.437462,6,1,9999,0,9,0
true,41,103,251,2,0,1,30000,0,202,2023,10,11,17,40,21,5,43,17,11,1,2,1,14,7,0,0,0,0,3,9,1,70,4,4,21,65,45,3,51,31,41,1,0,1,0,11,0,10,0,10,20,3,3,2,0,2,0,4,2,362123922,1392405170,36.356645,139.401436,4,3,9999,0,9,0
true,41,103,252,2,0,1,99000,0,202,2023,11,6,15,0,12,6,8,16,40,1,3,1,0,7,0,0,0,0,0,0,20,70,0,4,41,75,0,51,76,41,0,0,0,0,0,0,0,0,0,40,0,4,0,0,0,0,0,2,0,361921727,1392950500,36.322702,139.497361,2,3,0,0,0,0
true,41,103,253,2,0,1,21280,0,202,2023,11,7,19,30,22,6,9,16,39,1,2,1,14,7,0,0,0,0,3,9,1,70,4,3,1,75,55,4,61,31,0,1,0,1,0,11,0,3,0,50,0,3,0,2,0,2,0,4,2,361822957,1392714540,36.306377,139.454039,3,3,865,0,9,0
true,41,103,254,2,0,1,30000,0,202,2023,11,9,8,10,12,6,11,16,37,2,3,1,1,7,9,22,9,22,14,9,30,70,5,2,21,55,1,14,51,31,41,11,0,2,0,11,0,10,0,40,10,3,3,2,0,2,0,4,2,362109115,1392745709,36.352532,139.462697,5,3,9999,0,9,0
true,41,103,255,2,0,1,30000,0,202,2023,11,4,15,30,12,6,6,16,42,1,1,1,1,7,1,21,9,22,14,9,30,70,4,3,21,55,65,3,4,31,31,1,1,1,1,11,11,10,3,80,20,3,3,2,2,2,2,4,2,361927358,1392557925,36.324266,139.432757,7,3,9999,9999,9,9
true,41,103,256,2,0,1,99000,0,202,2023,10,26,17,15,21,5,57,16,51,1,2,1,0,7,0,0,0,0,0,0,20,70,0,4,21,45,35,3,4,31,31,1,1,1,1,11,11,10,4,30,40,3,3,2,2,2,2,4,2,362229286,1392232944,36.374802,139.375818,5,3,9999,9999,1,1
true,41,103,257,2,0,1,30000,0,202,2023,10,31,8,20,12,6,2,16,46,1,1,1,1,1,9,22,9,22,18,9,30,70,4,2,21,55,1,4,51,31,41,1,0,1,0,11,0,2,0,10,20,3,3,2,0,2,0,4,2,362100220,1392735413,36.350061,139.459837,3,3,9999,0,9,0
true,41,103,258,2,0,1,2930,0,202,2023,10,30,16,28,13,6,1,16,47,1,2,1,14,7,0,0,0,0,2,9,1,70,5,3,21,65,45,13,4,31,31,11,1,1,1,11,11,4,4,10,30,3,2,2,2,2,2,4,2,361958501,1392711200,36.332917,139.453111,2,3,9999,9999,9,1
true,41,103,259,2,0,1,30000,0,202,2023,11,1,20,41,22,6,3,16,45,1,2,1,14,7,0,0,0,0,2,9,1,70,4,2,21,65,1,4,51,31,41,1,0,1,0,11,0,10,0,80,0,3,3,2,0,2,0,4,2,361948673,1392643429,36.330187,139.445397,4,3,9999,0,9,0
true,41,103,260,2,0,1,500,370,202,2023,11,11,15,22,12,6,13,16,35,1,2,1,14,7,0,0,0,0,5,9,1,70,1,2,21,65,1,3,3,31,31,1,1,1,1,11,11,10,10,10,30,3,3,2,2,2,2,4,2,361852664,1392537708,36.314629,139.427141,7,3,9999,9999,9,1
true,41,103,261,2,0,1,30000,0,202,2023,11,17,6,29,11,6,19,16,31,3,2,2,1,7,9,22,9,22,14,9,30,70,4,2,21,55,75,3,4,31,31,1,1,1,1,11,11,3,10,40,50,3,3,2,2,2,2,2,4,362042061,1392413982,36.345017,139.403884,6,3,9999,245,9,9
true,41,103,262,2,0,1,10670,0,202,2023,11,14,14,17,12,6,16,16,33,1,3,1,14,7,0,0,0,0,2,9,1,70,4,2,21,55,75,13,4,31,31,11,1,1,1,11,11,3,3,30,10,3,3,2,2,2,2,2,4,362002468,1392711210,36.334019,139.453114,3,3,9999,431,9,9
true,41,103,263,2,0,1,30000,0,202,2023,11,18,11,30,12,6,20,16,30,1,2,1,1,4,9,22,9,22,11,9,30,70,4,2,21,55,35,14,35,1,31,11,0,2,0,11,11,3,3,20,10,3,3,2,0,2,0,4,2,362026472,1392813853,36.340687,139.470515,7,3,9999,9999,9,5
true,41,103,264,2,0,1,30000,0,202,2023,11,17,7,27,12,6,19,16,31,3,2,2,1,7,1,21,9,22,15,9,30,70,4,2,21,55,1,3,51,31,41,1,0,1,0,11,0,10,0,10,40,3,3,2,0,2,0,4,2,362053390,1392721161,36.348164,139.455878,6,3,9999,0,5,0
true,41,103,265,2,0,1,30000,0,202,2023,11,20,6,50,11,6,22,16,29,1,2,1,14,7,0,0,0,0,3,9,1,70,5,4,1,25,75,4,61,31,0,1,0,1,0,11,0,10,0,80,0,3,0,2,0,2,0,4,2,361836097,1392704860,36.310027,139.45135,2,3,9999,0,5,0
true,41,103,266,2,0,2,10400,0,202,2023,11,18,14,45,12,6,20,16,30,1,1,1,14,7,0,0,0,0,3,9,1,70,4,2,21,75,65,3,3,31,31,1,1,1,1,1,1,3,3,10,30,3,3,2,2,2,2,4,2,362023019,1392707100,36.339728,139.451972,7,3,21,9999,9,9
true,41,103,267,2,0,1,30000,0,202,2023,11,22,10,49,12,6,24,16,28,1,1,1,14,1,0,0,0,0,3,9,1,70,4,2,21,45,65,3,4,31,31,1,1,1,1,11,11,3,3,10,30,3,3,2,2,2,2,4,2,361933766,1392802276,36.326046,139.467299,4,2,9999,9999,1,9
true,41,103,268,2,0,1,2930,0,202,2023,11,11,17,52,22,6,13,16,35,3,1,1,1,1,9,22,9,22,19,9,30,70,2,2,21,55,35,3,3,31,31,1,1,1,1,11,11,4,4,80,20,3,3,2,2,2,2,4,2,362020321,1392719145,36.338978,139.455318,7,3,9999,9999,9,1
true,41,103,269,2,0,1,99000,0,202,2023,11,24,14,45,12,6,26,16,27,1,2,1,0,7,0,0,0,0,0,0,20,70,0,4,41,55,0,51,76,41,0,0,0,0,0,0,0,0,0,0,0,3,0,0,0,0,0,2,0,362011490,1392648898,36.336525,139.446916,6,3,0,0,0,0
true,41,103,270,2,0,1,30000,0,202,2023,9,29,14,10,12,5,33,17,28,1,2,1,1,7,1,21,9,22,14,9,30,70,4,2,21,25,65,17,4,1,31,11,1,1,1,11,11,10,10,80,20,3,3,2,2,2,2,4,2,362026545,1392523578,36.340707,139.423216,6,3,9999,9999,1,9
true,41,103,271,2,0,1,30000,0,202,2023,11,15,17,25,21,6,17,16,32,2,2,1,14,7,0,0,0,0,4,9,1,70,4,2,21,35,55,3,3,31,31,1,1,1,1,11,11,4,4,10,30,3,3,2,2,2,2,4,2,362008481,1392546243,36.335689,139.429512,4,3,9999,9999,1,9
true,41,103,272,2,0,1,30000,0,202,2023,11,27,7,59,12,6,29,16,26,1,2,1,1,1,9,22,9,22,15,9,30,70,4,2,21,45,55,3,14,31,1,1,11,1,1,11,11,4,3,10,80,2,2,2,2,2,2,2,4,362025822,1392730589,36.340506,139.458497,2,3,9999,9999,5,9
true,41,103,273,2,0,1,10670,0,202,2023,11,20,22,27,22,6,22,16,29,1,3,1,14,1,0,0,0,0,4,9,1,70,4,2,21,25,0,4,0,31,0,1,0,1,0,11,0,3,0,30,0,3,0,2,0,2,0,2,0,362026574,1392552111,36.340715,139.431142,2,3,9999,0,1,0
true,41,103,274,2,0,2,10080,0,202,2023,11,30,10,55,12,6,32,16,25,1,1,1,14,7,0,0,0,0,2,9,1,70,4,2,21,65,35,3,3,31,31,1,1,1,1,11,11,3,3,10,30,3,3,2,2,2,2,4,2,361937574,1392747977,36.327104,139.463327,5,3,9999,9999,9,5
true,41,104,222,2,0,1,30000,0,204,2023,11,2,9,42,12,6,4,16,44,1,1,1,14,7,0,0,0,0,3,9,1,70,5,2,41,75,0,51,76,41,0,0,0,0,0,0,0,0,0,10,0,3,0,0,0,0,0,2,0,361841882,1393533994,36.311634,139.592776,5,2,0,0,0,0