資料区分,都道府県コード,警察署等コード,本票番号,事故内容,死者数,負傷者数,路線コード,地点コード,市区町村コード,発生日時　　年,発生日時　　月,発生日時　　日,発生日時　　時,発生日時　　分,昼夜,日の出時刻　　時,日の出時刻　　分,日の入り時刻　　時,日の入り時刻　　分,天候,地形,路面状態,道路形状,信号機,一時停止規制　標識（当事者A）,一時停止規制　表示（当事者A）,一時停止規制　標識（当事者B）,一時停止規制　表示（当事者B）,車道幅員,道路線形,衝突地点,ゾーン規制,中央分離帯施設等,歩車道区分,事故類型,年齢（当事者A）,年齢（当事者B）,当事者種別（当事者A）,当事者種別（当事者B）,用途別（当事者A）,用途別（当事者B）,車両形状等（当事者A）,車両形状等（当事者B）,オートマチック車（当事者A）,オートマチック車（当事者B）,サポカー（当事者A）,サポカー（当事者B）,速度規制（指定のみ）（当事者A）,速度規制（指定のみ）（当事者B）,車両の衝突部位（当事者A）,車両の衝突部位（当事者B）,車両の損壊程度（当事者A）,車両の損壊程度（当事者B）,エアバッグの装備（当事者A）,エアバッグの装備（当事者B）,サイドエアバッグの装備（当事者A）,サイドエアバッグの装備（当事者B）,人身損傷程度（当事者A）,人身損傷程度（当事者B）,地点　緯度（北緯）,地点　経度（東経）,地点　緯度（北緯）_1,地点　経度（東経）_1,曜日(発生年月日),祝日(発生年月日),認知機能検査経過日数（当事者A）,認知機能検査経過日数（当事者B）,運転練習の方法（当事者A）,運転練習の方法（当事者B）
true,41,104,223,2,0,1,30000,0,204,2023,11,7,1,5,22,6,9,16,39,3,3,2,14,7,0,0,0,0,3,9,20,70,5,4,41,45,0,51,76,41,0,0,0,0,0,0,0,0,0,20,0,3,0,0,0,0,0,2,0,361843754,1393652186,36.312154,139.614496,3,3,0,0,0,0
true,41,104,224,2,0,1,30000,0,204,2023,10,26,17,47,21,5,57,16,51,1,2,1,14,7,0,0,0,0,2,9,1,70,4,4,21,25,35,3,4,31,31,1,1,1,1,11,11,10,10,55,55,3,3,2,2,2,2,2,4,361936264,1393402019,36.32674,139.567228,5,3,9999,9999,1,5
true,41,104,225,2,0,1,30000,0,204,2023,11,8,18,50,22,6,10,16,38,1,3,1,1,7,9,22,9,22,11,9,30,70,5,2,21,65,1,3,51,31,41,1,0,1,0,11,0,10,0,51,41,3,3,2,0,2,0,4,2,361802941,1393320362,36.300817,139.555656,4,3,9999,0,9,0
true,41,104,226,2,0,1,30000,0,204,2023,10,18,11,45,12,5,50,17,1,1,2,1,14,7,0,0,0,0,1,9,1,70,5,4,21,55,75,13,4,31,31,11,1,1,1,11,11,1,1,10,10,3,3,2,2,2,2,2,4,362225403,1393522834,36.373723,139.589676,4,3,9999,274,9,9
true,41,104,227,2,0,1,30000,0,204,2023,11,13,15,42,13,6,15,16,34,1,3,1,1,7,9,22,0,0,11,6,30,70,5,2,1,45,75,4,61,31,0,1,0,1,0,11,0,10,0,10,0,3,0,2,0,2,0,4,2,361921662,1393602642,36.322684,139.600734,2,3,9999,0,5,0
true,41,104,228,2,0,1,10090,0,204,2023,11,13,17,45,22,6,15,16,34,1,2,1,1,1,9,22,9,22,15,9,30,70,4,2,21,45,1,3,33,31,31,1,0,1,0,11,11,4,4,0,0,4,3,2,0,2,0,4,2,361819339,1393529839,36.305372,139.591622,2,3,9999,9999,9,1
true,41,104,229,2,0,1,30000,0,204,2023,11,17,18,30,22,6,19,16,31,1,1,2,1,7,9,22,0,0,11,9,30,70,5,4,1,45,65,4,61,31,0,1,0,1,0,11,0,1,0,50,0,3,0,2,0,2,0,4,2,361800374,1393551187,36.300104,139.597552,6,3,9999,0,9,0
true,41,104,230,2,0,1,30000,0,204,2023,11,18,15,30,13,6,20,16,30,1,3,1,14,7,0,0,0,0,2,9,1,70,5,2,41,65,0,51,76,41,0,0,0,0,0,0,0,0,0,0,0,3,0,0,0,0,0,2,0,362055655,1393326125,36.348793,139.557257,7,3,0,0,0,0
true,41,104,231,2,0,1,99000,0,204,2023,11,15,14,29,12,6,17,16,32,2,2,1,0,7,0,0,0,0,0,0,20,70,0,4,21,45,75,3,3,31,31,1,1,1,1,11,11,10,10,66,77,3,3,2,2,2,2,4,2,361920348,1393420834,36.322319,139.572454,4,3,9999,882,9,9
true,41,104,232,2,0,1,22700,0,204,2023,11,17,19,18,22,6,19,16,31,2,1,1,14,1,0,0,0,0,5,9,1,70,1,2,21,55,25,11,4,31,31,11,1,1,1,11,11,4,4,10,30,3,2,2,2,2,2,4,2,361829606,1393357348,36.308224,139.56593,6,3,9999,9999,9,1
true,41,104,233,2,0,1,10160,0,204,2023,11,14,7,34,12,6,16,16,33,1,3,1,14,7,0,0,0,0,4,9,1,70,4,2,21,45,45,4,4,31,31,1,1,1,1,11,11,4,4,50,80,3,3,2,2,2,2,4,2,362150576,1393430389,36.364049,139.575108,3,3,9999,9999,9,9
true,41,104,234,2,0,1,22700,0,204,2023,11,23,11,27,12,6,25,16,28,1,2,1,14,7,0,0,0,0,3,9,1,70,4,2,41,1,0,51,75,41,0,0,0,0,0,0,0,0,0,40,0,3,0,0,0,0,0,2,0,361930245,1393609918,36.325068,139.602755,5,1,0,0,0,0
true,41,104,235,2,0,1,22700,0,204,2023,11,14,17,22,21,6,16,16,33,1,2,1,7,1,0,0,0,0,1,9,1,70,1,2,21,65,0,3,0,31,0,1,0,1,0,11,0,4,0,33,0,3,0,2,0,2,0,2,0,361936647,1393401043,36.326846,139.566956,3,3,9999,0,9,0
true,41,104,236,2,0,1,10160,0,204,2023,11,20,8,7,12,6,22,16,29,1,2,1,14,7,0,0,0,0,5,9,1,70,5,2,21,25,25,3,3,31,31,1,1,1,1,11,11,4,4,11,33,3,3,2,2,2,2,4,2,361951046,1393508300,36.330846,139.585639,2,3,9999,9999,1,5
true,41,104,237,2,0,1,99000,0,204,2023,11,25,10,40,12,6,27,16,27,1,2,1,0,7,0,0,0,0,0,0,20,70,0,4,1,55,75,3,61,31,0,1,0,1,0,11,0,10,0,11,0,3,0,2,0,2,0,4,2,362408384,1393636803,36.402329,139.610223,7,3,9999,0,9,0
true,41,104,238,2,0,1,22700,0,204,2023,11,25,9,33,12,6,27,16,27,1,3,1,1,7,1,22,9,22,14,9,30,70,5,2,21,45,25,13,51,31,41,11,0,1,0,11,0,10,0,11,22,3,3,2,0,2,0,4,2,362002155,1393410337,36.333932,139.569538,7,3,9999,0,9,0
true,41,104,239,2,0,1,500,556,204,2023,11,18,17,36,22,6,20,16,30,1,3,1,14,7,0,0,0,0,4,9,1,70,1,2,21,45,25,3,3,31,31,1,1,1,1,11,11,4,4,10,30,3,3,2,2,2,2,4,2,361744282,1393709419,36.295634,139.619283,7,3,9999,9999,1,5
true,41,104,240,2,0,1,2930,0,204,2023,11,29,18,25,22,6,31,16,26,1,3,1,1,7,9,22,0,0,14,9,30,70,4,2,1,45,65,3,61,31,0,1,0,1,0,11,0,4,0,80,0,3,0,2,0,2,0,4,2,362203749,1393423585,36.367708,139.573218,4,3,9999,0,1,0
true,41,105,130,2,0,1,30000,0,205,2023,11,1,14,30,12,6,3,16,45,1,1,1,1,3,9,22,0,0,15,9,30,70,4,2,41,1,0,51,76,41,0,0,0,0,0,0,0,0,0,40,0,3,0,0,0,0,0,2,0,363306533,1394559400,36.551815,139.7665,4,3,0,0,0,0
true,41,105,131,2,0,1,30000,0,205,2023,11,1,13,30,12,6,3,16,45,1,3,1,12,7,0,0,0,0,2,8,1,70,5,4,41,25,0,51,76,41,0,0,0,0,0,0,0,0,0,10,0,3,0,0,0,0,0,2,0,363945587,1393341656,36.662663,139.561571,4,3,0,0,0,0
true,41,105,132,2,0,1,99000,0,205,2023,10,30,18,9,22,6,1,16,47,1,2,1,0,7,0,0,0,0,0,0,20,70,0,4,21,55,25,4,4,31,31,1,1,1,1,11,11,10,10,30,10,3,3,2,2,2,2,4,2,363400944,1394638132,36.566929,139.777259,2,3,9999,9999,9,1
true,41,105,133,2,0,1,30000,0,205,2023,11,3,19,27,22,6,5,16,43,1,1,1,14,7,0,0,0,0,4,8,1,70,1,2,21,1,45,3,51,31,41,1,0,1,0,11,0,4,0,80,20,3,4,2,0,2,0,4,2,363306055,1394654919,36.551682,139.781922,6,1,9999,0,1,0
true,41,105,134,2,0,2,30000,0,205,2023,11,8,13,45,12,6,10,16,38,1,2,1,1,7,1,21,9,22,14,9,30,70,5,2,21,75,65,4,14,31,31,1,11,1,1,11,11,10,2,22,11,2,3,2,2,2,2,2,2,363313964,1394634475,36.553879,139.776243,4,3,811,9999,9,9
true,41,105,135,2,0,1,30000,0,205,2023,11,8,16,20,13,6,10,16,38,1,2,1,1,1,9,22,0,0,14,9,30,70,1,2,41,1,0,51,76,41,0,0,0,0,0,0,0,0,0,20,0,3,0,0,0,0,0,2,0,363324980,1394519793,36.556939,139.755498,4,3,0,0,0,0
true,41,105,136,2,0,1,30000,0,205,2023,11,8,17,35,21,6,10,16,38,1,2,1,14,7,0,0,0,0,3,9,1,70,4,2,21,75,1,3,51,31,41,1,0,1,0,11,0,10,0,20,10,3,3,2,0,2,0,4,2,363349979,1394559141,36.563883,139.766428,4,3,9999,0,9,0
true,41,105,137,2,0,1,30000,0,205,2023,10,25,9,26,12,5,56,16,53,1,2,1,14,7,0,0,0,0,4,9,1,70,1,2,21,35,75,3,4,31,31,1,1,1,1,11,11,4,4,40,50,3,3,2,2,2,2,2,4,363245758,1394743645,36.546044,139.795457,4,3,9999,811,1,9
true,41,105,138,2,0,2,10040,0,205,2023,11,1,10,8,12,6,3,16,45,1,1,1,7,1,0,0,0,0,2,8,1,70,4,1,21,25,65,3,4,31,31,1,1,1,1,11,11,4,4,10,30,3,3,2,2,2,2,4,2,363352488,1394742068,36.56458,139.795019,4,3,9999,9999,1,9
true,41,105,139,2,0,1,30000,0,205,2023,11,11,11,10,12,6,13,16,35,1,1,1,14,7,0,0,0,0,4,9,1,70,1,2,21,35,65,17,32,31,31,11,0,1,0,11,11,4,4,50,10,3,2,2,0,2,0,4,2,363239332,1394754978,36.544259,139.798605,7,3,9999,9999,5,9
true,41,105,140,2,0,1,30000,0,205,2023,11,8,22,53,22,6,10,16,38,1,3,1,1,7,1,21,9,22,17,9,30,70,4,2,21,45,45,4,51,31,41,1,0,1,0,11,0,10,0,10,10,3,3,2,0,2,0,4,2,363307873,1394608497,36.552187,139.769027,4,3,9999,0,9,0
true,41,105,141,2,0,1,30000,0,205,2023,11,14,13,13,12,6,16,16,33,1,1,1,1,1,9,22,9,22,15,9,30,70,4,2,21,55,55,3,13,31,31,1,11,1,1,11,11,3,10,55,88,1,2,1,2,2,2,4,4,363331957,1394450399,36.558877,139.747333,3,3,9999,9999,9,9
true,41,105,142,2,0,2,1210,0,205,2023,11,16,18,9,22,6,18,16,32,1,3,1,14,7,0,0,0,0,3,9,1,70,4,2,21,1,45,3,3,31,31,1,1,1,1,11,11,3,3,10,30,3,3,2,2,2,2,4,2,363318922,1394633974,36.555256,139.776104,5,3,9999,9999,1,1
true,41,105,143,2,0,1,30000,0,205,2023,11,1,8,55,12,6,3,16,45,1,2,1,1,7,1,21,9,22,15,9,30,70,5,3,21,35,45,3,3,31,31,1,1,1,1,11,11,2,2,50,40,3,3,2,2,2,2,4,2,363245895,1394608144,36.546082,139.768929,4,3,9999,9999,9,1
true,41,105,144,2,0,2,2930,0,205,2023,11,11,10,27,12,6,13,16,35,1,1,1,14,7,0,0,0,0,3,9,1,70,4,2,21,35,65,3,3,31,31,1,1,1,1,11,11,4,4,10,30,3,3,2,2,2,2,4,2,363117216,1394502376,36.521449,139.75066,7,3,9999,9999,1,9
true,41,105,145,2,0,1,2930,0,205,2023,11,20,6,50,11,6,22,16,29,1,3,1,1,1,9,22,9,22,15,9,30,70,1,2,21,65,75,11,4,31,31,11,1,1,1,11,11,5,5,50,53,2,2,2,2,2,2,4,2,362839173,1394513997,36.477548,139.753888,2,3,9999,257,9,9
true,41,105,146,2,0,1,30000,0,205,2023,11,20,17,54,22,6,22,16,29,1,3,1,14,7,0,0,0,0,3,9,1,70,4,2,1,45,75,3,61,31,0,1,0,1,0,11,0,4,0,80,0,3,0,2,0,2,0,4,2,363139832,1394638572,36.527731,139.777381,2,3,9999,0,1,0
true,41,105,147,2,0,3,2930,0,205,2023,11,18,9,46,12,6,20,16,30,1,3,1,14,7,0,0,0,0,3,9,1,70,4,2,21,55,75,3,3,31,31,1,1,2,1,11,11,3,3,11,31,3,3,2,2,2,2,4,2,363228975,1394451619,36.541382,139.747672,7,3,9999,157,1,9
true,41,105,148,2,0,1,20000,0,205,2023,11,21,20,14,22,6,23,16,29,2,3,1,14,7,0,0,0,0,1,9,1,70,4,2,41,45,0,51,75,41,0,0,0,0,0,0,0,0,0,20,0,3,0,0,0,0,0,2,0,363517779,1394409398,36.588272,139.735944,3,3,0,0,0,0
true,41,105,149,2,0,1,99000,0,205,2023,9,20,12,30,12,5,26,17,42,1,1,1,0,7,0,0,0,0,0,0,20,70,0,4,21,55,65,3,3,31,31,1,1,1,1,11,11,10,10,30,10,3,3,2,2,2,2,2,4,363325452,1394505468,36.55707,139.751519,4,3,9999,9999,9,9
true,41,105,150,2,0,1,30000,0,205,2023,11,25,7,20,11,6,27,16,27,1,3,1,1,1,9,22,9,22,15,9,30,70,4,2,21,35,1,3,4,31,31,1,1,1,1,11,11,4,4,50,10,2,2,1,1,2,2,4,2,363348013,1394455244,36.563337,139.748679,7,3,9999,9999,1,1
true,41,105,151,2,0,1,30000,0,205,2023,11,24,17,45,22,6,26,16,27,1,3,1,1,7,9,22,9,22,14,9,30,70,4,2,21,45,35,3,51,31,41,1,0,1,0,1,0,4,0,50,20,3,3,2,0,2,0,4,2,363349439,1394403232,36.563733,139.734231,6,3,9999,0,5,0
true,41,105,152,2,0,1,30000,0,205,2023,11,28,7,53,12,6,30,16,26,1,1,1,1,1,9,22,9,22,14,9,30,70,4,2,21,1,65,3,51,31,41,1,0,1,0,11,0,4,0,10,40,3,3,2,0,2,0,4,2,363226117,1394811297,36.540588,139.803138,3,3,9999,0,1,0
true,41,105,153,2,0,2,20000,0,205,2023,11,28,10,0,12,6,30,16,26,1,1,1,1,1,9,22,9,22,15,9,30,70,4,2,21,75,45,3,3,31,31,1,1,1,1,11,11,3,3,10,40,2,2,2,2,2,2,4,2,363351314,1394306884,36.564254,139.718579,3,3,460,9999,9,9
true,41,105,154,2,0,3,2930,0,205,2023,11,26,17,5,21,6,28,16,27,2,1,1,14,1,0,0,0,0,4,9,1,70,4,4,21,55,1,3,4,31,31,1,1,1,1,11,11,3,3,11,31,2,1,2,1,2,2,4,2,363414574,1394542872,36.570715,139.761909,1,3,9999,9999,9,1
true,41,106,181,2,0,1,99000,0,209,2023,10,13,10,20,12,5,45,17,8,1,2,1,0,7,0,0,0,0,0,0,20,70,0,4,21,75,65,4,4,31,31,1,1,1,1,11,11,10,10,80,50,3,3,2,2,2,2,4,2,362610532,1400001620,36.436259,140.00045,6,3,429,9999,9,9
true,41,106,182,2,0,1,30000,0,209,2023,11,1,14,35,12,6,3,16,45,1,3,1,1,7,1,22,9,22,15,9,30,70,4,3,21,65,35,11,13,31,31,11,11,2,1,11,11,5,4,10,41,2,1,2,2,2,2,4,2,362750537,1395805416,36.464038,139.968171,4,3,9999,9999,9,5
true,41,106,183,2,0,1,30000,0,345,2023,8,10,20,27,22,4,53,18,38,1,3,1,14,7,0,0,0,0,3,9,1,70,1,2,21,35,25,3,4,31,31,1,1,1,1,11,11,3,3,30,10,1,1,2,1,2,2,2,4,363311552,1400356603,36.553209,140.065723,5,2,9999,9999,1,1
true,41,106,184,2,0,1,30000,0,345,2023,10,20,8,50,12,5,51,16,59,1,3,5,1,7,9,22,1,21,17,9,30,70,5,4,21,35,1,3,4,31,31,1,1,1,1,11,11,10,10,50,80,3,2,1,2,1,2,2,4,363151634,1400251564,36.531009,140.047657,6,3,9999,9999,1,1
true,41,106,185,2,0,1,20000,0,342,2023,11,4,11,40,12,6,6,16,42,1,2,1,14,7,0,0,0,0,1,9,1,70,5,4,1,65,55,3,61,31,0,1,0,1,0,11,0,3,0,80,0,3,0,2,0,2,0,4,2,362800221,1400628174,36.466728,140.107826,7,3,9999,0,9,0
true,41,106,186,2,0,1,10460,0,209,2023,10,24,18,21,22,5,55,16,54,1,2,1,14,7,0,0,0,0,4,9,1,70,4,2,21,1,55,3,3,31,31,1,1,1,1,11,11,10,4,80,20,2,1,2,2,2,2,4,2,362748280,1395934649,36.463411,139.992958,3,3,0,9999,0,9
true,41,106,187,2,0,1,2940,0,209,2023,10,31,7,0,11,6,2,16,46,1,3,1,1,1,9,22,9,22,15,9,30,70,1,2,21,65,1,3,4,31,31,1,1,1,1,11,11,5,5,13,33,3,3,2,2,2,2,2,4,362517339,1395817695,36.421483,139.971582,3,3,9999,9999,9,5
true,41,106,188,2,0,2,2940,0,209,2023,10,6,13,42,12,5,39,17,18,1,2,1,13,7,0,0,0,0,3,6,1,70,4,2,21,35,45,3,3,31,31,1,1,1,1,11,11,4,4,51,20,3,2,2,2,2,2,4,2,362632784,1400144026,36.44244,140.028896,6,3,9999,9999,9,1
true,41,106,189,2,0,1,10690,0,345,2023,11,8,15,58,13,6,10,16,38,1,2,1,1,1,9,22,9,22,18,9,30,70,1,2,21,75,75,3,51,31,41,1,0,1,0,11,0,10,0,10,20,3,3,2,0,2,0,4,2,363245755,1400325092,36.546043,140.05697,4,3,176,0,9,0
true,41,106,190,2,0,2,10470,0,209,2023,10,26,12,16,12,5,57,16,51,1,1,1,14,7,0,0,0,0,3,9,1,70,5,2,21,55,45,3,13,31,31,1,11,1,1,11,11,4,4,70,51,3,3,2,1,2,1,2,4,362632287,1395948897,36.442302,139.996916,5,3,9999,9999,9,9
true,41,106,191,2,0,3,99000,0,209,2023,11,8,7,40,12,6,10,16,38,1,3,1,0,7,0,0,0,0,0,0,20,70,0,4,21,25,0,4,0,31,0,1,0,1,0,11,0,10,0,20,0,3,0,2,0,2,0,2,0,362604272,1395831066,36.43452,139.975296,4,3,9999,0,2,0
true,41,106,192,2,0,2,1210,0,342,2023,11,10,11,5,12,6,12,16,36,2,3,1,14,7,0,0,0,0,4,9,1,70,4,2,21,55,75,17,4,1,31,11,1,1,1,11,11,5,5,11,10,2,1,1,1,2,2,2,2,362849735,1400549474,36.480482,140.097076,6,3,9999,9999,9,9
true,41,106,193,2,0,1,10470,0,209,2023,11,13,12,15,12,6,15,16,34,1,2,1,14,7,0,0,0,0,4,9,1,70,5,2,41,55,0,51,76,41,0,0,0,0,0,0,0,0,0,40,0,3,0,0,0,0,0,2,0,362634372,1395959989,36.442881,139.999997,2,3,0,0,0,0
true,41,106,194,2,0,1,30000,0,345,2023,11,16,13,10,12,6,18,16,32,1,3,1,14,7,0,0,0,0,3,9,1,70,4,2,21,55,75,4,51,31,41,1,0,1,0,11,0,3,0,10,20,3,3,2,0,2,0,4,2,363245287,1400344003,36.545913,140.062223,5,3,9999,0,9,0
true,41,106,195,2,0,1,10470,0,209,2023,11,18,5,11,22,6,20,16,30,1,1,1,1,1,9,22,9,22,18,9,30,70,1,2,21,45,1,4,51,31,41,1,0,1,0,1,0,4,0,14,13,3,3,2,0,2,0,4,2,362626203,1395913794,36.440612,139.987165,7,3,9999,0,1,0
true,41,106,196,2,0,1,30000,0,209,2023,11,19,15,49,13,6,21,16,30,1,1,1,1,7,9,22,0,0,15,8,30,70,5,3,1,45,75,4,61,31,0,1,0,1,0,11,0,10,0,10,0,3,0,2,0,2,0,4,2,362550776,1395915990,36.430771,139.987775,1,3,9999,0,9,0
true,41,106,197,2,0,1,30000,0,209,2023,11,9,10,10,12,6,11,16,37,1,3,1,14,1,0,0,0,0,3,9,1,70,4,2,21,1,1,3,3,31,31,1,1,1,1,11,11,4,4,10,30,3,3,2,2,2,2,4,2,362359089,1395816169,36.399747,139.971158,5,3,9999,9999,1,1
true,41,106,198,2,0,2,23160,0,209,2023,11,21,17,11,21,6,23,16,29,1,3,1,11,7,0,0,0,0,1,9,1,70,5,2,21,35,65,3,4,31,31,1,1,1,1,0,11,4,4,31,10,2,2,1,1,2,2,2,4,362255124,1395643105,36.381979,139.945307,3,3,9999,9999,5,9
true,41,106,199,2,0,1,10460,0,209,2023,11,22,17,11,21,6,24,16,28,1,1,1,14,7,0,0,0,0,3,9,1,70,4,2,1,75,75,3,61,31,0,1,0,1,0,11,0,4,0,10,0,3,0,2,0,2,0,4,2,362645460,1400043769,36.445961,140.012158,4,2,469,0,9,0
true,41,106,200,2,0,2,10460,0,209,2023,11,12,13,18,12,6,14,16,35,2,3,1,14,7,0,0,0,0,6,9,1,70,4,2,21,45,55,3,14,31,31,1,11,1,1,11,11,4,4,13,10,2,2,2,2,2,2,4,2,362809138,1395923482,36.469205,139.989856,1,3,9999,9999,1,9
true,41,106,201,2,0,1,2940,0,209,2023,11,23,10,58,12,6,25,16,28,1,1,1,1,7,9,22,1,21,17,9,30,70,4,2,21,75,65,4,36,31,31,1,0,1,0,11,11,5,2,80,20,3,3,2,0,2,0,4,2,362617570,1400110538,36.438214,140.019594,5,1,316,9999,9,9
true,41,106,202,2,0,1,10470,0,209,2023,10,12,10,27,12,5,44,17,9,1,3,1,14,7,0,0,0,0,4,9,1,70,4,2,21,65,45,3,51,31,41,1,0,1,0,11,0,10,0,10,20,3,3,2,0,2,0,4,2,362616480,1395804156,36.437911,139.967821,5,3,9999,0,9,0
true,41,106,203,2,0,1,30000,0,209,2023,11,27,15,2,12,6,29,16,26,1,1,1,1,1,9,22,9,22,15,9,30,70,4,2,21,25,55,3,4,31,31,1,1,1,1,11,11,3,3,24,13,2,2,1,1,2,2,2,4,362616231,1400037134,36.437842,140.010315,2,3,9999,9999,1,9
true,41,106,204,2,0,1,99000,0,209,2023,10,10,13,17,12,5,43,17,12,1,1,1,0,7,0,0,0,0,0,0,20,70,0,4,1,25,65,3,61,31,0,1,0,1,0,11,0,10,0,50,0,3,0,2,0,2,0,4,2,362541102,1395937748,36.428084,139.993819,3,3,9999,0,1,0
true,41,106,205,2,0,1,10470,0,209,2023,11,28,8,55,12,6,30,16,26,1,1,1,21,7,0,0,0,0,3,9,20,70,4,2,61,55,65,3,42,31,0,1,0,1,0,11,0,3,0,10,40,3,3,2,0,2,0,4,2,362632251,1400013435,36.442292,140.003732,3,3,9999,0,9,0
true,41,106,206,2,0,1,4080,0,209,2023,11,22,4,45,22,6,24,16,28,1,3,1,14,7,0,0,0,0,5,9,1,70,1,3,21,45,1,11,3,31,31,11,1,1,1,11,11,7,7,30,10,2,1,2,2,2,2,2,4,362825867,1395925271,36.473852,139.990353,4,2,9999,9999,5,1
true,41,106,207,2,0,1,30000,0,209,2023,11,29,14,28,12,6,31,16,26,1,3,1,14,7,0,0,0,0,4,9,1,70,5,3,21,35,1,14,51,31,41,11,0,1,0,11,0,10,0,13,13,3,3,2,0,2,0,4,2,362938404,1395927460,36.494001,139.990961,4,3,9999,0,1,0
true,41,107,345,2,0,2,30000,0,364,2023,10,18,19,48,22,5,50,17,1,1,3,1,14,7,0,0,0,0,4,9,1,70,4,2,21,1,25,3,3,31,31,1,1,1,1,11,11,3,4,75,10,3,3,2,2,2,2,2,4,361408747,1394337319,36.235763,139.727033,4,3,9999,9999,1,3
true,41,107,346,2,0,1,10330,0,208,2023,10,21,9,41,12,5,52,16,57,1,2,1,14,7,0,0,0,0,4,9,1,70,4,2,21,65,1,3,51,31,41,1,0,1,0,11,0,4,0,80,10,3,3,2,0,2,0,4,2,361834016,1395000838,36.309449,139.833566,7,3,9999,0,9,0
true,41,107,347,2,0,2,30000,0,208,2023,10,22,13,25,12,5,53,16,56,1,3,1,1,7,1,21,9,22,11,9,30,70,5,4,21,25,35,3,3,31,31,1,1,1,1,11,11,10,2,70,10,3,3,2,2,2,2,2,2,362129194,1394912290,36.358109,139.820081,1,3,9999,9999,5,5
true,41,107,348,2,0,1,30000,0,208,2023,11,4,5,10,23,6,6,16,42,1,2,1,14,7,0,0,0,0,3,9,1,70,4,3,21,45,1,3,51,31,41,1,0,1,0,11,0,4,0,80,30,3,3,2,0,2,0,4,2,361641423,1394741590,36.278173,139.794886,7,3,9999,0,5,0
true,41,107,349,1,1,0,22640,0,208,2023,11,4,19,49,22,6,6,16,42,2,2,1,14,7,0,0,0,0,3,8,1,70,5,2,1,65,55,4,61,31,0,1,0,1,0,11,0,3,0,50,0,3,0,2,0,2,0,4,1,361822680,1395019050,36.3063,139.838625,7,3,9999,0,9,0
true,41,107,350,2,0,1,30000,0,364,2023,10,26,15,22,12,5,57,16,51,1,3,1,14,7,0,0,0,0,4,9,1,70,2,2,21,35,55,3,4,31,31,1,1,1,1,11,11,4,4,30,10,3,3,2,2,2,2,2,4,361341146,1394335173,36.228096,139.726437,5,3,9999,9999,1,9
true,41,107,351,2,0,1,30000,0,208,2023,10,24,19,29,22,5,55,16,54,1,3,1,1,7,4,21,9,22,14,9,30,70,4,2,21,65,25,14,14,31,31,11,11,1,1,11,11,3,3,30,12,3,3,2,2,2,2,4,4,361501642,1394716296,36.250456,139.78786,3,3,9999,9999,1,5
true,41,107,352,2,0,1,20000,0,208,2023,11,8,7,55,12,6,10,16,38,1,3,1,1,7,1,21,9,22,14,9,30,70,2,2,21,55,1,4,51,31,41,1,0,1,0,11,0,10,0,50,20,3,3,2,0,2,0,4,2,361918588,1394858036,36.32183,139.816121,4,3,9999,0,9,0
true,41,107,353,2,0,1,40,828,208,2023,9,23,19,35,22,5,28,17,37,2,2,1,1,7,9,22,1,22,15,9,30,70,5,2,21,35,45,3,4,31,31,1,1,1,1,11,11,4,4,70,50,3,3,2,2,2,2,2,4,362052717,1394929172,36.347977,139.82477,7,1,9999,9999,1,9
true,41,107,354,2,0,2,99000,0,208,2023,11,4,12,45,12,6,6,16,42,2,3,1,0,7,0,0,0,0,0,0,20,70,0,4,21,35,35,17,3,31,31,11,1,1,1,11,11,10,10,80,30,3,3,2,2,2,2,2,4,361954480,1394710972,36.3318,139.786381,7,3,9999,9999,1,5
true,41,107,355,2,0,1,10540,0,208,2023,11,10,22,7,22,6,12,16,36,2,2,2,1,1,9,22,0,0,15,8,30,70,5,2,1,25,45,4,61,31,0,1,0,1,0,11,0,4,0,50,0,3,0,2,0,2,0,4,2,361614221,1394636318,36.270617,139.776755,6,3,9999,0,1,0
true,41,107,356,2,0,1,40,746,208,2023,10,2,20,6,22,5,36,17,24,1,3,1,14,7,0,0,0,0,2,9,1,70,2,2,21,1,35,3,14,31,31,1,11,2,1,11,11,4,4,10,31,2,2,1,1,2,2,4,2,361711695,1394656366,36.286582,139.782324,2,3,9999,9999,5,9
true,41,107,357,2,0,1,30000,0,208,2023,10,30,8,1,12,6,1,16,47,1,2,1,1,7,9,21,9,22,11,9,30,70,4,3,21,55,45,3,51,31,41,1,0,1,0,11,0,10,0,50,10,3,3,2,0,2,0,4,2,361849244,1394925946,36.313679,139.823874,2,3,9999,0,9,0
true,41,107,358,2,0,1,30000,0,208,2023,11,2,16,56,21,6,4,16,44,1,3,1,14,7,0,0,0,0,3,9,1,70,4,2,21,35,45,3,3,31,31,1,1,1,1,11,11,4,4,10,30,3,3,2,2,2,2,4,2,361831608,1394622220,36.30878,139.772839,5,2,9999,9999,1,1