資料区分,都道府県コード,警察署等コード,本票番号,事故内容,死者数,負傷者数,路線コード,地点コード,市区町村コード,発生日時　　年,発生日時　　月,発生日時　　日,発生日時　　時,発生日時　　分,昼夜,日の出時刻　　時,日の出時刻　　分,日の入り時刻　　時,日の入り時刻　　分,天候,地形,路面状態,道路形状,信号機,一時停止規制　標識（当事者A）,一時停止規制　表示（当事者A）,一時停止規制　標識（当事者B）,一時停止規制　表示（当事者B）,車道幅員,道路線形,衝突地点,ゾーン規制,中央分離帯施設等,歩車道区分,事故類型,年齢（当事者A）,年齢（当事者B）,当事者種別（当事者A）,当事者種別（当事者B）,用途別（当事者A）,用途別（当事者B）,車両形状等（当事者A）,車両形状等（当事者B）,オートマチック車（当事者A）,オートマチック車（当事者B）,サポカー（当事者A）,サポカー（当事者B）,速度規制（指定のみ）（当事者A）,速度規制（指定のみ）（当事者B）,車両の衝突部位（当事者A）,車両の衝突部位（当事者B）,車両の損壊程度（当事者A）,車両の損壊程度（当事者B）,エアバッグの装備（当事者A）,エアバッグの装備（当事者B）,サイドエアバッグの装備（当事者A）,サイドエアバッグの装備（当事者B）,人身損傷程度（当事者A）,人身損傷程度（当事者B）,地点　緯度（北緯）,地点　経度（東経）,地点　緯度（北緯）_1,地点　経度（東経）_1,曜日(発生年月日),祝日(発生年月日),認知機能検査経過日数（当事者A）,認知機能検査経過日数（当事者B）,運転練習の方法（当事者A）,運転練習の方法（当事者B）
true,41,107,359,2,0,3,20000,0,208,2023,11,4,17,5,21,6,6,16,42,2,3,1,1,1,9,22,0,0,15,9,30,70,4,2,21,65,0,14,0,31,0,11,0,1,0,11,0,4,0,60,0,3,0,2,0,2,0,2,0,362018794,1395107549,36.338554,139.852097,7,3,9999,0,9,0
true,41,107,360,2,0,1,22650,0,208,2023,11,14,13,7,12,6,16,16,33,1,1,1,14,7,0,0,0,0,4,9,1,70,4,4,21,1,45,4,4,31,31,1,1,1,1,11,11,3,3,10,30,3,3,2,2,2,2,4,2,361917357,1394822831,36.321488,139.806342,3,3,9999,9999,1,1
true,41,107,361,2,0,1,22650,0,208,2023,11,10,16,52,21,6,12,16,36,3,2,2,14,7,0,0,0,0,3,9,1,70,4,2,21,55,1,13,51,31,41,11,0,1,0,11,0,3,0,80,10,3,3,2,0,2,0,4,2,361851736,1394815563,36.314371,139.804323,6,3,9999,0,9,0
true,41,107,362,2,0,1,30000,0,208,2023,11,17,16,52,21,6,19,16,31,2,3,2,14,7,0,0,0,0,2,9,1,70,5,4,1,75,65,3,61,31,0,1,0,1,0,11,0,2,0,20,0,3,0,2,0,2,0,4,2,362137120,1394922994,36.360311,139.823054,6,3,603,0,9,0
true,41,107,363,2,0,1,10310,0,208,2023,11,16,19,22,22,6,18,16,32,1,3,1,14,7,0,0,0,0,3,9,1,70,4,3,21,25,0,4,0,31,0,1,0,1,0,11,0,4,0,20,0,3,0,2,0,2,0,2,0,362004805,1394656255,36.334668,139.782293,5,3,9999,0,1,0
true,41,107,364,2,0,1,30000,0,208,2023,11,8,7,5,11,6,10,16,38,1,3,1,14,1,0,0,0,0,3,9,1,70,4,2,21,1,45,4,4,31,31,1,1,1,1,11,11,2,2,50,70,3,3,2,2,2,2,4,2,362132479,1394949825,36.359022,139.830507,4,3,9999,9999,1,9
true,41,107,365,2,0,1,99000,0,208,2023,11,15,9,30,12,6,17,16,32,2,2,1,0,7,0,0,0,0,0,0,20,70,0,4,21,35,55,3,4,31,31,1,1,1,1,11,11,10,10,30,30,3,3,2,2,2,2,4,2,361542034,1394540028,36.261676,139.761119,4,3,9999,9999,1,9
true,41,107,366,2,0,1,30000,0,208,2023,11,22,7,25,12,6,24,16,28,1,2,1,1,1,9,22,0,0,15,9,30,70,4,3,1,25,75,4,61,31,0,1,0,1,0,11,0,4,0,80,0,3,0,2,0,2,0,4,2,361944094,1394912900,36.328915,139.82025,4,2,9999,0,1,0
true,41,107,367,2,0,1,20000,0,364,2023,11,18,15,50,13,6,20,16,30,1,3,1,1,7,9,22,9,22,15,9,30,70,4,2,21,75,1,3,3,31,31,1,1,1,1,11,11,10,4,80,60,3,3,2,2,2,2,4,2,361401064,1394443026,36.233629,139.745285,7,3,66,9999,9,1
true,41,107,368,2,0,1,10330,0,208,2023,11,23,14,17,12,6,25,16,28,1,1,1,14,7,0,0,0,0,3,9,1,70,4,2,21,45,75,4,51,31,41,1,0,1,0,11,0,10,0,10,30,3,3,2,0,2,0,4,2,361704931,1394832483,36.284703,139.809023,5,1,9999,0,1,0
true,41,107,369,2,0,1,40,772,208,2023,11,22,7,2,11,6,24,16,28,1,2,1,14,7,0,0,0,0,3,9,1,70,4,2,21,25,45,4,4,31,31,1,1,1,1,11,11,4,4,10,30,3,3,2,2,2,2,4,2,361613256,1394607997,36.270349,139.768888,4,2,9999,9999,4,5
true,41,107,370,2,0,1,22640,0,208,2023,11,25,3,4,22,6,27,16,27,1,1,1,14,7,0,0,0,0,3,9,1,70,4,4,41,25,0,3,75,31,0,1,0,1,0,11,0,4,0,81,0,2,0,1,0,2,0,2,0,361901126,1394729334,36.316979,139.791482,7,3,9999,0,9,0
true,41,107,371,2,0,1,30000,0,208,2023,9,30,18,4,21,5,34,17,27,2,3,1,14,7,0,0,0,0,4,9,1,70,4,4,21,35,45,11,31,1,31,11,0,2,0,11,11,10,10,20,20,3,3,2,0,2,0,4,2,362044024,1395110535,36.345562,139.852926,7,3,9999,9999,5,9
true,41,107,372,2,0,1,20000,0,208,2023,11,27,18,5,22,6,29,16,26,1,3,1,14,7,0,0,0,0,3,9,1,70,4,2,41,65,0,3,75,31,0,1,0,1,0,11,0,4,0,80,0,2,0,1,0,2,0,4,0,362012386,1395139859,36.336774,139.861072,2,3,9999,0,9,0
true,41,107,373,2,0,1,30000,0,208,2023,11,30,8,49,12,6,32,16,25,1,1,1,1,7,1,21,9,22,15,9,30,70,5,4,21,25,65,3,51,31,41,1,0,1,0,11,0,10,0,10,20,3,3,2,0,2,0,4,2,361754125,1394731546,36.298368,139.792096,5,3,9999,0,1,0
true,41,107,374,2,0,1,30000,0,208,2023,11,22,6,45,11,6,24,16,28,1,3,1,1,7,1,21,1,22,11,9,30,70,5,4,21,1,25,3,14,31,1,1,11,1,1,11,11,10,10,80,10,2,2,1,1,2,2,4,2,362050978,1394547383,36.347494,139.763162,4,2,9999,9999,1,5
true,41,108,99,2,0,1,30000,0,210,2023,11,7,21,38,22,6,9,16,39,1,3,1,14,7,0,0,0,0,3,9,1,70,5,2,1,45,1,3,61,31,0,1,0,1,0,11,0,3,0,10,0,3,0,2,0,2,0,4,2,365039923,1395727547,36.844423,139.957652,3,3,9999,0,9,0
true,41,108,100,1,1,0,30000,0,210,2023,11,10,12,29,12,6,12,16,36,2,1,1,1,1,9,22,0,0,18,9,30,70,6,2,1,65,75,3,61,31,0,1,0,1,0,11,0,4,0,50,0,3,0,2,0,2,0,4,1,365124725,1400141574,36.856868,140.028215,6,3,9999,0,9,0
true,41,108,101,2,0,1,21700,0,210,2023,11,16,7,28,12,6,18,16,32,1,3,1,1,7,1,21,9,22,14,9,30,70,4,3,21,25,1,3,36,31,31,1,0,1,0,11,11,10,2,80,20,3,3,2,0,2,0,4,2,365032104,1400432884,36.842251,140.075801,5,3,9999,9999,1,5
true,41,108,102,2,0,1,4610,0,210,2023,11,17,4,24,22,6,19,16,31,3,2,2,14,7,0,0,0,0,3,9,1,70,4,3,21,65,35,11,51,1,41,11,0,2,0,11,0,3,0,88,33,3,2,2,0,2,0,4,2,365124631,1400018536,36.856842,140.005149,6,3,9999,0,9,0
true,41,108,103,2,0,2,30000,0,210,2023,11,25,14,30,12,6,27,16,27,1,3,1,1,7,9,22,9,22,14,9,30,70,4,3,21,75,75,4,4,31,31,1,1,1,1,11,11,10,10,10,20,3,2,1,1,2,2,4,2,364922472,1401428889,36.822909,140.241358,7,3,520,171,9,9
true,41,109,27,2,0,1,1220,0,206,2023,11,1,17,13,21,6,3,16,45,1,3,1,1,7,9,22,9,22,14,8,30,70,4,2,21,75,25,14,51,31,41,11,0,1,0,11,0,10,0,40,40,3,3,2,0,2,0,4,2,364455738,1393433654,36.748816,139.576015,4,3,389,0,9,0
true,41,109,28,2,0,1,21690,0,206,2023,11,3,14,48,12,6,5,16,43,1,3,1,14,7,0,0,0,0,3,7,1,70,5,2,21,25,45,32,32,31,31,0,0,0,0,11,11,3,3,10,30,3,3,0,0,0,0,4,2,364527558,1393708994,36.757655,139.619165,6,1,9999,9999,1,5
true,41,109,29,2,0,1,30000,0,206,2023,11,4,16,44,21,6,6,16,42,1,3,1,14,7,0,0,0,0,3,8,1,70,5,2,41,1,0,51,76,41,0,0,0,0,0,0,0,0,0,12,0,3,0,0,0,0,0,2,0,364526680,1393642786,36.757411,139.611885,7,3,0,0,0,0
true,41,109,30,2,0,1,1190,0,206,2023,11,7,9,42,12,6,9,16,39,3,1,2,7,7,0,0,0,0,3,7,1,70,5,4,41,45,0,36,76,31,0,0,0,0,0,11,0,2,0,20,0,3,0,0,0,0,0,2,0,364445416,1393721385,36.745949,139.622607,3,3,9999,0,9,0
true,41,109,31,2,0,2,30000,0,206,2023,11,8,15,12,12,6,10,16,38,1,3,1,13,7,0,0,0,0,3,6,1,70,5,3,41,75,0,3,75,31,0,1,0,1,0,11,0,10,0,50,0,1,0,1,0,2,0,2,0,364519526,1393551796,36.755424,139.597721,4,3,263,0,9,0
true,41,109,32,2,0,1,30000,0,206,2023,10,27,10,5,12,5,58,16,50,2,2,1,14,7,0,0,0,0,4,9,1,70,4,2,21,75,55,3,3,31,31,1,1,1,1,11,11,3,3,80,20,3,3,2,2,2,2,4,2,364457898,1393643070,36.749416,139.611964,6,3,801,9999,9,9
true,41,109,33,2,0,1,1200,0,206,2023,11,12,11,27,12,6,14,16,35,2,3,1,13,7,0,0,0,0,2,5,1,70,5,4,41,35,0,51,76,41,0,0,0,0,0,0,0,0,0,20,0,3,0,0,0,0,0,2,0,364434231,1393118260,36.742842,139.521739,1,3,0,0,0,0
true,41,110,74,2,0,1,30000,0,206,2023,11,3,15,52,13,6,5,16,43,1,3,1,1,7,1,21,9,22,11,9,30,70,4,3,21,1,35,3,32,31,31,1,0,2,0,11,11,10,10,10,20,3,2,2,0,2,0,4,2,363716691,1394414950,36.621303,139.737486,6,1,9999,9999,1,9
true,41,110,75,2,0,1,30000,0,206,2023,11,3,19,22,22,6,5,16,43,1,3,1,14,7,0,0,0,0,3,9,1,70,4,3,21,65,45,3,51,31,41,1,0,1,0,11,0,3,0,40,20,3,3,2,0,2,0,4,2,364415979,1394221827,36.737772,139.706063,6,1,9999,0,9,0
true,41,110,76,2,0,1,10620,0,206,2023,11,5,12,32,12,6,7,16,41,3,3,2,14,1,0,0,0,0,4,9,1,70,4,2,21,25,25,3,31,31,31,1,0,1,0,11,11,3,3,10,31,3,3,2,0,2,0,4,2,364350866,1394832130,36.730796,139.808925,1,3,9999,9999,1,1
true,41,110,77,2,0,1,20000,0,206,2023,5,1,10,5,12,4,48,18,28,1,1,1,14,7,0,0,0,0,6,9,1,70,1,2,21,55,1,3,33,31,31,1,0,1,0,11,11,4,4,60,40,3,3,2,0,2,0,4,2,364320071,1394233998,36.722242,139.709444,2,3,9999,9999,9,1
true,41,110,78,2,0,2,1210,0,206,2023,11,24,16,7,13,6,26,16,27,1,3,1,1,1,9,22,0,0,18,9,30,70,4,2,1,55,1,3,61,31,0,1,0,1,0,11,0,4,0,80,0,2,0,1,0,2,0,4,2,364908890,1394256632,36.819136,139.715731,6,3,9999,0,9,0
true,41,111,195,1,1,3,30000,0,213,2023,11,2,0,47,22,6,4,16,44,1,2,1,1,1,9,21,9,21,14,9,30,70,4,3,21,45,1,3,4,31,31,1,1,1,1,11,1,10,4,10,20,2,1,2,1,2,2,2,2,365259706,1395950160,36.883252,139.997267,5,2,9999,9999,1,5
true,41,111,196,2,0,1,10550,0,213,2023,11,3,17,49,22,6,5,16,43,1,3,1,14,7,0,0,0,0,3,9,1,70,1,2,21,25,1,3,3,31,31,1,1,1,1,11,11,4,4,50,80,2,2,2,1,2,2,4,2,365452682,1395710282,36.914634,139.952856,6,1,9999,9999,5,1
true,41,111,197,2,0,1,30000,0,213,2023,10,24,17,12,21,5,55,16,54,1,3,1,1,7,9,21,1,21,15,9,30,70,4,2,21,55,75,3,4,31,31,1,1,1,1,11,11,4,10,60,10,3,3,2,2,2,2,2,4,365416376,1400002520,36.904549,140.0007,3,3,9999,655,9,9
true,41,111,198,2,0,1,10680,0,407,2023,11,4,10,16,12,6,6,16,42,1,3,1,14,7,0,0,0,0,2,9,1,70,5,3,21,75,55,3,3,31,31,1,1,1,1,11,11,4,4,10,30,3,3,2,2,2,2,4,2,370336284,1400213168,37.060079,140.036991,7,3,4,9999,9,9
true,41,111,199,2,0,1,30000,0,407,2023,11,8,8,5,12,6,10,16,38,1,3,1,1,7,9,22,0,0,11,3,30,70,5,4,1,35,1,3,61,31,0,1,0,1,0,11,0,10,0,10,0,3,0,2,0,2,0,4,2,370121151,1400711035,37.022542,140.119732,4,3,9999,0,1,0
true,41,111,200,2,0,1,30000,0,213,2023,11,4,13,43,12,6,6,16,42,1,2,1,1,1,9,22,9,22,11,9,30,70,5,2,21,25,1,4,36,31,31,1,0,1,0,11,11,3,10,10,11,3,3,2,0,2,0,4,2,365829964,1400306631,36.97499,140.051842,7,3,9999,9999,1,1
true,41,111,201,2,0,1,30000,0,407,2023,11,9,12,13,12,6,11,16,37,1,3,1,1,7,2,21,9,22,14,9,30,70,5,4,21,75,25,3,3,31,31,1,1,1,1,1,1,10,10,10,20,3,2,2,2,2,2,4,2,370105660,1400559320,37.018239,140.099811,5,3,707,9999,4,5
true,41,111,202,2,0,1,4610,0,213,2023,11,9,18,39,22,6,11,16,37,1,3,1,1,1,9,22,9,22,15,9,30,70,5,2,21,25,25,3,34,31,31,1,0,1,0,11,11,4,4,80,10,3,1,2,0,2,0,4,2,365048700,1395842485,36.846861,139.978468,5,3,9999,9999,1,5
true,41,111,203,2,0,1,30000,0,213,2023,11,2,18,28,22,6,4,16,44,1,3,1,1,1,9,22,9,22,11,6,30,70,5,2,21,45,1,3,51,31,41,1,0,1,0,11,0,10,0,10,40,3,3,2,0,2,0,4,2,365345096,1395824226,36.89586,139.973396,5,2,9999,0,5,0
true,41,111,204,2,0,1,22110,0,407,2023,11,10,15,32,12,6,12,16,36,3,3,2,13,7,0,0,0,0,2,6,1,70,5,3,21,75,55,3,4,31,31,1,1,1,1,11,11,4,4,10,10,2,2,1,1,2,2,4,2,365944358,1400512120,36.995655,140.0867,6,3,505,9999,9,9
true,41,111,205,2,0,2,30000,0,213,2023,11,11,12,40,12,6,13,16,35,1,2,1,14,7,0,0,0,0,3,9,1,70,4,2,21,1,25,3,4,31,31,1,1,1,1,11,11,4,4,30,10,3,3,2,1,2,2,2,4,365327528,1395916706,36.89098,139.987974,7,3,9999,9999,1,1
true,41,111,206,2,0,1,10530,0,213,2023,11,12,7,30,12,6,14,16,35,2,2,1,1,1,8,21,8,21,18,9,30,70,1,2,21,1,35,4,4,31,31,1,1,1,1,11,11,10,3,40,10,2,2,1,1,2,2,4,2,365546405,1400054389,36.929557,140.015108,1,3,9999,9999,1,5
true,41,111,207,2,0,2,30000,0,407,2023,11,4,11,13,12,6,6,16,42,1,3,1,14,7,0,0,0,0,1,9,1,70,5,3,21,35,1,3,4,31,31,1,1,1,1,11,11,10,10,30,10,3,3,2,2,2,2,2,4,370448209,1400000950,37.080058,140.000264,7,3,9999,9999,1,1
true,41,111,208,2,0,1,30000,0,213,2023,11,13,18,1,22,6,15,16,34,2,1,1,14,7,0,0,0,0,3,9,1,70,5,2,1,55,75,4,61,31,0,1,0,1,0,11,0,3,0,87,0,3,0,2,0,2,0,4,2,365803576,1400333404,36.96766,140.059279,2,3,9999,0,9,0
true,41,111,209,2,0,1,30000,0,213,2023,11,15,10,6,12,6,17,16,32,1,3,1,1,7,9,22,9,22,11,9,30,70,5,4,21,75,1,3,4,31,31,1,1,1,1,11,11,10,10,50,80,3,3,2,2,2,2,4,2,365424077,1395556093,36.906688,139.932248,4,3,929,9999,9,1
true,41,111,210,2,0,2,22110,0,407,2023,11,16,17,56,22,6,18,16,32,1,3,1,12,7,0,0,0,0,3,9,1,70,5,3,1,65,1,3,61,31,0,1,0,1,0,11,0,5,0,80,0,3,0,2,0,2,0,4,2,365956245,1400518967,36.998957,140.088602,5,3,3,0,9,0
true,41,111,211,2,0,1,40,1550,213,2023,11,16,12,30,12,6,18,16,32,1,3,1,14,7,0,0,0,0,2,9,1,70,5,2,21,35,65,4,4,31,31,1,1,1,1,11,11,10,4,10,30,2,3,2,2,2,2,4,2,365442235,1395936157,36.911732,139.993377,5,3,9999,9999,1,9
true,41,111,212,2,0,1,30000,0,213,2023,11,20,20,15,22,6,22,16,29,2,3,1,14,7,0,0,0,0,1,9,1,70,5,2,41,35,0,51,75,41,0,0,0,0,0,0,0,0,0,10,0,3,0,0,0,0,0,2,0,365420894,1395909344,36.905804,139.985929,2,3,0,0,0,0
true,41,111,213,2,0,4,20000,0,213,2023,11,21,17,54,22,6,23,16,29,1,3,1,14,7,0,0,0,0,4,9,1,70,5,2,21,45,45,3,4,31,31,1,1,1,1,1,11,10,10,10,10,2,2,1,1,1,2,2,2,365817069,1400541215,36.971408,140.094782,3,3,9999,9999,9,9
true,41,111,214,2,0,2,10530,0,213,2023,11,20,12,43,12,6,22,16,29,2,1,1,14,1,0,0,0,0,4,9,1,70,4,2,21,65,25,3,4,31,31,1,1,1,1,11,11,5,5,10,30,3,3,2,2,2,2,4,2,365614428,1400044417,36.937341,140.012338,2,3,9999,9999,9,1
true,41,111,215,2,0,1,30000,0,213,2023,11,16,18,2,22,6,18,16,32,1,3,1,7,7,0,0,0,0,3,9,1,70,5,2,21,35,25,3,51,31,41,1,0,1,0,11,0,10,0,50,10,3,3,2,0,2,0,4,2,365438167,1395817058,36.910602,139.971405,5,3,9999,0,1,0
true,41,111,216,2,0,1,30000,0,213,2023,11,8,16,9,13,6,10,16,38,1,3,1,1,1,9,22,9,22,11,9,30,70,5,4,21,45,45,12,3,1,31,11,1,1,1,11,11,3,10,10,20,3,2,2,2,2,2,4,2,365305586,1400027418,36.884885,140.007616,4,3,9999,9999,1,1
true,41,111,217,2,0,1,10170,0,407,2023,11,26,18,56,22,6,28,16,27,1,3,1,1,1,9,22,9,22,11,9,30,70,5,2,21,35,45,3,3,31,31,1,1,1,1,11,11,3,10,40,10,2,2,2,1,2,2,4,2,370008363,1400217095,37.002323,140.038082,1,3,9999,9999,1,1
true,41,111,218,2,0,1,30000,0,213,2023,11,21,17,30,22,6,23,16,29,1,3,1,1,7,1,21,9,22,11,9,30,70,5,4,21,1,35,3,51,31,41,1,0,1,0,11,0,10,0,10,40,1,1,2,0,2,0,4,2,365254700,1395810405,36.881861,139.969557,3,3,9999,0,5,0
true,41,111,219,2,0,1,30000,0,213,2023,9,13,17,45,13,5,20,17,52,1,3,1,14,7,0,0,0,0,3,9,1,70,4,2,21,1,75,3,14,31,31,1,11,1,1,1,11,4,4,80,70,2,3,2,2,2,2,2,4,365048080,1395941762,36.846689,139.994934,4,3,9999,687,1,9
true,41,111,220,2,0,1,30000,0,213,2023,11,17,17,20,21,6,19,16,31,1,3,1,14,7,0,0,0,0,3,9,1,70,4,2,21,65,45,4,4,31,31,1,1,1,1,11,11,4,4,80,10,2,3,2,2,2,2,4,2,365145500,1395810542,36.862639,139.969595,6,3,9999,9999,9,9
true,41,112,131,2,0,1,30000,0,216,2023,10,7,17,30,21,5,40,17,16,1,3,1,14,7,0,0,0,0,3,9,1,70,4,2,21,55,35,3,51,31,41,1,0,1,0,1,0,10,0,80,20,3,1,2,0,2,0,4,2,362659129,1395029605,36.449758,139.841557,7,3,9999,0,9,0
true,41,112,132,2,0,2,3520,0,216,2023,10,26,8,30,12,5,57,16,51,1,3,1,1,1,9,22,9,22,17,9,30,70,1,2,21,45,25,3,3,31,31,1,1,1,1,11,11,10,10,10,40,3,2,2,2,2,2,4,2,362530179,1395124079,36.42505,139.856689,5,3,9999,9999,1,1
true,41,112,133,2,0,1,99000,0,216,2023,7,18,10,24,12,4,35,18,58,1,2,1,0,7,0,0,0,0,0,0,20,70,0,4,21,75,65,4,4,31,31,1,1,1,1,11,11,10,10,60,80,3,3,2,2,2,2,4,2,362808224,1395208692,36.468951,139.869081,3,3,631,9999,9,1
true,41,112,134,2,0,1,30000,0,301,2023,10,20,16,12,13,5,51,16,59,1,1,1,14,1,0,0,0,0,4,9,1,70,5,2,21,1,35,3,14,31,1,1,11,1,1,11,11,3,3,10,30,3,3,2,2,2,2,4,2,362643699,1395436644,36.445472,139.910179,6,3,9999,9999,1,1
true,41,112,135,2,0,1,41,872,216,2023,11,2,17,18,21,6,4,16,44,1,3,1,14,7,0,0,0,0,2,9,1,70,1,2,21,25,25,4,14,31,31,1,11,1,1,11,11,1,5,0,0,2,2,2,1,2,2,2,4,362424905,1395335336,36.406918,139.893149,5,2,9999,9999,1,1
true,41,112,136,2,0,1,30000,0,216,2023,11,7,14,40,12,6,9,16,39,1,3,1,14,7,0,0,0,0,2,9,1,70,5,1,41,75,0,51,76,41,0,0,0,0,0,0,0,0,0,0,0,3,0,0,0,0,0,2,0,362332906,1395124210,36.392474,139.856725,3,3,0,0,0,0
true,41,112,137,2,0,1,30000,0,216,2023,11,8,18,5,22,6,10,16,38,1,3,1,1,1,9,22,9,22,15,9,30,70,4,2,21,55,55,3,51,31,41,1,0,1,0,0,0,10,0,50,10,3,2,2,0,2,0,4,2,362654899,1395055979,36.448583,139.848883,4,3,9999,0,9,0
true,41,112,138,2,0,1,41,931,301,2023,10,27,7,51,12,5,58,16,50,1,2,1,14,7,0,0,0,0,4,9,1,70,1,2,21,55,1,3,4,31,31,1,1,1,1,11,11,10,10,30,10,3,3,2,2,2,2,2,4,362727644,1395432353,36.457679,139.908987,6,3,9999,9999,9,1
true,41,112,139,2,0,1,30000,0,301,2023,11,7,17,37,21,6,9,16,39,1,3,2,14,7,0,0,0,0,1,9,1,70,5,2,21,55,35,4,51,31,41,1,0,1,0,11,0,1,0,0,0,3,3,2,0,2,0,4,2,362532329,1395439935,36.425647,139.911093,3,3,9999,0,9,0
true,41,112,140,2,0,1,30000,0,216,2023,11,16,17,32,22,6,18,16,32,1,3,1,14,7,0,0,0,0,3,9,1,70,5,4,1,45,1,3,61,31,0,1,0,1,0,1,0,10,0,80,0,3,0,2,0,2,0,4,2,362444460,1395215294,36.41235,139.870915,5,3,9999,0,5,0
true,41,112,141,2,0,1,95000,0,216,2023,11,17,8,18,12,6,19,16,31,3,3,2,14,7,0,0,0,0,2,9,1,70,5,4,21,45,25,3,51,31,41,1,0,1,0,11,0,2,0,0,0,2,3,2,0,2,0,4,2,362418313,1395143855,36.405087,139.862182,6,3,9999,0,1,0
true,41,112,142,2,0,1,10710,0,301,2023,11,19,11,23,12,6,21,16,30,1,2,1,1,7,9,22,9,22,14,9,30,70,4,2,21,45,25,3,4,31,31,1,1,1,1,11,11,4,4,30,10,3,3,2,1,2,2,2,4,362643926,1395351954,36.445535,139.897765,1,3,9999,9999,1,1
true,41,112,143,2,0,1,21930,0,301,2023,11,17,8,28,12,6,19,16,31,3,3,2,1,1,9,22,9,22,11,9,30,70,5,4,21,1,75,13,4,31,31,11,1,1,1,11,11,1,1,0,0,3,2,2,2,2,2,4,2,362847647,1395432288,36.479902,139.908969,6,3,9999,589,1,9
true,41,112,144,2,0,2,30000,0,216,2023,11,9,15,15,12,6,11,16,37,1,3,1,14,1,0,0,0,0,4,9,1,70,4,2,21,65,25,4,4,31,31,1,1,1,1,11,11,4,4,10,31,3,3,1,2,1,2,4,2,362420376,1395219218,36.40566,139.872005,5,3,9999,9999,9,1
true,41,112,145,2,0,1,41,914,301,2023,11,14,22,49,22,6,16,16,33,1,3,1,7,1,0,0,0,0,5,9,1,70,1,2,21,1,65,3,4,31,31,1,1,1,1,11,11,5,5,10,30,3,3,2,2,2,2,4,2,362634080,1395423958,36.4428,139.906655,3,3,9999,9999,5,9
true,41,112,146,2,0,1,99000,0,301,2023,11,24,17,12,21,6,26,16,27,1,2,1,0,7,0,0,0,0,0,0,20,70,0,4,1,65,45,4,61,31,0,1,0,1,0,11,0,10,0,10,0,3,0,2,0,2,0,4,2,362558411,1395425013,36.432892,139.906948,6,3,9999,0,9,0
true,41,112,147,2,0,1,30000,0,216,2023,11,1,7,35,12,6,3,16,45,1,3,1,1,7,1,21,9,22,11,9,30,70,5,4,21,1,45,3,4,31,31,1,1,1,1,11,11,10,10,10,70,3,3,2,2,2,2,4,2,362256514,1395043814,36.382365,139.845504,4,3,9999,9999,1,1
true,41,112,148,2,0,1,30000,0,216,2023,11,30,9,43,12,6,32,16,25,1,2,1,1,7,9,22,9,22,14,9,30,70,4,2,21,65,65,3,51,31,41,1,0,1,0,11,0,4,0,10,10,3,3,2,0,2,0,4,2,362640873,1395119775,36.444687,139.855493,5,3,9999,0,9,0
true,41,113,121,2,0,1,20000,0,386,2023,10,31,17,49,22,6,2,16,46,2,2,1,1,7,1,21,9,22,14,9,30,70,4,2,21,1,35,3,3,31,31,1,1,1,2,11,11,2,3,50,40,3,3,2,2,2,2,4,2,363651502,1395914762,36.614306,139.987434,3,3,9999,9999,1,1
true,41,113,122,2,0,1,30000,0,214,2023,11,7,16,10,13,6,9,16,39,1,3,1,14,7,0,0,0,0,3,9,1,70,4,2,21,75,75,4,51,31,41,1,0,1,0,11,0,3,0,80,30,3,2,2,0,2,0,4,2,364104546,1395818790,36.684596,139.971886,3,3,868,0,9,0
true,41,113,123,2,0,4,30000,0,214,2023,11,10,14,22,12,6,12,16,36,3,3,2,14,7,0,0,0,0,2,9,1,70,5,3,41,75,0,3,75,31,0,1,0,1,0,11,0,2,0,82,0,2,0,1,0,2,0,4,0,364059956,1395753860,36.683321,139.964961,6,3,94,0,9,0
true,41,113,124,2,0,1,30000,0,214,2023,11,8,14,15,12,6,10,16,38,1,3,1,14,7,0,0,0,0,3,9,1,70,4,2,21,25,25,3,3,31,31,1,1,1,1,11,11,10,10,10,30,3,3,2,2,2,2,4,2,364141647,1395746552,36.694902,139.962931,4,3,9999,9999,1,1
true,41,113,125,2,0,1,40,1259,214,2023,11,10,16,45,21,6,12,16,36,3,3,1,1,1,9,22,9,22,15,9,30,70,1,2,21,65,25,3,3,31,31,1,1,1,1,11,11,5,4,10,20,3,3,2,2,2,2,4,2,364108462,1395730380,36.685684,139.958439,6,3,9999,9999,9,1
true,41,113,126,2,0,1,21560,0,386,2023,11,8,10,52,12,6,10,16,38,1,3,1,1,7,1,21,1,21,15,9,30,70,4,2,21,45,65,17,31,1,31,11,0,1,0,11,11,10,10,10,30,3,3,2,0,2,0,4,2,363505741,1400227974,36.584928,140.041104,4,3,9999,9999,1,9
true,41,113,127,2,0,4,10100,0,386,2023,11,18,15,36,13,6,20,16,30,2,2,1,14,1,0,0,0,0,4,9,1,70,1,2,21,75,75,3,4,31,31,1,1,2,2,11,11,5,5,10,30,2,2,1,2,2,2,2,2,363904691,1400140087,36.651303,140.027802,7,3,500,185,9,9