資料区分,都道府県コード,警察署等コード,本票番号,事故内容,死者数,負傷者数,路線コード,地点コード,市区町村コード,発生日時　　年,発生日時　　月,発生日時　　日,発生日時　　時,発生日時　　分,昼夜,日の出時刻　　時,日の出時刻　　分,日の入り時刻　　時,日の入り時刻　　分,天候,地形,路面状態,道路形状,信号機,一時停止規制　標識（当事者A）,一時停止規制　表示（当事者A）,一時停止規制　標識（当事者B）,一時停止規制　表示（当事者B）,車道幅員,道路線形,衝突地点,ゾーン規制,中央分離帯施設等,歩車道区分,事故類型,年齢（当事者A）,年齢（当事者B）,当事者種別（当事者A）,当事者種別（当事者B）,用途別（当事者A）,用途別（当事者B）,車両形状等（当事者A）,車両形状等（当事者B）,オートマチック車（当事者A）,オートマチック車（当事者B）,サポカー（当事者A）,サポカー（当事者B）,速度規制（指定のみ）（当事者A）,速度規制（指定のみ）（当事者B）,車両の衝突部位（当事者A）,車両の衝突部位（当事者B）,車両の損壊程度（当事者A）,車両の損壊程度（当事者B）,エアバッグの装備（当事者A）,エアバッグの装備（当事者B）,サイドエアバッグの装備（当事者A）,サイドエアバッグの装備（当事者B）,人身損傷程度（当事者A）,人身損傷程度（当事者B）,地点　緯度（北緯）,地点　経度（東経）,地点　緯度（北緯）_1,地点　経度（東経）_1,曜日(発生年月日),祝日(発生年月日),認知機能検査経過日数（当事者A）,認知機能検査経過日数（当事者B）,運転練習の方法（当事者A）,運転練習の方法（当事者B）
true,41,113,128,2,0,1,10480,0,214,2023,11,16,8,22,12,6,18,16,32,1,3,1,14,7,0,0,0,0,2,9,1,70,1,2,21,25,1,3,4,31,31,1,1,2,1,11,11,5,5,30,10,2,2,2,1,2,2,2,4,364522122,1395857853,36.756145,139.982737,5,3,9999,9999,1,5
true,41,113,129,2,0,2,30000,0,386,2023,11,20,7,20,11,6,22,16,29,1,3,1,1,7,1,22,9,22,14,9,30,70,5,4,21,75,65,3,3,31,31,1,1,1,1,1,11,10,10,10,80,2,2,2,2,2,2,2,2,363848386,1400122303,36.646774,140.022862,2,3,1077,9999,9,9
true,41,113,130,2,0,1,10100,0,386,2023,11,17,16,21,13,6,19,16,31,1,2,1,14,7,0,0,0,0,3,9,1,70,1,2,21,35,45,3,4,31,31,1,1,1,1,11,11,10,10,30,10,2,2,2,1,2,2,2,4,363903524,1400137967,36.650979,140.027213,6,3,9999,9999,1,9
true,41,113,131,2,0,1,20000,0,214,2023,11,7,9,25,12,6,9,16,39,3,3,1,1,7,1,22,9,22,14,9,30,70,4,4,21,25,35,14,14,31,31,11,11,1,1,11,11,10,10,10,20,3,3,2,2,2,2,4,2,364053933,1395750440,36.681648,139.964011,3,3,9999,9999,1,1
true,41,113,132,2,0,1,10640,0,386,2023,11,30,12,51,12,6,32,16,25,1,3,1,14,7,0,0,0,0,4,9,1,70,4,2,21,35,45,3,4,31,31,1,1,1,1,11,11,5,5,30,10,3,3,2,2,2,2,2,4,363506252,1400033628,36.58507,140.009341,5,3,9999,9999,1,5
true,41,114,84,2,0,1,30000,0,211,2023,11,1,6,55,11,6,3,16,45,1,3,1,1,7,5,21,0,0,18,9,30,70,5,2,1,65,75,4,61,31,0,1,0,1,0,11,0,10,0,55,0,4,0,2,0,2,0,4,2,364653774,1395704748,36.781604,139.951319,4,3,9999,0,9,0
true,41,114,85,2,0,1,99000,0,384,2023,11,7,4,20,22,6,9,16,39,3,3,2,0,7,0,0,0,0,0,0,20,70,0,4,41,65,0,36,75,31,0,0,0,0,0,11,0,10,0,0,0,3,0,0,0,0,0,2,0,364555404,1394636556,36.76539,139.776821,3,3,9999,0,9,0
true,41,114,86,2,0,1,4610,0,211,2023,11,7,19,2,22,6,9,16,39,1,3,1,14,7,0,0,0,0,4,9,1,70,4,2,1,35,75,4,61,31,0,1,0,1,0,11,0,4,0,50,0,3,0,2,0,2,0,4,2,364823904,1395510751,36.80664,139.919653,3,3,9999,0,5,0
true,41,114,87,2,0,1,20000,0,211,2023,10,17,14,35,12,5,49,17,3,1,3,1,13,7,0,0,0,0,1,2,1,70,5,2,21,1,35,3,3,31,31,1,1,1,1,11,11,4,4,20,10,2,2,1,1,2,2,4,2,364607396,1395409320,36.768721,139.902589,3,3,9999,9999,1,1
true,41,114,88,2,0,1,30000,0,211,2023,11,10,17,33,21,6,12,16,36,2,2,2,14,1,0,0,0,0,4,9,1,70,5,2,21,65,65,3,3,31,31,1,1,1,1,11,11,4,4,0,30,3,3,2,2,2,2,4,2,364737705,1395639966,36.793807,139.944435,6,3,9999,9999,9,9
true,41,114,89,2,0,1,30000,0,211,2023,11,16,17,15,21,6,18,16,32,1,2,1,14,7,0,0,0,0,3,9,1,70,5,2,21,45,1,3,51,31,41,1,0,1,0,11,0,10,0,10,20,3,3,2,0,2,0,4,2,364742637,1395555888,36.795177,139.932191,5,3,9999,0,1,0
true,41,114,90,2,0,1,4610,0,211,2023,11,18,15,28,12,6,20,16,30,1,1,1,14,7,0,0,0,0,3,9,1,70,4,2,21,75,55,3,4,31,31,1,1,1,1,11,11,3,3,30,10,3,3,2,2,2,2,2,4,364833750,1395541563,36.809375,139.928212,7,3,765,9999,9,1
true,41,114,91,2,0,1,10300,0,211,2023,11,25,11,38,12,6,27,16,27,1,3,1,14,7,0,0,0,0,1,9,1,70,5,2,41,65,0,51,76,41,0,0,0,0,0,0,0,0,0,20,0,3,0,0,0,0,0,2,0,364915910,1395504526,36.821086,139.917924,7,3,0,0,0,0
true,41,115,29,2,0,1,30000,0,215,2023,11,5,17,30,21,6,7,16,41,2,2,2,1,1,9,22,0,0,15,9,30,70,4,2,1,75,65,3,61,31,0,1,0,1,0,11,0,4,0,50,0,4,0,2,0,2,0,4,2,363954562,1400906552,36.665156,140.15182,1,3,528,0,9,0
true,41,115,30,2,0,1,10100,0,215,2023,11,23,12,55,12,6,25,16,28,2,3,1,7,7,0,0,0,0,3,8,1,70,4,2,21,45,35,17,3,1,31,11,1,2,1,11,11,4,4,10,30,3,2,2,2,2,2,4,2,363927554,1400750873,36.657654,140.130798,5,1,9999,9999,9,9
true,41,115,31,2,0,1,20000,0,215,2023,11,30,7,43,12,6,32,16,25,1,3,1,14,7,0,0,0,0,3,9,1,70,4,2,41,1,0,51,76,41,0,0,0,0,0,0,0,0,0,20,0,3,0,0,0,0,0,2,0,364302086,1400638290,36.717246,140.110636,5,3,0,0,0,0
true,41,116,25,2,0,1,10690,0,344,2023,11,4,17,29,21,6,6,16,42,2,3,1,14,7,0,0,0,0,4,9,1,70,4,2,21,35,25,3,4,31,31,1,1,1,1,11,11,10,10,33,11,3,3,2,2,2,2,2,4,363253279,1400638405,36.548133,140.110668,7,3,9999,9999,1,1
true,41,116,26,2,0,1,30000,0,343,2023,11,8,8,6,12,6,10,16,38,1,3,1,13,7,0,0,0,0,2,3,1,70,5,4,21,45,45,3,4,31,31,1,1,1,1,11,11,10,10,55,55,3,3,2,2,2,2,4,2,363508142,1401313120,36.585595,140.220311,4,3,9999,9999,1,9
true,41,116,27,2,0,1,30000,0,343,2023,11,22,15,25,12,6,24,16,28,1,3,1,14,7,0,0,0,0,3,9,1,70,5,4,1,45,25,3,61,31,0,1,0,2,0,11,0,10,0,0,0,3,0,2,0,2,0,4,2,363238450,1400928703,36.544014,140.157973,4,2,9999,0,1,0
true,41,119,14,2,0,1,2930,0,411,2023,8,12,22,30,22,4,55,18,36,1,3,1,1,7,1,22,9,22,17,9,30,70,5,4,21,1,45,3,3,31,31,1,1,1,1,11,11,10,4,50,80,2,2,2,2,2,2,4,2,364252153,1401215638,36.714487,140.204344,7,3,9999,9999,1,1
true,41,119,15,2,0,1,10520,0,411,2023,11,28,7,25,11,6,30,16,26,1,3,1,13,7,0,0,0,0,3,6,1,70,5,2,21,55,45,3,4,31,31,1,1,1,1,1,11,4,4,50,26,2,2,1,2,2,2,4,2,364519886,1401209245,36.755524,140.202568,3,3,9999,9999,9,9
true,41,122,372,2,0,1,30000,0,201,2023,10,31,22,32,22,6,2,16,46,1,1,1,1,1,9,22,0,0,15,9,30,70,5,2,1,1,35,3,61,31,0,1,0,1,0,11,0,4,0,50,0,3,0,2,0,2,0,4,2,363608795,1395602432,36.602443,139.934009,3,3,9999,0,1,0
true,41,122,373,2,0,1,1230,0,201,2023,11,1,7,43,12,6,3,16,45,1,1,1,14,7,0,0,0,0,1,9,1,70,1,2,41,1,0,51,76,41,0,0,0,0,0,0,0,0,0,20,0,3,0,0,0,0,0,2,0,363156870,1395854898,36.532464,139.981916,4,3,0,0,0,0
true,41,122,374,2,0,1,10100,0,201,2023,10,26,10,28,12,5,57,16,51,1,2,1,1,7,1,21,9,22,14,9,30,70,4,2,21,75,65,3,3,31,31,1,1,1,1,0,0,10,3,50,80,2,2,2,2,2,2,4,4,363429667,1395344628,36.574908,139.89573,5,3,449,9999,9,9
true,41,122,375,2,0,1,1190,0,201,2023,6,19,10,52,12,4,22,19,2,1,3,1,14,7,0,0,0,0,5,9,1,70,1,2,21,1,25,3,4,31,31,1,1,1,1,11,0,10,10,10,30,3,3,2,2,2,2,4,2,363532370,1395547114,36.592325,139.929754,2,3,9999,9999,1,1
true,41,122,376,2,0,1,30000,0,201,2023,11,1,15,9,12,6,3,16,45,1,1,1,14,7,0,0,0,0,6,9,1,70,5,3,21,45,55,4,51,31,41,1,0,1,0,0,0,10,0,10,20,3,2,2,0,2,0,4,2,363255230,1395324223,36.548675,139.890062,4,3,9999,0,9,0
true,41,122,377,2,0,1,30000,0,201,2023,10,31,10,30,12,6,2,16,46,1,1,1,1,7,9,22,0,0,14,9,30,70,5,2,41,75,0,51,76,41,0,0,0,0,0,0,0,0,0,20,0,3,0,0,0,0,0,2,0,363225480,1395503904,36.540411,139.917751,3,3,0,0,0,0
true,41,122,378,2,0,1,21250,0,201,2023,11,2,8,50,12,6,4,16,44,2,2,1,14,7,0,0,0,0,1,9,1,70,4,2,21,75,1,4,51,31,41,1,0,1,0,11,0,4,0,10,20,3,3,2,0,2,0,4,2,363452118,1395434434,36.581144,139.909565,5,2,108,0,1,0
true,41,122,379,2,0,1,30000,0,201,2023,11,2,17,30,21,6,4,16,44,2,2,1,1,1,9,22,9,22,15,9,30,70,5,2,21,75,1,3,51,31,41,1,0,1,0,1,0,3,0,80,20,3,2,2,0,2,0,4,2,363356992,1395431057,36.565831,139.908627,5,2,1066,0,9,0
true,41,122,380,2,0,1,10730,0,201,2023,11,4,17,19,21,6,6,16,42,1,3,1,1,7,9,22,9,22,15,9,30,70,4,2,21,45,45,3,34,31,31,1,0,1,0,11,11,5,5,40,10,2,2,2,0,2,0,4,2,363833779,1395333274,36.642716,139.892576,7,3,9999,9999,1,5
true,41,122,381,2,0,1,30000,0,201,2023,11,1,15,21,12,6,3,16,45,1,2,1,14,7,0,0,0,0,2,9,1,70,5,4,21,75,1,3,51,31,41,1,0,1,0,0,0,10,0,20,20,3,3,2,0,2,0,4,2,363510363,1395454972,36.586212,139.91527,4,3,184,0,9,0
true,41,122,382,2,0,1,41,1020,201,2023,10,20,20,34,22,5,51,16,59,1,3,1,14,7,0,0,0,0,5,9,1,70,1,4,21,45,0,3,0,31,0,1,0,1,0,0,0,10,0,30,0,3,0,2,0,2,0,2,0,363157716,1395541779,36.532699,139.928272,6,3,9999,0,9,0
true,41,122,383,2,0,1,30000,0,201,2023,10,31,10,48,12,6,2,16,46,2,1,1,7,7,0,0,0,0,2,9,1,70,5,4,41,75,0,51,76,41,0,0,0,0,0,0,0,0,0,20,0,3,0,0,0,0,0,2,0,363356416,1395409180,36.565671,139.90255,3,3,0,0,0,0
true,41,122,384,2,0,2,10730,0,201,2023,10,29,11,33,12,6,0,16,48,2,2,1,1,1,9,22,9,22,15,9,30,70,5,2,21,75,25,4,4,31,31,1,1,1,1,1,1,10,10,50,80,2,2,1,2,2,2,4,2,363559402,1395656303,36.599834,139.948973,1,3,11,9999,9,1
true,41,122,385,2,0,1,30000,0,201,2023,10,23,19,48,22,5,54,16,55,2,3,1,14,7,0,0,0,0,3,9,1,70,5,2,21,65,35,3,3,31,31,1,1,1,1,1,1,1,1,10,30,3,3,2,2,2,2,4,2,363039006,1395913996,36.510835,139.987221,2,3,9999,9999,9,1
true,41,122,386,2,0,1,1230,0,201,2023,11,8,18,5,22,6,10,16,38,1,1,1,1,1,9,22,9,22,15,9,30,70,4,2,21,1,1,4,51,31,41,1,0,1,0,11,0,4,0,10,20,3,3,2,0,2,0,4,2,363253686,1395539907,36.548246,139.927752,4,3,9999,0,1,0
true,41,122,387,2,0,1,10730,0,201,2023,11,8,17,56,22,6,10,16,38,1,2,1,1,7,9,22,0,0,14,9,30,70,4,2,1,65,75,4,61,31,0,1,0,1,0,11,0,4,0,10,0,3,0,2,0,2,0,4,2,363617953,1395702182,36.604987,139.950606,4,3,9999,0,9,0
true,41,122,388,2,0,1,10630,0,201,2023,11,9,10,46,12,6,11,16,37,1,2,1,14,7,0,0,0,0,1,9,1,70,1,2,21,55,75,3,4,31,31,1,1,1,1,11,11,10,10,10,31,2,2,1,2,2,2,4,2,363610098,1395401634,36.602805,139.900454,5,3,9999,120,9,9
true,41,122,389,2,0,1,30000,0,201,2023,11,11,17,0,21,6,13,16,35,2,1,1,1,7,9,22,0,0,14,9,30,70,5,3,1,45,75,4,61,31,0,1,0,1,0,1,0,2,0,50,0,3,0,2,0,2,0,4,2,363333293,1395527869,36.559248,139.924408,7,3,9999,0,1,0
true,41,122,390,2,0,1,40,1000,201,2023,11,1,19,3,22,6,3,16,45,1,2,1,14,7,0,0,0,0,3,9,1,70,4,2,21,1,35,3,4,31,31,1,1,1,1,0,0,4,4,10,30,3,3,2,2,2,2,4,2,363246658,1395355342,36.546294,139.898706,4,3,9999,9999,5,1
true,41,122,391,2,0,2,41,1075,201,2023,11,13,6,23,11,6,15,16,34,2,3,1,14,7,0,0,0,0,6,9,1,70,1,2,21,45,45,12,13,1,31,11,11,1,1,11,11,10,10,10,31,2,2,2,2,2,2,4,2,363454034,1395622247,36.581676,139.939513,2,3,9999,9999,9,1
true,41,122,392,2,0,1,99000,0,201,2023,11,13,10,20,12,6,15,16,34,1,3,1,0,7,0,0,0,0,0,0,20,70,0,4,41,45,0,51,76,41,0,0,0,0,0,0,0,0,0,20,0,3,0,0,0,0,0,2,0,363534642,1395539022,36.592956,139.927506,2,3,0,0,0,0
true,41,122,393,2,0,1,4080,0,201,2023,10,27,21,10,22,5,58,16,50,1,2,1,14,7,0,0,0,0,4,9,1,70,1,2,21,65,55,3,3,31,31,1,1,1,1,11,11,10,10,10,30,3,3,2,2,2,2,4,2,363205310,1395919093,36.534808,139.988637,6,3,9999,9999,4,9
true,41,122,394,2,0,1,4080,0,201,2023,11,2,19,20,22,6,4,16,44,1,2,1,14,1,0,0,0,0,5,9,1,70,1,4,21,55,55,4,14,31,31,1,11,1,1,11,11,10,10,10,30,3,3,2,2,2,2,4,2,363607564,1395903161,36.602101,139.984211,5,2,9999,9999,9,9
true,41,122,395,2,0,1,30000,0,201,2023,11,14,6,54,11,6,16,16,33,1,3,1,1,1,9,22,9,22,11,9,30,70,5,4,21,35,75,3,4,31,31,1,1,1,1,11,0,10,10,80,50,2,2,1,1,1,1,2,4,363843469,1395512749,36.645408,139.920208,3,3,9999,1061,1,9
true,41,122,396,2,0,2,40,1383,201,2023,11,5,10,45,12,6,7,16,41,1,2,1,14,7,0,0,0,0,2,9,1,70,1,2,21,45,25,3,3,31,31,1,1,1,1,11,11,5,5,10,31,3,3,2,2,2,2,4,4,363556983,1395708687,36.599162,139.952413,1,3,9999,9999,1,1
true,41,122,397,2,0,1,21580,0,201,2023,11,9,13,43,12,6,11,16,37,1,2,1,14,7,0,0,0,0,3,9,1,70,4,2,21,75,35,3,3,31,31,1,1,1,1,11,11,4,4,30,10,3,3,1,2,2,2,4,2,363552606,1395704918,36.597946,139.951366,5,3,1046,9999,9,5
true,41,122,398,2,0,1,1210,0,201,2023,11,6,7,3,11,6,8,16,40,2,3,1,14,7,0,0,0,0,2,8,1,70,4,2,21,45,35,17,3,31,31,11,1,2,1,11,11,10,10,10,10,2,3,2,2,2,2,4,2,363027990,1395745745,36.507775,139.962707,2,3,9999,9999,9,5
true,41,122,399,2,0,1,30000,0,201,2023,9,27,16,23,12,5,32,17,31,1,2,1,1,7,1,22,9,22,14,9,30,70,4,3,21,45,65,4,4,31,31,1,1,1,1,11,11,10,10,80,50,2,2,2,2,2,2,4,2,363227827,1395322445,36.541063,139.889568,4,3,9999,9999,9,9
true,41,122,400,2,0,1,10010,0,201,2023,11,12,9,7,12,6,14,16,35,2,1,1,1,1,9,22,9,22,19,9,30,70,5,2,21,1,1,3,3,31,31,1,1,1,1,11,11,4,4,10,10,3,3,2,2,2,2,4,2,363318317,1395341665,36.555088,139.894907,1,3,9999,9999,5,1
true,41,122,401,2,0,1,30000,0,201,2023,11,10,18,53,22,6,12,16,36,2,3,1,14,7,0,0,0,0,2,9,1,70,5,3,1,35,25,3,61,31,0,1,0,1,0,11,0,10,0,70,0,3,0,2,0,2,0,4,2,363407176,1395628302,36.56866,139.941195,6,3,9999,0,1,0
true,41,122,402,2,0,1,30000,0,201,2023,11,15,11,58,12,6,17,16,32,1,2,1,13,7,0,0,0,0,1,6,1,70,5,3,21,55,55,11,14,31,1,11,11,2,1,11,11,3,3,50,20,3,2,2,2,2,2,4,2,363656730,1395251642,36.615758,139.881012,4,3,9999,9999,9,1
true,41,122,403,2,0,1,40,1143,201,2023,11,8,11,35,12,6,10,16,38,1,1,1,14,1,0,0,0,0,5,9,1,70,1,2,21,25,75,3,4,31,31,1,1,1,1,11,11,10,10,10,30,3,3,2,2,2,2,4,2,363554823,1395704738,36.598562,139.951316,4,3,9999,541,1,9
true,41,122,404,2,0,1,10640,0,201,2023,11,14,16,16,13,6,16,16,33,1,1,1,1,1,9,22,9,22,15,9,30,70,4,2,21,55,25,3,51,31,41,1,0,1,0,11,0,3,0,10,20,3,3,2,0,2,0,4,2,363345000,1395414972,36.5625,139.904159,3,3,9999,0,9,0
true,41,122,405,2,0,1,30000,0,201,2023,11,8,15,22,12,6,10,16,38,1,1,1,14,1,0,0,0,0,5,9,1,70,4,2,21,45,35,3,4,31,31,1,1,1,1,11,11,4,4,10,30,3,3,2,2,2,2,4,2,363257120,1395516896,36.5492,139.92136,4,3,9999,9999,9,1
true,41,122,406,2,0,1,40,1109,201,2023,11,14,18,15,22,6,16,16,33,1,2,1,14,7,0,0,0,0,2,9,1,70,4,2,21,1,1,3,4,31,31,1,1,1,1,11,11,4,4,30,10,3,3,2,2,2,2,2,4,363448853,1395521288,36.580237,139.92258,3,3,9999,9999,1,1
true,41,122,407,2,0,1,41,1075,201,2023,11,20,21,36,22,6,22,16,29,1,1,1,14,1,0,0,0,0,4,9,1,70,1,2,21,25,55,3,4,31,31,1,1,1,1,11,11,10,10,10,30,3,2,2,2,2,2,4,2,363453712,1395622606,36.581587,139.939613,2,3,9999,9999,9,9
true,41,122,408,2,0,2,21250,0,201,2023,11,1,17,0,21,6,3,16,45,2,1,1,14,1,0,0,0,0,4,9,1,70,5,2,21,1,65,3,3,31,31,1,1,1,1,11,11,3,3,10,30,3,3,2,2,2,2,4,2,363319112,1395341932,36.555309,139.894981,4,3,9999,9999,1,9
true,41,122,409,2,0,1,99000,0,201,2023,11,24,12,55,12,6,26,16,27,1,2,1,0,7,0,0,0,0,0,0,20,70,0,4,21,25,35,3,3,31,31,1,1,1,1,11,11,10,10,30,30,3,3,2,2,2,2,4,2,363520897,1395532556,36.589138,139.92571,6,3,9999,9999,1,1
true,41,122,410,2,0,1,30000,0,201,2023,11,24,18,52,22,6,26,16,27,1,2,1,14,1,0,0,0,0,2,9,1,70,4,2,21,35,45,3,4,31,31,1,1,1,1,11,11,4,4,30,10,3,3,2,2,2,2,2,4,363302038,1395520366,36.550566,139.922324,6,3,9999,9999,1,9
true,41,122,411,2,0,1,10640,0,201,2023,11,17,18,14,22,6,19,16,31,2,2,1,7,7,0,0,0,0,2,7,1,70,5,1,21,55,55,3,3,31,31,1,1,1,1,1,1,3,3,10,30,3,3,2,2,2,2,4,2,363348442,1395352768,36.563456,139.897991,6,3,9999,9999,9,9
true,41,122,412,2,0,1,10640,0,201,2023,9,1,18,5,13,5,11,18,10,1,2,1,14,7,0,0,0,0,5,9,1,70,5,2,21,35,45,3,3,31,31,1,1,1,1,11,11,10,10,70,10,3,3,2,2,2,2,4,2,363326161,1395535188,36.557267,139.926441,6,3,9999,9999,1,9
true,41,122,413,2,0,1,30000,0,201,2023,11,24,15,45,13,6,26,16,27,1,2,1,14,7,0,0,0,0,2,7,1,70,4,2,21,75,35,3,4,31,31,1,1,1,1,11,11,4,4,10,30,3,3,2,2,2,2,4,2,363450030,1395513991,36.580564,139.920553,6,3,976,9999,9,1
true,41,122,414,2,0,1,30000,0,201,2023,11,28,7,4,11,6,30,16,26,1,2,1,13,7,0,0,0,0,3,3,1,70,5,4,1,35,75,3,61,31,0,1,0,1,0,11,0,10,0,10,0,3,0,2,0,2,0,4,2,363812743,1395256129,36.636873,139.882258,3,3,9999,0,5,0
true,41,122,415,2,0,2,40,1250,201,2023,11,25,17,0,21,6,27,16,27,1,1,1,14,7,0,0,0,0,4,9,1,70,5,2,21,25,25,3,4,31,31,1,1,1,1,11,11,4,4,30,10,3,3,2,2,2,2,2,4,363239905,1395339426,36.544418,139.894285,7,3,9999,9999,1,1
true,41,122,416,2,0,1,1230,0,201,2023,11,18,17,8,21,6,20,16,30,2,2,1,14,7,0,0,0,0,2,8,1,70,1,2,21,25,75,4,51,31,41,1,0,1,0,11,0,4,0,18,20,3,3,2,0,2,0,4,2,363248733,1395600478,36.54687,139.933466,7,3,9999,0,1,0
true,41,122,417,2,0,1,40,1126,201,2023,11,12,5,15,23,6,14,16,35,1,2,1,14,7,0,0,0,0,2,9,1,70,1,2,41,25,0,13,75,31,0,11,0,1,0,1,0,5,0,10,0,1,0,1,0,2,0,4,0,363522823,1395608581,36.589673,139.935717,1,3,9999,0,1,0
true,41,123,253,2,0,1,23200,0,201,2023,9,14,19,54,22,5,21,17,51,1,1,1,14,7,0,0,0,0,3,9,1,70,4,2,21,25,1,3,3,31,31,1,1,1,1,11,11,4,4,10,30,3,3,2,2,2,2,4,2,363101859,1395410289,36.517183,139.902858,5,3,9999,9999,1,1
true,41,123,254,2,0,1,30000,0,201,2023,11,2,10,55,12,6,4,16,44,2,1,1,14,7,0,0,0,0,2,9,1,70,4,2,41,75,0,51,76,41,0,0,0,0,0,0,0,0,0,10,0,3,0,0,0,0,0,2,0,363143979,1395217040,36.528883,139.8714,5,2,0,0,0,0
true,41,123,255,2,0,1,40,995,201,2023,11,5,17,40,21,6,7,16,41,1,3,1,1,7,9,22,0,0,18,9,30,70,4,2,41,45,0,51,76,41,0,0,0,0,0,0,0,0,0,20,0,3,0,0,0,0,0,2,0,362940704,1395221659,36.49464,139.872683,1,3,0,0,0,0
true,41,123,256,2,0,1,21580,0,201,2023,11,3,7,15,12,6,5,16,43,1,2,1,1,2,9,22,0,0,15,9,30,70,4,3,21,45,0,4,0,31,0,1,0,1,0,11,0,3,0,50,0,3,0,2,0,2,0,2,0,362924756,1395648329,36.49021,139.946758,6,1,9999,0,1,0
true,41,123,257,2,0,1,1210,0,201,2023,11,7,8,40,12,6,9,16,39,1,3,1,14,7,0,0,0,0,3,9,1,70,1,2,21,35,1,3,4,31,31,1,1,1,1,11,11,10,10,30,10,3,3,2,2,2,2,2,4,363115575,1395026696,36.520993,139.840749,3,3,9999,9999,1,1
true,41,123,258,2,0,1,30000,0,201,2023,11,16,20,10,22,6,18,16,32,2,1,1,14,7,0,0,0,0,3,9,1,70,5,3,1,55,25,4,61,31,0,1,0,1,0,1,0,10,0,80,0,3,0,2,0,2,0,4,2,363139608,1395140640,36.527669,139.861289,5,3,9999,0,9,0
true,41,123,259,2,0,2,30000,0,201,2023,11,11,14,40,12,6,13,16,35,1,2,1,1,7,9,22,9,22,14,9,30,70,4,4,21,45,65,3,3,31,31,1,1,1,1,11,11,10,3,10,70,3,3,2,2,2,2,4,2,363017165,1395155627,36.504768,139.865452,7,3,9999,9999,9,9
true,41,123,260,2,0,1,1210,0,201,2023,11,19,19,17,22,6,21,16,30,1,1,1,1,1,9,22,9,22,19,9,30,70,1,2,21,35,25,3,36,31,31,1,0,1,0,11,11,5,10,10,20,3,3,2,0,2,0,4,2,363051952,1395047789,36.514431,139.846608,1,3,9999,9999,5,5
true,41,123,261,2,0,1,30000,0,201,2023,11,19,12,48,12,6,21,16,30,1,2,1,14,7,0,0,0,0,3,9,1,70,4,2,21,1,1,3,4,31,31,1,1,1,1,11,11,3,3,30,10,3,3,2,2,2,2,2,4,363158966,1395206744,36.533046,139.86854,1,3,9999,9999,5,5
true,41,123,262,2,0,1,99000,0,201,2023,8,20,13,28,12,5,1,18,26,1,2,1,0,7,0,0,0,0,0,0,20,70,0,2,21,25,45,3,3,31,31,1,1,1,1,11,11,10,10,30,80,3,2,2,2,2,2,4,2,362930152,1395354697,36.491709,139.898527,1,3,9999,9999,5,9
true,41,123,263,2,0,1,30000,0,201,2023,11,22,18,17,22,6,24,16,28,1,1,1,1,7,9,22,0,0,15,9,30,70,4,2,1,35,75,3,61,31,0,1,0,1,0,11,0,2,0,50,0,3,0,2,0,2,0,4,2,363123563,1395148928,36.523212,139.863591,4,2,9999,0,1,0
true,41,123,264,2,0,1,10020,0,201,2023,11,23,19,53,22,6,25,16,28,1,2,2,14,7,0,0,0,0,5,9,1,70,4,2,21,25,1,3,3,31,31,1,1,1,1,11,11,4,4,10,30,3,3,2,2,2,2,4,2,363114002,1395055795,36.520556,139.848832,5,1,9999,9999,1,1
true,41,123,265,2,0,1,30000,0,201,2023,4,7,18,23,21,5,19,18,7,3,1,2,1,7,1,21,9,22,14,9,30,70,4,4,21,25,55,3,35,31,31,1,0,1,0,11,11,10,3,0,0,4,3,2,0,2,0,4,2,363204560,1395157838,36.5346,139.866066,6,3,9999,9999,5,9
true,41,123,266,2,0,1,30000,0,201,2023,11,22,17,15,21,6,24,16,28,1,1,1,14,7,0,0,0,0,4,9,1,70,1,2,21,65,35,4,4,31,31,1,1,1,1,11,11,3,3,10,30,3,3,2,2,2,2,4,2,363201673,1395230580,36.533798,139.875161,4,2,9999,9999,9,1
true,41,123,267,2,0,1,30000,0,201,2023,11,24,12,58,12,6,26,16,27,1,1,1,1,1,9,22,9,22,18,9,30,70,1,2,21,35,25,3,51,31,41,1,0,1,0,11,0,10,0,80,11,3,3,2,0,2,0,4,2,363209056,1395408431,36.535849,139.902342,6,3,9999,0,1,0
true,41,123,268,2,0,1,30000,0,201,2023,11,19,10,56,12,6,21,16,30,1,1,1,1,7,9,22,9,22,11,9,30,70,5,4,21,75,1,3,51,31,41,1,0,1,0,11,0,10,0,50,40,3,3,2,0,2,0,4,2,362930118,1395134212,36.491699,139.859503,1,3,46,0,9,0
true,41,123,269,2,0,2,40,987,201,2023,11,12,1,1,22,6,14,16,35,1,2,1,7,7,0,0,0,0,3,9,1,70,4,2,21,25,35,3,4,31,31,1,1,1,1,11,11,4,4,10,30,2,2,2,2,2,2,4,2,362913657,1395219888,36.487127,139.872191,1,3,9999,9999,1,5
true,41,123,270,2,0,1,99000,0,201,2023,11,21,17,7,21,6,23,16,29,1,2,1,0,7,0,0,0,0,0,0,20,70,0,4,21,65,25,3,3,31,31,1,1,1,1,11,11,10,10,30,30,3,3,2,2,2,2,4,2,363151341,1395205081,36.530928,139.868078,3,3,9999,9999,9,9