資料区分,都道府県コード,警察署等コード,本票番号,事故内容,死者数,負傷者数,路線コード,地点コード,市区町村コード,発生日時　　年,発生日時　　月,発生日時　　日,発生日時　　時,発生日時　　分,昼夜,日の出時刻　　時,日の出時刻　　分,日の入り時刻　　時,日の入り時刻　　分,天候,地形,路面状態,道路形状,信号機,一時停止規制　標識（当事者A）,一時停止規制　表示（当事者A）,一時停止規制　標識（当事者B）,一時停止規制　表示（当事者B）,車道幅員,道路線形,衝突地点,ゾーン規制,中央分離帯施設等,歩車道区分,事故類型,年齢（当事者A）,年齢（当事者B）,当事者種別（当事者A）,当事者種別（当事者B）,用途別（当事者A）,用途別（当事者B）,車両形状等（当事者A）,車両形状等（当事者B）,オートマチック車（当事者A）,オートマチック車（当事者B）,サポカー（当事者A）,サポカー（当事者B）,速度規制（指定のみ）（当事者A）,速度規制（指定のみ）（当事者B）,車両の衝突部位（当事者A）,車両の衝突部位（当事者B）,車両の損壊程度（当事者A）,車両の損壊程度（当事者B）,エアバッグの装備（当事者A）,エアバッグの装備（当事者B）,サイドエアバッグの装備（当事者A）,サイドエアバッグの装備（当事者B）,人身損傷程度（当事者A）,人身損傷程度（当事者B）,地点　緯度（北緯）,地点　経度（東経）,地点　緯度（北緯）_1,地点　経度（東経）_1,曜日(発生年月日),祝日(発生年月日),認知機能検査経過日数（当事者A）,認知機能検査経過日数（当事者B）,運転練習の方法（当事者A）,運転練習の方法（当事者B）
true,41,123,271,2,0,1,30000,0,201,2023,11,27,14,35,12,6,29,16,26,1,1,1,14,7,0,0,0,0,2,9,1,70,5,4,41,1,0,51,76,41,0,0,0,0,0,0,0,0,0,20,0,3,0,0,0,0,0,2,0,362941971,1395232894,36.494992,139.875804,2,3,0,0,0,0
true,41,123,272,2,0,1,30000,0,201,2023,11,19,8,58,12,6,21,16,30,1,1,1,1,1,9,22,9,22,14,9,30,70,5,2,21,45,55,4,34,31,31,1,0,1,0,11,11,10,10,20,40,3,3,2,0,2,0,4,2,363120560,1395524186,36.522378,139.923385,1,3,9999,9999,5,9
true,41,123,273,2,0,1,1210,0,201,2023,11,24,16,17,13,6,26,16,27,1,1,1,1,1,9,22,9,22,15,9,30,70,1,2,21,75,1,4,51,31,41,1,0,1,0,11,0,3,0,80,40,3,2,2,0,2,0,4,2,363020059,1395203475,36.505572,139.867632,6,3,652,0,9,0
true,41,123,274,2,0,1,30000,0,201,2023,11,28,11,47,12,6,30,16,26,1,2,1,1,1,9,22,0,0,14,9,30,70,5,2,1,75,75,4,61,31,0,1,0,1,0,11,0,3,0,50,0,2,0,2,0,2,0,4,2,363138719,1395159623,36.527422,139.866562,3,3,182,0,9,0
true,41,123,275,2,0,2,30000,0,201,2023,11,26,12,12,12,6,28,16,27,3,1,2,7,7,0,0,0,0,3,9,1,70,4,2,21,45,55,3,13,31,31,1,11,1,1,11,11,3,3,30,10,3,3,2,2,2,2,2,4,363153076,1395219902,36.53141,139.872195,1,3,9999,9999,9,9
true,41,123,276,2,0,1,99000,0,201,2023,11,28,11,5,12,6,30,16,26,1,1,1,0,7,0,0,0,0,0,0,20,70,0,4,1,65,55,3,61,1,0,1,0,1,0,11,0,10,0,60,0,3,0,2,0,2,0,4,2,363154732,1395204645,36.53187,139.867957,3,3,9999,0,9,0
true,41,123,277,2,0,1,10020,0,201,2023,11,29,11,49,12,6,31,16,26,1,2,1,1,7,1,21,9,22,14,9,30,70,4,2,21,25,35,3,51,31,41,1,0,1,0,11,0,10,0,80,20,3,3,2,0,2,0,4,2,363158429,1395124998,36.532897,139.856944,4,3,9999,0,1,0
true,41,59,40,2,0,1,50010,24,201,2023,12,12,18,50,22,6,42,16,25,1,3,1,14,7,0,0,0,0,3,9,1,70,1,4,21,35,55,3,4,31,31,1,1,1,1,11,11,7,7,10,30,1,1,2,2,2,2,4,2,363927115,1395008225,36.657532,139.835618,3,3,9999,9999,1,9
true,41,101,311,2,0,1,1190,0,201,2023,11,7,11,25,12,6,9,16,39,3,1,1,1,1,9,22,9,22,11,9,30,70,4,2,21,35,65,3,14,31,31,1,11,1,1,11,11,4,4,10,41,2,2,2,2,2,2,4,2,363310584,1395245934,36.55294,139.879426,3,3,9999,9999,1,9
true,41,101,312,2,0,1,1190,0,201,2023,11,30,18,17,22,6,32,16,25,1,3,1,1,1,9,22,0,0,15,9,30,70,4,2,1,35,1,4,61,31,0,1,0,1,0,11,0,4,0,50,0,3,0,2,0,2,0,4,2,363740325,1395106487,36.627868,139.851802,5,3,9999,0,1,0
true,41,101,313,2,0,1,30000,0,201,2023,12,1,15,50,13,6,33,16,25,1,2,1,13,7,0,0,0,0,2,3,1,1,5,4,41,75,0,51,76,41,0,0,0,0,0,0,0,0,0,40,0,3,0,0,0,0,0,2,0,363316621,1395017581,36.554617,139.838217,6,3,0,0,0,0
true,41,101,314,2,0,1,30000,0,201,2023,11,21,13,55,12,6,23,16,29,1,2,1,14,7,0,0,0,0,3,9,1,70,1,2,21,45,45,17,13,31,31,11,11,1,1,1,1,10,10,30,10,3,3,2,2,1,2,2,4,363327295,1395231739,36.557582,139.875483,3,3,9999,9999,5,9
true,41,101,315,2,0,1,30000,0,201,2023,12,1,13,56,12,6,33,16,25,1,2,1,1,7,9,22,1,21,14,9,30,70,5,4,21,65,35,3,36,1,31,1,0,1,0,11,11,10,10,50,10,3,3,2,0,2,0,4,2,363330110,1395253558,36.558364,139.881544,6,3,9999,9999,9,9
true,41,101,316,2,0,1,10040,0,201,2023,12,5,16,54,21,6,37,16,25,2,2,1,1,7,9,22,8,22,18,9,30,70,1,2,21,45,1,4,51,31,41,1,0,1,0,11,0,4,0,50,40,3,3,2,0,2,0,4,2,363348611,1395106239,36.563503,139.851733,3,3,9999,0,1,0
true,41,101,317,2,0,1,30000,0,201,2023,12,6,8,49,12,6,38,16,25,1,1,1,14,7,0,0,0,0,3,9,20,70,5,4,1,35,45,51,61,41,0,0,0,0,0,0,0,0,0,10,0,3,0,0,0,0,0,4,2,363343780,1395302321,36.562161,139.883978,4,3,0,0,0,0
true,41,101,318,2,0,1,30000,0,201,2023,12,8,8,20,12,6,39,16,25,1,1,1,1,7,9,22,1,21,15,9,30,70,5,4,21,45,1,4,51,31,41,1,0,1,0,11,0,10,0,10,40,3,2,2,0,2,0,4,2,363404591,1395159836,36.567942,139.866621,6,3,9999,0,1,0
true,41,101,319,2,0,1,30000,0,201,2023,12,8,11,9,12,6,39,16,25,1,1,1,1,7,9,22,9,22,11,8,30,70,4,2,21,65,25,3,51,31,41,1,0,1,0,1,0,2,0,81,11,3,2,2,0,2,0,4,2,363353302,1395304276,36.564806,139.884521,6,3,9999,0,9,0
true,41,101,320,2,0,1,30000,0,201,2023,12,8,17,20,21,6,39,16,25,1,1,1,1,1,9,22,9,22,18,7,30,70,4,2,21,75,1,51,51,41,41,0,0,0,0,0,0,0,0,10,10,3,3,0,0,0,0,2,4,363339820,1395309218,36.561061,139.885894,6,3,0,0,0,0
true,41,101,321,2,0,1,10060,0,201,2023,12,9,10,14,12,6,40,16,25,1,1,1,1,7,9,22,9,22,17,9,30,70,1,1,21,55,75,3,52,31,41,1,0,1,0,11,0,10,0,20,10,3,3,2,0,2,0,4,2,363258298,1395100994,36.549527,139.850276,7,3,9999,0,9,0
true,41,101,322,2,0,1,30000,0,201,2023,11,30,23,38,22,6,32,16,25,1,2,1,1,1,9,22,9,22,15,9,30,70,4,2,21,45,35,3,3,31,31,1,1,1,1,0,0,3,3,40,10,2,2,2,1,2,2,4,2,363429654,1395324245,36.574904,139.890068,5,3,9999,9999,9,1
true,41,101,323,2,0,1,10030,0,201,2023,11,30,9,55,12,6,32,16,25,1,2,1,14,7,0,0,0,0,5,9,1,70,1,2,21,35,65,3,4,31,31,1,1,1,1,11,11,10,10,30,10,3,3,2,2,2,2,2,4,363501784,1395101055,36.583829,139.850293,5,3,9999,9999,1,1
true,41,101,324,2,0,1,10060,0,201,2023,12,12,14,39,12,6,42,16,25,1,2,1,1,7,9,22,9,22,17,9,30,70,1,2,21,65,1,13,51,31,41,11,0,1,0,11,0,10,0,10,10,3,3,2,0,2,0,4,2,363259219,1395130442,36.549783,139.858456,3,3,9999,0,9,0
true,41,101,325,2,0,1,30000,0,201,2023,12,12,22,1,22,6,42,16,25,2,1,1,1,7,9,22,0,0,17,7,30,70,4,2,1,45,45,3,61,1,0,1,0,1,0,11,0,3,0,10,0,3,0,2,0,2,0,4,2,363326158,1395248493,36.557266,139.880137,3,3,9999,0,1,0
true,41,101,326,2,0,1,10700,0,201,2023,12,13,20,30,22,6,43,16,25,1,1,1,14,7,0,0,0,0,3,9,1,70,5,3,1,55,45,35,61,31,0,0,0,0,0,11,0,2,0,10,0,3,0,0,0,0,0,4,2,363442020,1395156124,36.578339,139.86559,4,3,9999,0,9,0
true,41,101,327,2,0,1,30000,0,201,2023,12,14,9,54,12,6,44,16,26,1,1,1,1,7,9,22,9,22,14,9,30,70,5,4,21,65,65,3,36,31,31,1,0,1,0,11,11,1,10,10,10,3,3,2,0,2,0,4,2,363730799,1395140010,36.625222,139.861114,5,3,9999,9999,9,9
true,41,101,328,2,0,1,20000,0,201,2023,12,14,14,10,12,6,44,16,26,1,2,1,1,1,9,22,9,22,18,9,30,70,4,2,21,25,75,3,51,31,41,1,0,1,0,11,0,4,0,10,10,3,3,2,0,2,0,4,2,363337984,1395247302,36.560551,139.879806,5,3,9999,0,1,0
true,41,101,329,2,0,1,30000,0,201,2023,11,16,8,30,12,6,18,16,32,1,2,1,14,7,0,0,0,0,2,9,20,70,5,4,21,25,25,4,4,31,31,1,1,1,1,11,11,10,10,60,70,3,3,2,2,2,2,4,2,363609418,1395117302,36.602616,139.854806,5,3,9999,9999,1,1
true,41,101,330,2,0,1,20000,0,201,2023,12,16,8,54,12,6,45,16,26,2,2,1,1,8,9,22,9,22,15,9,30,70,1,2,21,45,35,4,4,31,31,1,1,1,1,1,1,3,3,10,30,1,1,2,2,2,2,4,2,363414678,1395133404,36.570744,139.859279,7,3,9999,9999,1,1
true,41,101,331,2,0,1,30000,0,201,2023,12,6,18,30,22,6,38,16,25,1,2,1,1,7,1,21,9,22,15,9,30,70,5,2,21,65,1,4,51,31,41,1,0,1,0,11,0,10,0,10,10,3,3,2,0,2,0,4,2,363301778,1395057253,36.550494,139.849237,4,3,9999,0,9,0
true,41,101,332,2,0,1,10640,0,201,2023,12,16,3,27,22,6,45,16,26,1,1,1,14,1,0,0,0,0,3,9,1,70,4,2,21,25,55,3,4,31,31,1,1,1,1,11,11,4,4,10,30,3,3,2,2,2,2,4,2,363351480,1395311692,36.5643,139.886581,7,3,9999,9999,1,5
true,41,101,333,2,0,1,10060,0,201,2023,12,19,18,4,22,6,47,16,27,2,1,1,14,7,0,0,0,0,3,9,1,70,1,2,21,45,35,3,4,31,31,1,1,1,1,11,11,10,10,10,30,3,3,2,2,2,2,4,2,363259320,1395126995,36.549811,139.857499,3,3,9999,9999,9,1
true,41,101,334,2,0,1,10700,0,201,2023,12,6,8,0,12,6,38,16,25,1,3,1,1,7,9,22,9,22,14,9,30,70,5,4,21,35,25,4,36,31,31,1,0,2,0,11,11,10,2,0,0,4,3,2,0,2,0,4,2,363506097,1394958958,36.585027,139.833044,4,3,9999,9999,1,9
true,41,101,335,2,0,1,10350,0,201,2023,12,21,12,25,12,6,48,16,28,2,2,1,14,1,0,0,0,0,4,9,1,70,5,2,1,45,75,17,61,1,0,11,0,2,0,11,0,3,0,80,0,3,0,2,0,2,0,4,2,363311704,1395313002,36.553251,139.886945,5,3,9999,0,1,0
true,41,101,336,2,0,1,10020,0,201,2023,12,19,16,23,13,6,47,16,27,2,1,1,1,1,9,22,9,22,18,9,30,70,4,2,21,25,35,4,14,31,31,1,11,1,1,11,11,10,2,10,20,2,3,1,1,2,2,2,4,363311905,1395155652,36.553307,139.865459,3,3,9999,9999,1,1
true,41,101,337,2,0,1,30000,0,201,2023,12,23,8,56,12,6,49,16,29,1,2,1,1,7,9,22,0,0,11,9,30,70,4,2,1,55,1,3,61,31,0,1,0,1,0,0,0,5,0,80,0,3,0,2,0,2,0,4,2,363414606,1395139384,36.570724,139.86094,7,3,9999,0,9,0
true,41,101,338,2,0,1,10030,0,201,2023,12,25,10,38,12,6,50,16,30,1,1,1,14,7,0,0,0,0,5,9,1,70,1,2,21,35,35,3,3,31,31,1,1,1,1,11,11,10,10,10,30,2,2,1,2,2,2,4,2,363332479,1395103640,36.559022,139.851011,2,3,9999,9999,1,1
true,41,101,339,2,0,3,1190,0,201,2023,2,7,17,10,13,6,37,17,12,2,1,1,14,1,0,0,0,0,4,9,1,70,4,2,21,25,45,3,14,31,31,1,11,1,1,11,11,3,3,10,31,2,2,2,2,2,2,4,2,363403216,1395206442,36.56756,139.868456,3,3,9999,9999,1,1
true,41,101,340,2,0,1,30000,0,201,2023,11,25,12,5,12,6,27,16,27,1,3,1,1,7,9,22,1,22,14,9,30,70,4,2,21,55,45,3,4,31,31,1,1,1,1,11,11,3,10,50,80,2,2,2,2,2,2,2,4,363316402,1395016919,36.554556,139.838033,7,3,9999,9999,9,1
true,41,101,341,2,0,1,99000,0,201,2023,11,22,8,15,12,6,24,16,28,1,3,1,0,7,0,0,0,0,0,0,20,70,0,4,21,55,65,3,4,31,31,1,1,1,1,11,11,10,10,70,60,3,3,2,2,2,2,2,4,363626712,1395122961,36.60742,139.856378,4,2,9999,9999,9,9
true,41,101,342,2,0,1,99000,0,201,2023,11,19,1,10,22,6,21,16,30,2,1,1,0,7,0,0,0,0,0,0,20,70,0,4,1,1,1,3,61,31,0,1,0,1,0,11,0,10,0,20,0,3,0,2,0,2,0,4,2,363336151,1395311119,36.560042,139.886422,1,3,9999,0,1,0
true,41,101,343,2,0,2,30000,0,201,2023,12,22,16,18,13,6,49,16,29,1,2,1,14,7,0,0,0,0,3,9,1,70,4,2,21,45,65,3,4,31,31,1,1,1,1,1,1,3,3,10,30,3,3,2,2,2,2,4,2,363449573,1395148413,36.580437,139.863448,6,3,9999,9999,1,9
true,41,101,344,2,0,2,10030,0,201,2023,12,20,9,23,12,6,48,16,28,1,2,1,14,1,0,0,0,0,4,9,1,70,4,2,21,55,0,3,0,31,0,1,0,2,0,1,0,4,0,36,0,2,0,2,0,2,0,2,0,363331255,1395155692,36.558682,139.86547,4,3,9999,0,9,0
true,41,101,345,2,0,1,30030,0,201,2023,12,29,1,15,22,6,52,16,33,1,1,1,1,1,9,22,0,0,15,9,30,70,4,2,1,25,1,3,61,31,0,1,0,1,0,11,0,3,0,10,0,3,0,2,0,2,0,4,2,363326474,1395258206,36.557354,139.882835,6,3,9999,0,1,0
true,41,101,346,2,0,1,30000,0,201,2023,12,29,13,13,12,6,52,16,33,1,3,1,14,7,0,0,0,0,3,9,1,70,4,2,41,55,0,51,76,41,0,0,0,0,0,0,0,0,0,10,0,3,0,0,0,0,0,2,0,363458289,1394956539,36.582858,139.832372,6,3,0,0,0,0
true,41,101,347,2,0,1,1190,0,201,2023,12,30,13,54,12,6,52,16,34,1,1,1,1,7,1,21,0,0,14,9,30,70,4,2,1,45,75,3,61,31,0,1,0,1,0,11,0,4,0,20,0,3,0,2,0,2,0,4,2,363452676,1395206809,36.581299,139.868558,7,3,9999,0,1,0
true,41,101,348,2,0,1,30000,0,201,2023,12,13,19,52,22,6,43,16,25,1,1,1,14,7,0,0,0,0,3,9,1,70,4,3,21,45,45,3,4,31,31,1,1,1,1,11,11,10,10,80,50,3,3,2,2,2,2,2,4,363331806,1395116805,36.558835,139.854668,4,3,9999,9999,1,1
true,41,102,320,2,0,1,30000,0,361,2023,11,20,9,23,12,6,22,16,29,1,3,1,1,7,1,21,9,22,11,9,30,70,5,4,21,45,25,4,4,31,31,1,1,1,1,11,11,10,10,10,20,3,3,2,2,2,2,4,2,362816342,1394912680,36.471206,139.820189,2,3,9999,9999,1,5
true,41,102,321,2,0,1,99000,0,203,2023,12,2,14,5,12,6,34,16,25,1,2,1,0,7,0,0,0,0,0,0,20,70,0,4,1,65,75,3,61,31,0,1,0,1,0,11,0,10,0,80,0,3,0,2,0,2,0,4,2,362349214,1394417743,36.397004,139.738262,7,3,9999,0,9,0
true,41,102,322,2,0,1,23090,0,203,2023,12,3,9,49,12,6,35,16,25,1,3,1,14,7,0,0,0,0,3,8,1,70,1,2,41,55,0,51,76,41,0,0,0,0,0,0,0,0,0,40,0,3,0,0,0,0,0,2,0,362158871,1394258018,36.366353,139.716116,1,3,0,0,0,0
true,41,102,323,2,0,1,30000,0,361,2023,11,14,13,32,12,6,16,16,33,1,2,1,1,7,9,22,0,0,14,9,30,70,4,2,21,45,0,4,0,31,0,1,0,1,0,11,0,3,0,30,0,3,0,2,0,2,0,2,0,362520539,1394814522,36.422372,139.804034,3,3,9999,0,1,0
true,41,102,324,2,0,1,10320,0,203,2023,12,5,12,0,12,6,37,16,25,2,3,1,1,2,9,22,0,0,18,9,30,70,1,2,1,75,55,14,61,31,0,11,0,1,0,11,0,4,0,0,0,4,0,2,0,2,0,4,2,362506874,1394131772,36.418576,139.692159,3,3,791,0,9,0
true,41,102,325,2,0,1,30000,0,203,2023,12,6,15,10,12,6,38,16,25,1,2,1,1,7,9,22,0,0,14,9,30,70,5,2,1,45,1,4,61,31,0,1,0,1,0,11,0,2,0,80,0,3,0,2,0,2,0,4,2,361902960,1393920023,36.317489,139.655562,4,3,9999,0,9,0
true,41,102,326,2,0,1,30000,0,361,2023,12,7,0,17,22,6,38,16,25,1,3,1,14,7,0,0,0,0,3,7,1,70,5,4,41,35,0,3,75,31,0,1,0,1,0,11,0,10,0,16,0,1,0,1,0,2,0,4,0,362746152,1394947309,36.46282,139.829808,5,3,9999,0,1,0
true,41,102,327,2,0,1,30000,0,203,2023,12,6,15,55,13,6,38,16,25,1,3,1,1,7,9,22,0,0,15,9,30,70,5,4,41,1,0,51,76,41,0,0,0,0,0,0,0,0,0,40,0,3,0,0,0,0,0,2,0,362352494,1394437860,36.397915,139.74385,4,3,0,0,0,0
true,41,102,328,2,0,1,22690,0,203,2023,12,7,7,37,11,6,38,16,25,1,2,1,1,7,9,22,0,0,14,9,30,70,5,4,1,55,1,4,61,31,0,1,0,1,0,11,0,3,0,80,0,3,0,2,0,2,0,4,2,362225738,1394253651,36.373816,139.714903,5,3,9999,0,9,0
true,41,102,329,2,0,2,30000,0,203,2023,12,8,8,3,12,6,39,16,25,1,3,1,13,7,0,0,0,0,3,5,1,70,4,2,21,65,75,4,14,31,31,1,11,1,1,11,11,4,4,57,50,1,1,1,1,2,2,2,2,362057970,1394033755,36.349436,139.676043,6,3,9999,683,9,9
true,41,102,330,2,0,1,30000,0,203,2023,12,8,16,41,21,6,39,16,25,1,3,1,1,1,9,22,9,22,11,9,30,70,5,4,21,55,65,3,51,31,41,1,0,1,0,11,0,3,0,10,40,3,3,2,0,2,0,4,2,362229032,1394441885,36.374731,139.744968,6,3,9999,0,9,0
true,41,102,331,2,0,1,30000,0,203,2023,12,10,9,7,12,6,41,16,25,1,2,1,13,7,0,0,0,0,2,6,1,70,5,4,41,65,0,51,76,41,0,0,0,0,0,0,0,0,0,0,0,3,0,0,0,0,0,2,0,361835788,1394202516,36.309941,139.700699,1,3,0,0,0,0
true,41,102,332,2,0,2,500,628,203,2023,12,9,18,36,22,6,40,16,25,1,3,1,1,7,9,22,9,22,15,9,30,70,1,2,21,65,25,17,3,31,31,11,1,1,1,11,11,5,5,80,50,1,1,1,1,2,2,4,2,361820797,1394114140,36.305777,139.687261,7,3,9999,9999,9,5
true,41,102,333,2,0,1,30000,0,203,2023,12,2,6,35,11,6,34,16,25,1,2,1,14,7,0,0,0,0,2,9,1,70,5,4,21,35,45,4,4,31,31,1,1,1,1,11,11,10,10,10,10,3,3,2,2,2,2,4,2,362210070,1394422232,36.369464,139.739509,7,3,9999,9999,1,1
true,41,102,334,2,0,1,30000,0,203,2023,12,9,7,12,11,6,40,16,25,1,3,1,1,7,9,22,4,21,15,9,30,70,5,2,21,45,45,3,3,31,31,1,1,1,1,11,11,10,10,50,10,2,2,2,2,2,2,4,2,361751310,1393735000,36.297586,139.626389,7,3,9999,9999,9,5
true,41,102,335,2,0,1,30000,0,203,2023,12,12,22,35,22,6,42,16,25,1,3,1,14,7,0,0,0,0,1,9,1,70,5,4,41,65,0,51,76,41,0,0,0,0,0,0,0,0,0,20,0,3,0,0,0,0,0,2,0,362210222,1394431409,36.369506,139.742058,3,3,0,0,0,0
true,41,102,336,2,0,2,10020,0,361,2023,10,31,7,11,12,6,2,16,46,1,3,1,14,7,0,0,0,0,4,9,1,70,1,2,21,1,25,3,4,31,31,1,1,1,1,11,11,5,5,31,10,2,3,2,2,2,2,2,4,362535386,1394741978,36.426496,139.794994,3,3,9999,9999,1,1
true,41,102,337,2,0,4,10750,0,203,2023,12,10,14,27,12,6,41,16,25,1,3,1,14,7,0,0,0,0,3,8,1,70,4,3,21,25,45,3,3,31,31,1,1,1,1,11,11,3,3,80,80,2,2,2,1,2,2,4,2,362331934,1394050545,36.392204,139.680707,1,3,9999,9999,5,1
true,41,102,338,2,0,1,30000,0,361,2023,12,15,15,27,13,6,45,16,26,1,3,1,1,7,9,22,9,22,14,9,30,70,5,3,21,75,1,4,51,31,41,1,0,1,0,11,0,3,0,20,40,3,3,2,0,2,0,4,2,362854422,1394934414,36.481784,139.826226,6,3,444,0,9,0
true,41,102,339,2,0,1,30000,0,361,2023,11,17,16,55,21,6,19,16,31,2,2,1,1,7,1,21,9,22,15,9,30,70,4,2,21,1,45,3,4,31,31,1,1,1,1,11,11,5,3,85,10,2,2,1,2,2,2,4,2,362801456,1395015162,36.467071,139.837545,6,3,9999,9999,1,1
true,41,102,340,2,0,1,10310,0,203,2023,12,18,18,11,22,6,47,16,27,1,2,1,14,7,0,0,0,0,3,9,1,70,5,2,21,55,25,3,13,31,31,1,11,1,1,11,11,4,4,50,70,3,3,2,2,2,2,4,2,362127230,1394529077,36.357564,139.758077,2,3,9999,9999,9,4
true,41,102,341,2,0,1,10310,0,203,2023,12,10,18,55,22,6,41,16,25,1,1,1,7,1,0,0,0,0,2,9,1,70,4,1,21,45,35,3,3,31,31,1,1,1,1,11,11,3,3,10,30,3,3,2,2,2,2,4,2,362224329,1394354735,36.373425,139.731871,1,3,9999,9999,1,5
true,41,102,342,2,0,1,99000,0,203,2023,12,9,17,20,21,6,40,16,25,1,3,1,0,7,0,0,0,0,0,0,20,70,0,4,21,1,35,3,14,31,1,1,11,1,1,11,11,10,10,50,30,3,3,2,2,2,2,2,4,362359082,1394529196,36.399745,139.75811,7,3,9999,9999,1,5
true,41,102,343,2,0,2,30000,0,203,2023,12,21,19,6,22,6,48,16,28,1,3,1,14,7,0,0,0,0,3,9,1,70,5,4,1,75,45,4,61,31,0,1,0,1,0,11,0,10,0,10,0,2,0,2,0,2,0,4,2,362331315,1394708509,36.392032,139.785697,5,3,673,0,9,0
true,41,102,344,2,0,1,21840,0,361,2023,12,7,17,55,22,6,38,16,25,1,2,1,7,1,0,0,0,0,2,9,1,70,4,4,21,45,25,4,4,31,31,1,1,1,1,11,11,10,10,10,30,3,3,2,2,2,2,4,2,362916062,1395001946,36.487795,139.833874,5,3,9999,9999,1,1
true,41,102,345,2,0,1,30000,0,203,2023,12,22,19,45,22,6,49,16,29,1,2,1,7,7,0,0,0,0,1,9,1,70,5,2,1,55,55,4,61,31,0,1,0,1,0,11,0,3,0,10,0,3,0,2,0,2,0,4,2,362039894,1394227824,36.344415,139.707729,6,3,9999,0,9,0
true,41,102,346,2,0,2,10020,0,203,2023,12,21,22,10,22,6,48,16,28,1,3,1,14,7,0,0,0,0,3,9,1,70,1,2,21,55,1,4,4,31,31,1,1,1,1,11,11,4,4,20,10,2,2,2,2,2,2,2,2,362356353,1394532069,36.398987,139.758908,5,3,9999,9999,9,1
true,41,102,347,2,0,3,10310,0,203,2023,12,23,9,57,12,6,49,16,29,1,2,1,14,7,0,0,0,0,4,9,1,70,4,2,21,65,45,3,4,31,31,1,1,1,1,11,11,4,4,10,60,3,2,2,2,2,2,4,2,362225295,1394403822,36.373693,139.734395,7,3,9999,9999,9,9
true,41,102,348,2,0,1,10670,0,203,2023,12,24,18,2,22,6,50,16,30,1,3,1,1,7,9,22,0,0,15,9,30,70,5,2,1,65,65,4,61,31,0,1,0,1,0,11,0,3,0,50,0,2,0,2,0,2,0,4,2,361907957,1393913946,36.318877,139.653874,1,3,9999,0,9,0
true,41,102,349,2,0,1,30000,0,203,2023,12,12,7,50,12,6,42,16,25,3,3,1,1,7,9,22,9,22,14,6,30,70,5,4,21,45,25,3,3,31,31,1,1,1,1,11,11,3,3,50,50,2,2,2,2,2,2,4,2,362315143,1394205325,36.38754,139.701479,3,3,9999,9999,9,1
true,41,102,350,2,0,1,500,570,203,2023,12,27,7,44,11,6,51,16,32,1,3,1,14,7,0,0,0,0,4,9,1,70,1,2,21,55,45,17,3,31,31,11,1,2,1,11,11,5,5,10,31,3,2,2,2,2,2,4,2,361801912,1393759210,36.300531,139.633114,4,3,9999,9999,9,9
true,41,102,351,2,0,1,10020,0,361,2023,12,21,16,50,21,6,48,16,28,1,2,1,13,7,0,0,0,0,3,3,1,70,1,2,21,45,45,3,4,31,31,1,1,1,1,11,11,4,4,10,30,2,3,2,2,2,2,4,2,362726021,1394929557,36.457228,139.824877,5,3,9999,9999,9,1
true,41,102,352,2,0,1,23110,0,203,2023,12,10,16,48,21,6,41,16,25,1,2,1,1,1,9,22,0,0,15,9,30,70,5,2,1,25,65,3,61,31,0,1,0,1,0,11,0,3,0,50,0,3,0,2,0,2,0,4,2,362011587,1394213795,36.336552,139.703832,1,3,9999,0,1,0
true,41,102,353,2,0,1,2930,0,203,2023,12,30,8,10,12,6,52,16,34,1,3,3,13,7,0,0,0,0,4,1,1,70,5,4,21,45,35,14,35,31,31,11,0,1,0,11,11,10,10,58,24,2,2,2,0,2,0,4,2,362523592,1393848998,36.42322,139.646944,7,3,9999,9999,1,1
true,41,102,354,2,0,1,10020,0,361,2023,11,25,13,9,12,6,27,16,27,1,3,1,14,1,0,0,0,0,4,9,1,70,1,2,21,1,65,3,3,31,31,1,1,1,1,11,11,10,10,10,30,3,3,2,2,2,2,4,2,362535828,1394741798,36.426619,139.794944,7,3,9999,9999,1,9
true,41,103,275,2,0,1,30000,0,202,2023,11,24,7,55,12,6,26,16,27,1,2,1,1,7,2,21,9,22,14,9,30,70,5,4,21,35,45,3,3,31,31,1,1,2,2,11,1,10,10,80,70,2,3,2,2,2,2,4,2,362159054,1392309377,36.366404,139.385938,6,3,9999,9999,1,5
true,41,103,276,2,0,2,10670,0,202,2023,12,4,9,24,12,6,36,16,25,1,1,1,1,2,1,21,9,22,15,9,30,70,4,2,21,75,65,4,4,31,31,1,1,1,1,11,11,10,3,60,81,3,1,2,1,2,1,4,2,361932462,1392851676,36.325684,139.481021,2,3,100,9999,9,9
true,41,103,277,2,0,1,30000,0,202,2023,12,1,20,18,22,6,33,16,25,1,2,1,14,7,0,0,0,0,2,9,1,70,5,2,21,75,25,3,4,31,31,1,1,1,1,11,11,2,3,80,60,3,3,2,2,2,2,4,2,361908310,1392655666,36.318975,139.448796,6,3,364,9999,9,1