資料区分,都道府県コード,警察署等コード,本票番号,事故内容,死者数,負傷者数,路線コード,地点コード,市区町村コード,発生日時　　年,発生日時　　月,発生日時　　日,発生日時　　時,発生日時　　分,昼夜,日の出時刻　　時,日の出時刻　　分,日の入り時刻　　時,日の入り時刻　　分,天候,地形,路面状態,道路形状,信号機,一時停止規制　標識（当事者A）,一時停止規制　表示（当事者A）,一時停止規制　標識（当事者B）,一時停止規制　表示（当事者B）,車道幅員,道路線形,衝突地点,ゾーン規制,中央分離帯施設等,歩車道区分,事故類型,年齢（当事者A）,年齢（当事者B）,当事者種別（当事者A）,当事者種別（当事者B）,用途別（当事者A）,用途別（当事者B）,車両形状等（当事者A）,車両形状等（当事者B）,オートマチック車（当事者A）,オートマチック車（当事者B）,サポカー（当事者A）,サポカー（当事者B）,速度規制（指定のみ）（当事者A）,速度規制（指定のみ）（当事者B）,車両の衝突部位（当事者A）,車両の衝突部位（当事者B）,車両の損壊程度（当事者A）,車両の損壊程度（当事者B）,エアバッグの装備（当事者A）,エアバッグの装備（当事者B）,サイドエアバッグの装備（当事者A）,サイドエアバッグの装備（当事者B）,人身損傷程度（当事者A）,人身損傷程度（当事者B）,地点　緯度（北緯）,地点　経度（東経）,地点　緯度（北緯）_1,地点　経度（東経）_1,曜日(発生年月日),祝日(発生年月日),認知機能検査経過日数（当事者A）,認知機能検査経過日数（当事者B）,運転練習の方法（当事者A）,運転練習の方法（当事者B）
true,41,103,278,2,0,1,30000,0,202,2023,12,5,7,20,11,6,37,16,25,2,1,1,1,7,1,21,9,22,15,9,30,70,5,2,21,65,45,3,51,31,41,1,0,1,0,11,0,10,0,80,10,3,2,2,0,2,0,4,2,362035642,1392802348,36.343234,139.467319,3,3,9999,0,9,0
true,41,103,279,2,0,1,30000,0,202,2023,9,21,7,55,12,5,27,17,40,2,2,1,14,7,0,0,0,0,2,9,1,70,5,4,21,25,65,4,14,31,31,1,11,2,2,11,11,10,10,10,10,2,2,1,2,2,2,4,2,362109061,1392343663,36.352517,139.395462,5,3,9999,9999,1,9
true,41,103,280,1,1,0,10670,0,202,2023,12,9,16,43,21,6,40,16,25,1,2,1,7,7,0,0,0,0,3,9,1,70,5,2,21,35,45,3,31,31,31,1,0,1,0,1,11,3,3,10,10,3,2,1,0,2,0,4,1,362035812,1392456394,36.343281,139.415665,7,3,9999,9999,5,5
true,41,103,281,2,0,1,30000,0,202,2023,12,9,16,16,13,6,40,16,25,1,3,1,14,7,0,0,0,0,1,9,20,70,5,4,41,25,0,13,76,31,0,11,0,1,0,11,0,10,0,0,0,4,0,2,0,2,0,4,0,362229971,1392904247,36.374992,139.484513,7,3,9999,0,1,0
true,41,103,282,2,0,1,2930,0,202,2023,12,3,20,0,22,6,35,16,25,1,2,1,14,1,0,0,0,0,3,9,1,70,4,1,21,1,45,3,4,31,31,1,1,1,1,11,11,4,4,10,30,3,3,2,2,2,2,4,4,361855307,1392647234,36.315363,139.446454,1,3,9999,9999,1,1
true,41,103,283,2,0,1,30000,0,202,2023,12,4,14,24,12,6,36,16,25,1,2,1,1,1,9,22,9,22,15,9,30,70,4,4,21,75,25,3,13,31,31,1,11,1,1,11,11,2,2,50,40,3,3,2,2,2,2,4,2,362149997,1392311692,36.363888,139.386581,2,3,878,9999,9,5
true,41,103,284,2,0,1,2930,0,202,2023,12,13,8,14,12,6,43,16,25,1,1,1,1,1,1,21,9,22,18,9,30,70,4,2,21,75,1,4,51,31,41,1,0,1,0,1,0,10,0,50,14,3,3,2,0,2,0,4,2,362047616,1392730784,36.34656,139.458551,4,3,221,0,9,0
true,41,103,285,2,0,1,10400,0,202,2023,12,13,17,40,22,6,43,16,25,1,1,1,14,7,0,0,0,0,3,9,1,70,4,1,21,55,75,4,51,31,41,1,0,1,0,1,0,4,0,18,30,3,3,2,0,2,0,4,2,362102318,1392804213,36.350644,139.467837,4,3,9999,0,9,0
true,41,103,286,2,0,1,30000,0,202,2023,10,8,13,10,12,5,41,17,15,2,2,1,14,7,0,0,0,0,3,9,1,70,5,2,21,45,65,4,14,31,31,1,11,2,2,11,11,3,3,80,10,3,3,2,2,2,2,4,2,362021163,1392630304,36.339212,139.441751,1,2,9999,9999,1,9
true,41,103,287,2,0,1,30000,0,202,2023,11,17,5,53,23,6,19,16,31,3,2,2,1,3,9,22,9,22,15,9,30,70,5,4,21,1,55,17,51,31,41,11,0,2,0,11,0,10,0,10,42,3,3,2,0,2,0,4,2,362123306,1392406318,36.356474,139.401755,6,3,9999,0,1,0
true,41,103,288,2,0,1,30000,0,202,2023,12,15,13,44,12,6,45,16,26,1,1,1,1,7,9,22,1,22,18,9,30,70,4,2,21,25,55,4,36,31,31,1,0,1,0,11,11,10,2,60,10,3,3,2,0,2,0,4,2,362000892,1392658402,36.333581,139.449556,6,3,9999,9999,1,1
true,41,103,289,2,0,1,30000,0,202,2023,12,15,23,42,22,6,45,16,26,2,2,1,7,7,0,0,0,0,3,9,1,70,5,4,1,55,55,3,61,1,0,1,0,1,0,11,0,10,0,0,0,3,0,2,0,2,0,4,2,361903374,1392623777,36.317604,139.439938,6,3,9999,0,9,0
true,41,103,290,2,0,1,10400,0,202,2023,12,16,23,50,22,6,45,16,26,1,3,1,14,7,0,0,0,0,4,9,1,70,4,2,21,55,35,4,4,31,31,1,1,1,1,11,11,2,4,50,50,2,3,1,1,1,1,4,2,361847970,1392758158,36.313325,139.466155,7,3,9999,9999,9,1
true,41,103,291,2,0,1,99000,0,202,2023,11,28,12,11,12,6,30,16,26,1,2,1,0,7,0,0,0,0,0,0,20,70,0,4,21,35,75,3,4,31,31,1,1,1,1,11,11,10,10,80,60,3,3,2,2,2,2,2,4,362034631,1392521641,36.342953,139.422678,3,3,9999,731,1,9
true,41,103,292,2,0,1,30000,0,202,2023,12,21,17,9,21,6,48,16,28,1,2,1,7,7,0,0,0,0,1,9,20,1,5,3,1,65,35,3,61,31,0,1,0,1,0,1,0,2,0,0,0,3,0,2,0,2,0,4,2,361922098,1392921120,36.322805,139.4892,5,3,9999,0,9,0
true,41,103,293,2,0,2,99000,0,202,2023,8,23,15,35,12,5,4,18,22,1,3,1,0,7,0,0,0,0,0,0,20,70,0,4,21,75,55,3,3,31,31,1,1,1,1,11,11,10,10,50,40,3,3,2,2,2,2,2,2,361855332,1392642425,36.31537,139.445118,4,3,413,9999,9,9
true,41,103,294,2,0,1,30000,0,202,2023,12,19,15,43,13,6,47,16,27,1,3,1,14,7,0,0,0,0,1,9,1,70,5,4,21,25,45,3,13,31,31,1,11,1,1,11,11,10,10,80,30,3,3,2,2,2,2,2,4,361917692,1392637234,36.321581,139.443676,3,3,9999,9999,5,9
true,41,103,295,2,0,1,10670,0,202,2023,12,19,16,10,13,6,47,16,27,2,2,1,14,7,0,0,0,0,2,9,1,70,4,2,21,1,1,3,4,31,31,1,1,1,1,11,11,3,3,10,30,3,3,2,2,2,2,4,2,362021541,1392617909,36.339317,139.438308,3,3,9999,9999,1,1
true,41,103,296,2,0,1,10670,0,202,2023,12,22,12,15,12,6,49,16,29,1,2,1,1,1,9,22,0,0,15,9,30,70,4,2,1,75,75,4,61,31,0,1,0,1,0,11,0,10,0,50,0,3,0,2,0,2,0,4,2,361944155,1392823329,36.328932,139.473147,6,3,596,0,9,0
true,41,103,297,2,0,1,30000,0,202,2023,12,28,16,27,13,6,51,16,32,1,2,1,14,7,0,0,0,0,3,9,1,70,4,2,1,55,75,13,61,31,0,11,0,1,0,11,0,10,0,10,0,3,0,2,0,2,0,4,2,362143924,1392336409,36.362201,139.393447,5,3,9999,0,9,0
true,41,103,298,2,0,1,10670,0,202,2023,12,29,17,23,21,6,52,16,33,1,3,1,14,7,0,0,0,0,1,9,1,70,5,2,1,65,65,3,61,31,0,1,0,1,0,11,0,3,0,80,0,3,0,2,0,2,0,4,2,361855969,1393111035,36.315547,139.519732,6,3,9999,0,9,0
true,41,103,299,2,0,1,20000,0,202,2023,12,19,17,55,22,6,47,16,27,1,2,1,14,7,0,0,0,0,2,9,1,70,4,2,21,45,45,3,3,31,31,1,1,1,1,11,11,3,3,10,30,3,3,2,2,2,2,4,2,362035484,1392418853,36.34319,139.405237,3,3,9999,9999,4,9
true,41,104,241,2,0,1,10670,0,204,2023,9,23,9,8,12,5,28,17,37,2,1,1,14,1,0,0,0,0,1,9,1,70,4,2,21,45,35,3,4,31,31,1,1,1,1,11,11,3,3,30,10,3,3,2,2,2,2,2,4,361848491,1393324839,36.31347,139.5569,7,1,9999,9999,1,1
true,41,104,242,2,0,1,22700,0,204,2023,12,1,17,32,22,6,33,16,25,2,1,1,14,7,0,0,0,0,3,9,1,70,4,2,21,35,35,3,3,31,31,1,1,1,1,1,1,4,4,80,60,3,3,2,2,2,2,4,2,361757894,1393614558,36.299415,139.604044,6,3,9999,9999,1,1
true,41,104,243,2,0,1,30000,0,204,2023,12,1,20,48,22,6,33,16,25,1,3,1,1,7,9,22,1,21,14,9,30,70,5,4,21,35,1,3,51,31,41,1,0,1,0,11,0,10,0,50,10,3,2,2,0,2,0,4,2,361853453,1393526970,36.314848,139.590825,6,3,9999,0,1,0
true,41,104,244,1,1,0,30000,0,204,2023,12,4,21,8,22,6,36,16,25,1,2,1,7,7,0,0,0,0,3,9,1,70,4,2,1,55,75,3,61,31,0,1,0,1,0,11,0,3,0,10,0,2,0,2,0,2,0,4,1,361759482,1393444249,36.299856,139.578958,2,3,9999,0,9,0
true,41,104,245,2,0,1,30000,0,204,2023,12,6,15,10,12,6,38,16,25,1,3,1,14,7,0,0,0,0,2,9,1,70,5,4,1,1,0,61,0,0,0,0,0,0,0,0,0,0,0,0,0,0,0,0,0,0,0,2,0,361717336,1393550957,36.288149,139.597488,4,3,0,0,0,0
true,41,104,246,2,0,1,10670,0,204,2023,12,8,16,11,13,6,39,16,25,1,2,1,14,7,0,0,0,0,2,8,1,70,4,1,41,65,0,51,75,41,0,0,0,0,0,0,0,0,0,40,0,3,0,0,0,0,0,2,0,361849216,1393412824,36.313671,139.570229,6,3,0,0,0,0
true,41,104,247,2,0,1,10160,0,204,2023,12,9,17,10,21,6,40,16,25,1,1,1,1,7,9,22,9,22,17,9,30,70,4,2,21,45,45,3,14,31,31,1,11,1,1,11,11,4,4,80,10,2,2,2,1,2,2,4,2,361918412,1393527272,36.321781,139.590909,7,3,9999,9999,9,5
true,41,104,248,2,0,1,30000,0,204,2023,12,9,17,18,21,6,40,16,25,1,1,1,14,7,0,0,0,0,1,9,1,70,5,2,1,45,55,4,61,31,0,1,0,1,0,11,0,10,0,11,0,2,0,2,0,2,0,4,2,361855051,1393530692,36.315292,139.591859,7,3,9999,0,1,0
true,41,104,249,2,0,1,500,542,204,2023,12,12,5,55,23,6,42,16,25,3,2,2,1,1,9,22,9,22,18,9,30,70,1,2,21,55,55,3,51,31,41,1,0,1,0,1,0,10,0,50,40,3,3,2,0,2,0,4,2,361747055,1393614411,36.296404,139.604003,3,3,9999,0,1,0
true,41,104,250,2,0,3,20000,0,204,2023,12,9,15,46,13,6,40,16,25,1,1,1,14,7,0,0,0,0,1,9,1,70,5,2,21,75,25,3,3,31,31,1,1,1,1,11,11,3,3,11,33,3,3,2,2,2,2,4,2,361921572,1393512732,36.322659,139.58687,7,3,852,9999,1,1
true,41,104,251,2,0,1,22700,0,204,2023,12,11,16,31,21,6,42,16,25,1,3,1,1,1,9,22,0,0,15,9,30,70,1,2,21,1,0,51,0,41,0,0,0,0,0,0,0,0,0,20,0,3,0,0,0,0,0,2,0,361851300,1393354965,36.31425,139.565268,2,3,0,0,0,0
true,41,104,252,2,0,1,10090,0,204,2023,12,13,12,50,12,6,43,16,25,1,2,1,1,1,9,22,9,22,15,9,30,70,4,2,21,65,75,3,51,31,41,1,0,1,0,11,0,4,0,80,10,3,3,2,0,2,0,4,2,361818940,1393529818,36.305261,139.591616,4,3,9999,0,9,0
true,41,104,253,2,0,1,30000,0,204,2023,12,15,7,25,11,6,45,16,26,2,2,2,1,7,1,21,9,22,14,9,30,70,5,2,21,55,45,3,4,31,31,1,1,1,1,11,11,2,3,10,40,2,2,2,2,2,2,4,2,362036812,1393432891,36.343559,139.575803,6,3,9999,9999,9,9
true,41,104,254,2,0,1,20000,0,204,2023,12,15,14,43,12,6,45,16,26,1,2,1,14,7,0,0,0,0,2,9,1,70,4,4,21,65,1,3,4,31,31,1,1,1,1,11,11,3,3,11,33,3,3,2,2,2,2,4,2,361920230,1393441790,36.322286,139.578275,6,3,9999,9999,9,1
true,41,104,255,2,0,1,10750,0,204,2023,12,16,15,10,12,6,45,16,26,1,1,1,1,7,1,21,9,22,14,9,30,70,4,2,21,75,35,3,31,31,31,1,0,1,0,1,11,10,10,10,20,3,2,2,0,2,0,4,2,361924470,1393616556,36.323464,139.604599,7,3,247,9999,9,5
true,41,104,256,2,0,1,30000,0,204,2023,12,21,21,50,22,6,48,16,28,1,3,1,1,7,9,22,0,0,15,9,30,70,5,4,41,55,0,51,76,41,0,0,0,0,0,0,0,0,0,40,0,3,0,0,0,0,0,2,0,361856927,1393325549,36.315813,139.557097,5,3,0,0,0,0
true,41,104,257,2,0,1,10160,0,204,2023,12,22,15,30,13,6,49,16,29,1,3,1,14,7,0,0,0,0,4,9,1,70,4,2,41,1,0,51,76,41,0,0,0,0,0,0,0,0,0,10,0,3,0,0,0,0,0,2,0,361929798,1393522574,36.324944,139.589604,6,3,0,0,0,0
true,41,104,258,2,0,1,30000,0,204,2023,12,23,19,30,22,6,49,16,29,2,2,1,1,7,9,22,0,0,11,9,30,70,5,4,41,75,0,51,76,41,0,0,0,0,0,0,0,0,0,40,0,3,0,0,0,0,0,2,0,361924467,1393510961,36.323463,139.586378,7,3,0,0,0,0
true,41,104,259,2,0,1,30000,0,204,2023,12,24,14,39,12,6,50,16,30,2,1,1,1,7,9,22,1,21,14,7,30,70,4,2,21,75,75,4,51,31,41,1,0,1,0,11,0,3,0,10,40,2,3,2,0,2,0,4,2,361841227,1393409761,36.311452,139.569378,1,3,984,0,9,0
true,41,104,260,2,0,1,10070,0,204,2023,12,24,17,38,22,6,50,16,30,2,2,1,1,8,9,22,9,22,18,9,30,70,4,2,21,65,55,4,4,31,31,1,1,1,1,11,11,4,3,80,20,2,2,2,2,2,2,4,2,361811725,1393359080,36.303257,139.566411,1,3,9999,9999,9,9
true,41,104,261,2,0,1,20000,0,204,2023,12,22,13,8,12,6,49,16,29,1,2,1,14,1,0,0,0,0,1,9,1,70,1,3,21,55,55,3,4,31,31,1,1,1,1,11,11,3,3,30,10,3,3,2,2,2,2,2,4,361921083,1393432988,36.322523,139.57583,6,3,9999,9999,9,9
true,41,104,262,2,0,1,20000,0,204,2023,12,11,8,32,12,6,42,16,25,2,3,1,7,7,0,0,0,0,3,9,1,70,5,2,21,65,1,3,4,31,31,1,1,1,1,11,11,3,3,30,10,3,3,2,2,2,2,2,4,361948112,1393452165,36.330031,139.581157,2,3,9999,9999,9,1
true,41,104,263,2,0,1,500,504,204,2023,12,22,7,25,11,6,49,16,29,1,3,1,7,7,0,0,0,0,2,4,20,70,5,4,21,45,45,3,3,31,31,1,1,1,1,11,11,10,10,10,30,3,3,2,2,2,2,4,2,361716670,1393346350,36.287964,139.562875,6,3,9999,9999,9,5
true,41,104,264,1,1,0,20000,0,204,2023,12,27,17,2,21,6,51,16,32,1,2,1,14,7,0,0,0,0,1,9,1,70,4,2,1,55,55,4,61,31,0,1,0,1,0,11,0,4,0,50,0,2,0,2,0,2,0,4,1,361942146,1393343459,36.328374,139.562072,4,3,9999,0,9,0
true,41,104,265,2,0,1,30000,0,204,2023,12,20,17,6,21,6,48,16,28,1,1,1,1,7,1,22,0,0,11,9,30,70,5,2,1,65,75,3,61,31,0,1,0,1,0,11,0,10,0,10,0,3,0,2,0,2,0,4,2,361857784,1393454271,36.316051,139.581742,4,3,9999,0,9,0
true,41,105,155,2,0,1,2930,0,205,2023,11,29,7,20,11,6,31,16,26,1,3,1,14,7,0,0,0,0,3,9,1,70,4,2,21,35,35,3,3,31,31,1,1,2,1,1,11,4,4,10,30,3,3,2,2,2,2,4,2,363231034,1394451976,36.541954,139.747771,4,3,9999,9999,1,1
true,41,105,156,2,0,1,1210,0,205,2023,11,21,8,7,12,6,23,16,29,1,3,1,14,7,0,0,0,0,3,9,1,70,4,2,21,25,25,3,3,31,31,1,1,1,2,11,11,5,5,10,30,3,3,2,2,2,2,4,2,363133834,1394906740,36.526065,139.818539,3,3,9999,9999,1,1
true,41,105,157,2,0,3,22410,0,205,2023,12,3,21,45,22,6,35,16,25,1,3,1,1,3,9,22,9,22,15,9,30,70,4,2,21,45,55,3,3,31,31,1,1,1,1,11,11,4,3,20,80,3,3,2,2,2,2,2,2,363308737,1394320035,36.552427,139.722232,1,3,9999,9999,5,9
true,41,105,158,2,0,1,30000,0,205,2023,12,4,17,54,22,6,36,16,25,1,1,1,14,7,0,0,0,0,3,9,1,70,4,2,1,55,75,17,61,31,0,11,0,2,0,11,0,3,0,11,0,3,0,2,0,2,0,4,2,363318144,1394454946,36.55504,139.748596,2,3,9999,0,9,0
true,41,105,159,2,0,1,22680,0,205,2023,12,5,13,52,12,6,37,16,25,2,1,1,14,7,0,0,0,0,4,9,1,70,4,2,21,75,25,4,4,31,31,1,1,1,1,11,11,4,4,80,65,2,3,2,2,2,2,4,2,363307240,1394644605,36.552011,139.779057,3,3,735,9999,9,1
true,41,105,160,2,0,1,30000,0,205,2023,12,2,11,57,12,6,34,16,25,2,3,1,14,7,0,0,0,0,3,9,1,70,4,2,21,55,65,4,4,31,31,1,1,1,1,1,1,3,3,10,30,3,3,2,2,2,2,4,2,363343369,1394508309,36.562047,139.752308,7,3,9999,9999,9,9
true,41,105,161,2,0,2,1210,0,205,2023,12,9,7,15,11,6,40,16,25,1,3,1,14,1,0,0,0,0,4,9,1,70,4,2,21,1,55,3,4,31,31,1,1,1,1,11,11,4,4,77,55,2,3,2,2,2,2,2,4,363025873,1394842962,36.507187,139.811934,7,3,9999,9999,1,9
true,41,105,162,2,0,2,10060,0,205,2023,12,19,8,26,12,6,47,16,27,2,3,1,14,7,0,0,0,0,3,9,1,70,4,2,21,45,55,3,4,31,31,1,1,1,1,11,11,4,4,30,10,2,2,2,1,2,1,2,4,363021431,1394600836,36.505953,139.766899,3,3,9999,9999,1,9
true,41,105,163,2,0,1,22400,0,205,2023,12,3,16,51,21,6,35,16,25,1,3,1,14,7,0,0,0,0,3,9,1,70,4,2,21,65,75,3,23,31,0,1,0,1,0,11,11,4,4,40,40,3,3,2,0,2,0,2,4,363354781,1394057079,36.565217,139.682522,1,3,9999,353,9,9
true,41,105,164,2,0,2,3520,0,205,2023,10,28,14,18,12,5,59,16,49,2,3,1,14,7,0,0,0,0,3,9,1,70,4,2,21,45,45,3,3,31,31,1,1,1,1,11,11,4,4,11,31,2,2,2,2,2,2,4,4,362845829,1394549694,36.479397,139.763804,7,3,9999,9999,1,9
true,41,105,165,2,0,1,30000,0,205,2023,12,10,0,3,22,6,41,16,25,1,2,1,14,7,0,0,0,0,3,9,1,70,4,2,21,35,25,3,4,31,31,1,1,1,1,11,11,4,4,50,80,3,3,2,2,2,2,2,4,363304104,1394519163,36.55114,139.755323,1,3,9999,9999,1,1
true,41,105,166,2,0,1,30000,0,205,2023,12,21,20,11,22,6,48,16,28,2,2,1,1,7,1,21,9,22,11,9,30,70,5,3,21,1,45,4,14,31,31,1,11,1,1,11,11,2,3,80,50,2,2,2,2,2,2,4,2,363313907,1394634402,36.553863,139.776223,5,3,9999,9999,1,9
true,41,105,167,2,0,2,10060,0,205,2023,12,25,16,27,13,6,50,16,30,1,3,1,14,7,0,0,0,0,3,9,1,70,1,2,21,25,35,4,4,31,31,1,1,1,2,11,11,4,4,10,30,3,3,2,2,2,2,4,2,363216843,1394834420,36.538012,139.809561,2,3,9999,9999,1,5
true,41,105,168,2,0,1,30000,0,205,2023,12,28,18,19,22,6,51,16,32,1,1,1,0,7,0,0,0,0,0,0,20,70,0,2,41,65,0,51,76,41,0,0,0,0,0,0,0,0,0,20,0,3,0,0,0,0,0,2,0,363427502,1394456918,36.574306,139.749144,5,3,0,0,0,0
true,41,106,208,2,0,1,99000,0,209,2023,12,2,13,35,12,6,34,16,25,1,1,1,0,7,0,0,0,0,0,0,20,70,0,4,41,75,0,51,76,41,0,0,0,0,0,0,0,0,0,40,0,3,0,0,0,0,0,2,0,362547359,1395914104,36.429822,139.987251,7,3,0,0,0,0
true,41,106,209,2,0,1,4080,0,209,2023,12,5,17,46,22,6,37,16,25,2,2,1,14,7,0,0,0,0,4,9,1,70,4,2,1,55,75,3,61,31,0,1,0,1,0,11,0,4,0,81,0,3,0,2,0,1,0,4,2,362646771,1395743287,36.446325,139.962024,3,3,9999,0,9,0
true,41,106,210,2,0,1,99000,0,209,2023,12,2,16,0,13,6,34,16,25,1,2,1,0,7,0,0,0,0,0,0,20,70,0,4,21,75,25,4,51,31,41,1,0,1,0,11,0,10,0,50,40,3,3,2,0,2,0,4,2,362600474,1400007985,36.433465,140.002218,7,3,1018,0,9,0
true,41,106,211,2,0,1,30000,0,209,2023,12,9,12,44,12,6,40,16,25,1,3,1,1,7,9,22,1,21,15,7,30,70,5,3,21,65,75,12,14,1,31,11,11,1,2,11,11,10,10,80,80,2,2,2,1,2,2,4,2,362302940,1395810967,36.38415,139.969713,7,3,9999,53,9,9
true,41,106,212,2,0,1,30000,0,209,2023,12,15,18,15,22,6,45,16,26,1,1,1,1,1,9,22,9,22,14,9,30,70,5,2,21,45,35,3,4,31,31,1,1,1,1,11,11,4,10,10,52,2,2,2,2,2,2,2,4,362617401,1400001832,36.438167,140.000509,6,3,9999,9999,1,1
true,41,106,213,2,0,3,30000,0,345,2023,12,16,9,32,12,6,45,16,26,2,3,2,1,7,9,22,9,22,11,9,30,70,5,4,21,65,45,3,14,31,31,1,11,1,2,11,11,10,10,50,80,1,1,2,2,2,2,2,2,363230819,1400242787,36.541894,140.045219,7,3,9999,9999,9,9
true,41,106,214,2,0,1,30000,0,342,2023,12,17,15,45,13,6,46,16,27,1,3,1,1,7,9,22,9,22,11,9,30,70,5,4,21,65,1,4,35,31,31,1,0,1,0,11,11,10,10,80,10,3,3,2,0,2,0,4,2,362858847,1400418120,36.483013,140.0717,1,3,9999,9999,9,5
true,41,106,215,2,0,1,30000,0,209,2023,12,7,10,22,12,6,38,16,25,1,2,1,1,1,9,22,9,22,15,9,30,70,4,2,21,75,1,3,3,31,31,1,1,1,1,11,11,10,4,10,20,3,3,2,2,2,2,4,2,362617430,1400001847,36.438175,140.000513,5,3,296,9999,9,1
true,41,106,216,2,0,1,2940,0,209,2023,12,18,15,15,12,6,47,16,27,1,3,1,1,1,9,22,9,22,15,9,30,70,4,2,21,55,75,3,51,31,41,1,0,1,0,11,0,4,0,80,20,3,3,1,0,2,0,4,2,362609690,1400057676,36.436025,140.016021,2,3,9999,0,9,0
true,41,106,217,2,0,1,99000,0,209,2023,12,12,1,45,22,6,42,16,25,3,2,2,0,7,0,0,0,0,0,0,20,70,0,4,21,25,45,3,14,31,31,1,11,1,1,11,11,10,10,33,30,3,3,2,2,2,2,2,4,362603257,1395829287,36.434238,139.974802,3,3,9999,9999,5,9
true,41,106,218,2,0,3,30000,0,209,2023,12,22,18,13,22,6,49,16,29,1,1,1,14,7,0,0,0,0,3,8,1,70,4,2,21,35,55,4,4,31,31,1,1,1,1,11,11,4,4,86,61,2,3,2,2,2,2,4,2,362630386,1395913351,36.441774,139.987042,6,3,9999,9999,1,9
true,41,106,219,2,0,1,4080,0,209,2023,12,23,14,55,12,6,49,16,29,1,1,1,1,1,9,22,9,22,18,9,30,70,4,4,21,75,35,3,3,31,31,1,1,1,1,11,11,4,4,40,10,1,1,2,2,2,2,4,2,362554952,1395747124,36.431931,139.96309,7,3,600,9999,5,1
true,41,106,220,2,0,1,30000,0,209,2023,12,17,11,10,12,6,46,16,27,1,1,1,1,7,1,22,9,22,15,7,30,70,4,2,21,65,25,3,3,31,31,1,1,2,1,11,11,10,10,40,10,2,1,2,1,2,2,4,2,362653423,1395922560,36.448173,139.9896,1,3,9999,9999,9,1
true,41,106,221,2,0,1,30000,0,345,2023,12,28,8,40,12,6,51,16,32,1,3,1,1,7,9,22,9,22,17,9,30,70,1,2,21,25,45,3,34,31,31,1,0,1,0,11,11,10,4,50,10,2,2,2,0,2,0,4,2,363445296,1400042430,36.579249,140.011786,5,3,9999,9999,1,9
true,41,106,222,2,0,2,10470,0,209,2023,12,28,17,30,21,6,51,16,32,1,2,1,14,7,0,0,0,0,6,9,1,70,1,2,21,45,25,3,3,31,31,1,1,1,1,11,11,4,4,10,31,1,1,1,2,2,2,4,2,362601475,1395657869,36.433743,139.949408,5,3,9999,9999,1,1
true,41,106,223,2,0,1,10470,0,209,2023,12,29,22,31,22,6,52,16,33,1,2,1,14,7,0,0,0,0,5,9,1,70,1,2,21,35,0,4,0,31,0,1,0,1,0,11,0,4,0,10,0,2,0,2,0,2,0,2,0,362602227,1395700025,36.433952,139.950007,6,3,9999,0,1,0
true,41,106,224,2,0,1,10460,0,209,2023,12,31,18,25,22,6,52,16,34,3,2,2,1,1,8,22,9,22,15,9,30,70,5,2,21,45,35,3,35,31,31,1,0,1,0,11,11,4,4,50,20,3,3,2,0,2,0,4,2,362759011,1395929274,36.466392,139.991465,1,2,9999,9999,5,1
true,41,107,375,2,0,1,30000,0,208,2023,12,1,5,35,23,6,33,16,25,1,1,1,14,7,0,0,0,0,1,9,1,70,5,4,41,65,0,51,76,41,0,0,0,0,0,0,0,0,0,40,0,3,0,0,0,0,0,2,0,362144453,1394959498,36.362348,139.833194,6,3,0,0,0,0
true,41,107,376,2,0,1,30000,0,208,2023,11,20,15,28,12,6,22,16,29,1,3,1,1,1,9,22,9,22,15,9,30,70,4,4,21,65,25,3,3,31,31,1,1,1,1,11,1,4,10,63,10,2,3,2,2,2,2,4,2,362008448,1394541321,36.33568,139.761478,2,3,9999,9999,9,1
true,41,107,377,2,0,3,41,678,208,2023,11,11,15,5,12,6,13,16,35,1,3,1,14,7,0,0,0,0,6,9,1,70,1,3,21,55,45,3,4,31,31,1,1,1,1,11,11,10,10,20,80,3,3,2,2,2,2,2,2,361514157,1394835567,36.253933,139.80988,7,3,9999,9999,9,9
true,41,107,378,2,0,1,99000,0,208,2023,11,20,17,20,21,6,22,16,29,1,3,1,0,7,0,0,0,0,0,0,20,70,0,4,21,25,0,3,0,31,0,1,0,1,0,11,0,10,0,10,0,3,0,2,0,2,0,2,0,361652640,1395006482,36.281289,139.835134,2,3,9999,0,5,0
true,41,107,379,2,0,1,99000,0,208,2023,12,2,11,35,12,6,34,16,25,1,2,1,0,7,0,0,0,0,0,0,20,70,0,4,41,65,0,51,76,41,0,0,0,0,0,0,0,0,0,40,0,3,0,0,0,0,0,2,0,361911640,1394855271,36.3199,139.815353,7,3,0,0,0,0
true,41,107,380,2,0,1,30000,0,208,2023,12,3,11,33,12,6,35,16,25,1,2,1,14,7,0,0,0,0,3,9,1,70,4,2,41,75,0,51,76,41,0,0,0,0,0,0,0,0,0,20,0,3,0,0,0,0,0,2,0,361619031,1394751788,36.271953,139.797719,1,3,0,0,0,0