資料区分,都道府県コード,警察署等コード,本票番号,事故内容,死者数,負傷者数,路線コード,地点コード,市区町村コード,発生日時　　年,発生日時　　月,発生日時　　日,発生日時　　時,発生日時　　分,昼夜,日の出時刻　　時,日の出時刻　　分,日の入り時刻　　時,日の入り時刻　　分,天候,地形,路面状態,道路形状,信号機,一時停止規制　標識（当事者A）,一時停止規制　表示（当事者A）,一時停止規制　標識（当事者B）,一時停止規制　表示（当事者B）,車道幅員,道路線形,衝突地点,ゾーン規制,中央分離帯施設等,歩車道区分,事故類型,年齢（当事者A）,年齢（当事者B）,当事者種別（当事者A）,当事者種別（当事者B）,用途別（当事者A）,用途別（当事者B）,車両形状等（当事者A）,車両形状等（当事者B）,オートマチック車（当事者A）,オートマチック車（当事者B）,サポカー（当事者A）,サポカー（当事者B）,速度規制（指定のみ）（当事者A）,速度規制（指定のみ）（当事者B）,車両の衝突部位（当事者A）,車両の衝突部位（当事者B）,車両の損壊程度（当事者A）,車両の損壊程度（当事者B）,エアバッグの装備（当事者A）,エアバッグの装備（当事者B）,サイドエアバッグの装備（当事者A）,サイドエアバッグの装備（当事者B）,人身損傷程度（当事者A）,人身損傷程度（当事者B）,地点　緯度（北緯）,地点　経度（東経）,地点　緯度（北緯）_1,地点　経度（東経）_1,曜日(発生年月日),祝日(発生年月日),認知機能検査経過日数（当事者A）,認知機能検査経過日数（当事者B）,運転練習の方法（当事者A）,運転練習の方法（当事者B）
true,41,107,381,2,0,2,20000,0,208,2023,12,1,19,10,22,6,33,16,25,1,1,1,14,1,0,0,0,0,3,8,1,70,4,2,21,25,45,4,4,31,31,1,1,1,1,11,1,3,3,10,30,3,3,2,2,2,2,4,2,361859926,1394835233,36.316646,139.809787,6,3,9999,9999,1,1
true,41,107,382,2,0,1,30000,0,208,2023,12,4,14,13,12,6,36,16,25,2,3,1,1,1,9,22,9,22,15,9,30,70,4,2,21,55,75,3,51,31,41,1,0,1,0,11,0,4,0,10,40,3,3,2,0,2,0,4,2,361904138,1395103251,36.317816,139.850903,2,3,9999,0,9,0
true,41,107,383,2,0,1,500,665,208,2023,12,3,8,13,12,6,35,16,25,1,3,1,14,1,0,0,0,0,4,9,1,70,1,2,21,25,1,3,4,31,31,1,1,1,1,11,1,10,10,30,10,3,3,2,1,2,2,2,4,361824761,1394334658,36.306878,139.726294,1,3,9999,9999,1,1
true,41,107,384,2,0,1,30000,0,364,2023,12,1,17,45,22,6,33,16,25,1,3,1,1,7,9,22,0,0,11,9,30,70,2,4,1,25,35,4,61,31,0,1,0,1,0,11,0,3,0,10,0,3,0,2,0,2,0,4,2,361323912,1394338784,36.223309,139.72744,6,3,9999,0,1,0
true,41,107,385,2,0,1,21600,0,208,2023,12,5,12,10,12,6,37,16,25,2,3,1,1,1,9,22,9,22,11,9,30,70,4,4,21,55,35,3,4,31,31,1,1,1,1,11,11,2,2,10,40,3,2,2,2,2,2,4,4,361603914,1394553640,36.267754,139.7649,3,3,9999,9999,9,1
true,41,107,386,2,0,1,20000,0,208,2023,12,8,6,44,11,6,39,16,25,1,2,1,14,7,0,0,0,0,3,9,1,70,2,2,21,35,25,4,51,31,41,1,0,1,0,11,0,10,0,80,10,3,3,2,0,2,0,4,2,361910304,1394852146,36.319529,139.814485,6,3,9999,0,1,0
true,41,107,387,2,0,1,500,740,208,2023,12,9,13,45,12,6,40,16,25,1,1,1,7,1,0,0,0,0,5,8,1,70,1,2,21,55,1,12,4,1,31,11,1,1,1,11,11,10,10,10,30,3,2,2,1,2,2,4,2,361804540,1394804082,36.301261,139.801134,7,3,9999,9999,9,1
true,41,107,388,2,0,1,22640,0,208,2023,12,9,20,38,22,6,40,16,25,1,2,1,1,1,1,21,0,0,15,9,30,70,4,2,1,25,65,3,61,31,0,1,0,1,0,11,0,2,0,50,0,3,0,2,0,2,0,4,2,361904537,1394809277,36.317927,139.802577,7,3,9999,0,5,0
true,41,107,389,2,0,1,500,777,208,2023,12,8,18,59,22,6,39,16,25,1,1,1,14,1,0,0,0,0,5,9,1,70,1,2,21,25,1,3,3,31,31,1,1,1,1,11,11,10,10,10,30,3,3,2,2,2,2,4,2,361801739,1394816027,36.300483,139.804452,6,3,9999,9999,1,1
true,41,107,390,2,0,1,41,700,208,2023,12,3,4,51,22,6,35,16,25,1,3,1,14,7,0,0,0,0,6,9,1,70,1,2,21,25,25,3,13,31,31,1,11,1,1,1,11,10,10,10,30,3,3,2,2,2,2,4,2,361600034,1394932718,36.266676,139.825755,1,3,9999,9999,1,1
true,41,107,391,2,0,2,40,830,208,2023,12,9,17,10,21,6,40,16,25,1,2,1,14,7,0,0,0,0,3,9,1,70,4,2,21,45,65,3,3,31,31,1,1,1,1,11,11,4,4,50,70,3,3,2,2,2,2,4,2,362110930,1394940984,36.353036,139.828051,7,3,9999,9999,9,9
true,41,107,392,2,0,1,20000,0,364,2023,12,13,15,48,13,6,43,16,25,1,3,1,12,7,0,0,0,0,3,9,1,70,2,2,21,35,75,3,4,31,31,1,1,1,1,11,11,4,4,50,50,3,3,2,2,2,2,2,4,361419216,1394323984,36.238671,139.723329,4,3,9999,132,1,9
true,41,107,393,2,0,1,22650,0,208,2023,12,14,8,50,12,6,44,16,26,1,1,1,1,1,9,22,0,0,15,9,30,70,5,4,1,65,45,4,61,31,0,1,0,1,0,11,0,3,0,80,0,3,0,2,0,2,0,4,2,361832184,1394805483,36.30894,139.801523,5,3,9999,0,9,0
true,41,107,394,2,0,1,30000,0,208,2023,12,14,12,19,12,6,44,16,26,1,1,1,14,7,0,0,0,0,2,9,1,70,5,4,1,35,75,3,61,31,0,1,0,1,0,11,0,10,0,50,0,3,0,2,0,2,0,4,2,361726819,1394820873,36.290783,139.805798,5,3,9999,0,5,0
true,41,107,395,2,0,1,22650,0,208,2023,12,17,22,46,22,6,46,16,27,2,2,1,1,7,9,22,0,0,14,9,30,70,4,2,1,25,45,3,61,31,0,1,0,1,0,11,0,3,0,50,0,3,0,2,0,2,0,4,2,361930443,1394832296,36.325123,139.808971,1,3,9999,0,1,0
true,41,107,396,2,0,1,10310,0,208,2023,12,10,17,7,21,6,41,16,25,2,3,1,14,7,0,0,0,0,3,9,1,70,5,2,21,25,35,3,3,31,31,1,1,1,1,11,11,4,4,50,60,3,3,2,2,2,2,4,2,362016660,1394645379,36.337961,139.779272,1,3,9999,9999,4,1
true,41,107,397,2,0,1,30000,0,364,2023,12,15,15,0,12,6,45,16,26,2,3,1,1,7,1,21,0,0,14,9,30,70,4,2,41,55,0,51,76,41,0,0,0,0,0,0,0,0,0,10,0,3,0,0,0,0,0,2,0,361328582,1394332290,36.224606,139.725636,6,3,0,0,0,0
true,41,107,398,2,0,2,40,757,208,2023,12,20,14,10,12,6,48,16,28,1,1,1,14,7,0,0,0,0,5,9,1,70,5,2,21,65,25,4,4,31,31,1,1,1,1,1,11,4,4,10,30,3,2,2,2,2,2,4,2,361744480,1394709154,36.295689,139.785876,4,3,9999,9999,9,1
true,41,107,399,2,0,1,30000,0,208,2023,12,1,8,40,12,6,33,16,25,1,3,1,14,7,0,0,0,0,3,9,1,70,2,2,21,35,35,3,14,31,31,1,11,1,1,11,11,4,4,30,10,3,3,2,2,2,2,2,4,361639493,1394747375,36.277637,139.796493,6,3,9999,9999,1,1
true,41,107,400,2,0,1,70000,0,208,2023,11,27,21,25,22,6,29,16,26,1,3,1,1,7,9,22,9,22,14,9,30,70,4,3,21,55,35,3,3,31,31,1,1,1,1,11,11,10,10,40,10,2,2,2,2,2,2,4,2,362144719,1394602320,36.362422,139.767311,2,3,9999,9999,9,1
true,41,107,401,2,0,1,40,642,364,2023,12,25,7,31,11,6,50,16,30,1,2,1,14,7,0,0,0,0,3,9,1,70,4,2,1,1,75,4,61,31,0,1,0,1,0,11,0,4,0,80,0,3,0,2,0,2,0,4,2,361322076,1394248326,36.222799,139.713424,2,3,9999,0,1,0
true,41,107,402,2,0,1,30000,0,208,2023,12,5,17,30,22,6,37,16,25,2,3,1,1,1,9,22,0,0,14,9,30,70,4,2,1,1,35,4,61,31,0,1,0,1,0,11,0,3,0,50,0,3,0,2,0,2,0,4,2,361541270,1394615535,36.261464,139.770982,3,3,9999,0,1,0
true,41,107,403,2,0,1,10330,0,208,2023,11,20,13,15,12,6,22,16,29,1,2,1,14,7,0,0,0,0,4,9,1,70,5,2,21,65,45,3,3,31,31,1,1,1,1,11,11,3,3,10,30,3,3,2,2,2,2,4,2,362109500,1394919790,36.352639,139.822164,2,3,9999,9999,9,1
true,41,107,404,2,0,1,40,774,208,2023,12,25,15,25,12,6,50,16,30,1,3,1,1,1,9,22,0,0,15,9,30,70,2,2,1,75,65,3,61,31,0,1,0,1,0,11,0,10,0,80,0,3,0,2,0,2,0,4,2,361830715,1394748512,36.308532,139.796809,2,3,557,0,9,0
true,41,107,405,2,0,1,30110,0,208,2023,12,26,9,50,12,6,51,16,31,1,2,1,7,1,0,0,0,0,3,9,1,70,4,2,41,1,0,51,76,41,0,0,0,0,0,0,0,0,0,20,0,3,0,0,0,0,0,2,0,361832216,1394804799,36.308949,139.801333,3,3,0,0,0,0
true,41,107,406,2,0,1,10330,0,208,2023,12,5,17,50,22,6,37,16,25,2,2,1,1,7,1,21,9,22,14,9,30,70,4,2,21,25,1,3,33,31,31,1,0,1,0,11,11,4,4,20,10,3,3,2,0,2,0,4,2,361820956,1394955232,36.305821,139.832009,3,3,9999,9999,5,1
true,41,107,407,2,0,1,30000,0,208,2023,12,26,23,15,22,6,51,16,31,1,1,1,1,7,1,21,0,0,15,9,30,70,5,3,1,45,25,3,61,31,0,1,0,1,0,11,0,3,0,50,0,4,0,2,0,2,0,4,2,361834819,1394823800,36.309672,139.806611,3,3,9999,0,9,0
true,41,107,408,2,0,1,30000,0,364,2023,12,23,7,26,11,6,49,16,29,1,2,1,14,7,0,0,0,0,3,9,1,70,5,2,21,55,65,3,14,31,31,1,11,1,2,11,11,3,3,80,60,3,2,1,2,2,2,4,2,361345365,1394412509,36.229268,139.736808,7,3,9999,9999,9,9
true,41,107,409,1,1,0,500,780,208,2023,12,29,0,16,22,6,52,16,33,1,2,1,1,1,9,22,9,22,15,9,30,70,1,2,21,25,1,11,51,1,41,11,0,1,0,11,0,10,0,10,20,3,1,2,0,2,0,4,1,361753869,1394905804,36.298297,139.818279,6,3,9999,0,1,0
true,41,107,410,2,0,2,41,700,208,2023,12,29,9,1,12,6,52,16,33,1,3,1,14,1,0,0,0,0,6,9,1,70,1,3,21,25,45,12,12,1,1,11,11,2,2,11,11,5,5,10,61,2,2,2,2,2,2,4,4,361559002,1394931551,36.266389,139.825431,6,3,9999,9999,1,1
true,41,108,104,2,0,1,30000,0,210,2023,11,27,14,56,12,6,29,16,26,1,1,1,14,1,0,0,0,0,4,9,1,70,1,2,21,45,45,3,4,31,31,1,1,1,1,11,11,4,4,10,30,2,2,2,2,2,2,4,2,365119130,1400114372,36.855314,140.020659,2,3,9999,0,5,0
true,41,108,105,2,0,1,30000,0,210,2023,12,8,17,45,22,6,39,16,25,1,3,1,14,7,0,0,0,0,3,9,1,70,4,4,1,1,65,36,61,31,0,0,0,0,0,11,0,10,0,10,0,3,0,0,0,0,0,4,2,365405674,1400636036,36.901576,140.11001,6,3,9999,0,5,0
true,41,108,106,2,0,1,30000,0,210,2023,12,5,7,45,12,6,37,16,25,2,3,1,14,7,0,0,0,0,2,9,1,70,5,4,21,35,65,3,14,31,31,1,11,1,1,11,11,10,10,20,20,3,3,2,2,2,2,2,4,364809403,1400516598,36.802612,140.087944,3,3,9999,9999,9,9
true,41,108,107,2,0,1,30000,0,210,2023,12,4,8,16,12,6,36,16,25,1,3,1,1,7,9,22,9,22,14,9,30,70,4,3,21,45,45,4,4,31,31,1,1,1,1,11,11,10,10,10,40,3,3,2,2,2,2,4,2,365352699,1400248894,36.897972,140.046915,2,3,9999,9999,1,1
true,41,108,108,2,0,1,4000,0,210,2023,12,15,11,56,12,6,45,16,26,3,1,2,1,1,9,22,9,22,18,9,30,70,1,2,21,35,55,3,52,31,41,1,0,1,0,11,0,4,0,80,40,3,2,2,0,2,0,4,2,365201157,1400010958,36.866988,140.003044,6,3,9999,0,1,0
true,41,108,109,2,0,1,20000,0,210,2023,12,18,8,17,12,6,47,16,27,1,3,1,14,7,0,0,0,0,3,9,1,70,4,2,21,25,1,3,4,31,31,1,1,1,1,11,11,4,4,30,10,3,3,2,2,2,2,2,4,365503752,1400259694,36.917709,140.049915,2,3,9999,9999,1,1
true,41,108,110,2,0,1,30000,0,210,2023,12,21,8,35,12,6,48,16,28,1,3,1,1,7,9,22,9,22,14,9,30,70,4,2,21,75,45,3,36,31,31,1,0,1,0,11,11,10,10,10,10,2,2,2,0,2,0,4,2,365156329,1400335114,36.865647,140.059754,5,3,23,9999,9,5
true,41,108,111,2,0,1,4610,0,210,2023,12,21,17,31,22,6,48,16,28,1,1,1,1,2,9,22,9,22,17,9,30,70,1,3,21,35,1,3,36,31,31,1,0,1,0,11,11,4,10,47,11,3,3,2,0,2,0,4,2,365144950,1400220767,36.862486,140.039102,5,3,9999,9999,1,1
true,41,108,112,2,0,1,30000,0,210,2023,12,21,17,51,22,6,48,16,28,1,3,1,12,7,0,0,0,0,3,7,1,70,4,3,21,1,65,3,4,31,31,1,1,1,1,11,11,4,4,11,11,2,2,1,1,2,2,4,2,365353530,1400047416,36.898203,140.013171,5,3,9999,9999,1,9
true,41,108,113,2,0,1,40,1456,210,2023,12,14,22,49,22,6,44,16,26,1,2,1,7,1,0,0,0,0,4,9,1,70,4,2,21,45,35,12,17,1,31,11,11,1,1,11,11,4,4,10,30,2,3,2,2,2,2,4,2,365041698,1395705260,36.844916,139.951461,5,3,0,9999,0,1
true,41,108,114,2,0,1,21700,0,210,2023,8,13,17,14,12,4,56,18,35,1,3,1,13,7,0,0,0,0,3,6,1,70,4,3,41,55,0,3,75,31,0,1,0,1,0,11,0,4,0,88,0,2,0,1,0,2,0,4,0,365032867,1400416208,36.842463,140.071169,1,3,9999,0,9,0
true,41,108,115,2,0,1,4610,0,210,2023,12,29,10,47,12,6,52,16,33,1,2,1,1,1,9,22,9,22,15,9,30,70,4,2,21,65,45,3,51,31,41,1,0,1,0,11,0,3,0,10,20,3,2,2,0,2,0,4,2,365130679,1400034960,36.858522,140.009711,6,3,9999,0,9,0
true,41,108,116,2,0,1,4000,0,210,2023,12,30,16,10,13,6,52,16,34,1,1,1,1,1,9,22,0,0,15,9,30,70,4,2,41,75,0,51,75,41,0,0,0,0,0,0,0,0,0,20,0,3,0,0,0,0,0,2,0,365146847,1400116183,36.863013,140.021162,7,3,0,0,0,0
true,41,108,117,2,0,1,4610,0,210,2023,12,31,13,48,12,6,52,16,34,2,3,2,13,7,0,0,0,0,3,5,1,70,4,3,21,45,75,3,3,31,31,1,1,1,1,11,11,3,3,56,52,2,2,1,1,2,2,4,2,365119868,1401031523,36.855519,140.175423,1,2,9999,207,9,9
true,41,109,34,2,0,2,10150,0,206,2023,11,10,11,33,12,6,12,16,36,3,3,2,13,7,0,0,0,0,2,2,1,70,5,3,21,65,55,4,4,31,31,1,1,1,1,11,11,10,10,50,50,3,3,2,2,2,2,4,2,363704580,1392739006,36.617939,139.460835,6,3,9999,9999,9,9
true,41,109,35,2,0,1,1200,0,206,2023,10,17,12,5,12,5,49,17,3,1,3,1,13,7,0,0,0,0,3,4,1,70,4,3,21,75,45,3,3,31,31,1,1,1,1,11,11,3,3,50,40,3,3,2,2,2,2,4,4,364340948,1393111824,36.728041,139.519951,3,3,681,9999,9,5
true,41,110,79,2,0,1,30000,0,206,2023,11,18,12,17,12,6,20,16,30,1,3,1,1,1,9,22,9,22,15,9,30,70,4,2,21,75,35,3,3,31,31,1,1,1,1,11,11,10,2,10,40,2,2,1,2,2,2,4,2,364310772,1394054149,36.719659,139.681708,7,3,898,9999,9,1
true,41,110,80,2,0,2,1210,0,206,2023,11,8,17,35,21,6,10,16,38,1,3,1,14,7,0,0,0,0,3,9,1,70,4,2,21,75,45,3,4,31,31,1,1,1,1,11,11,10,10,10,31,3,2,1,2,1,2,4,2,364636736,1394228246,36.776871,139.707846,4,3,769,9999,9,9
true,41,110,81,2,0,1,1210,0,206,2023,12,13,16,25,21,6,43,16,25,1,2,1,1,1,9,22,9,22,14,9,30,70,4,2,21,65,45,1,3,1,31,1,1,2,1,11,11,3,3,10,30,3,2,2,2,2,2,4,2,364325550,1394102054,36.723764,139.683904,4,3,9999,9999,9,1
true,41,110,82,2,0,1,1190,0,206,2023,12,13,18,34,22,6,43,16,25,1,3,1,14,7,0,0,0,0,3,9,1,70,4,3,21,1,45,3,4,31,31,1,1,1,1,11,11,4,4,10,30,3,2,1,2,1,2,4,2,364225060,1394450852,36.706961,139.747459,4,3,9999,9999,1,1
true,41,111,221,2,0,1,10550,0,213,2023,12,1,8,37,12,6,33,16,25,1,3,1,1,8,9,22,9,22,14,9,30,70,4,2,21,35,65,17,3,31,31,11,1,2,1,11,11,4,5,20,10,2,2,2,2,2,2,4,2,365739416,1400115686,36.960949,140.021024,6,3,9999,9999,1,9
true,41,111,222,2,0,1,40,1690,407,2023,11,29,17,31,22,6,31,16,26,1,3,1,14,7,0,0,0,0,4,9,1,70,4,2,21,65,45,11,3,1,31,11,1,2,1,11,11,10,10,10,30,3,3,2,2,2,2,4,2,370038876,1400420417,37.010799,140.072338,4,3,9999,9999,9,1
true,41,111,223,1,1,0,4000,0,213,2023,12,8,16,54,21,6,39,16,25,1,3,1,7,1,0,0,0,0,1,3,1,70,1,2,41,75,0,4,75,31,0,1,0,1,0,11,0,4,0,10,0,2,0,1,0,2,0,1,0,365710328,1395414040,36.952869,139.9039,6,3,402,0,9,0
true,41,111,224,2,0,2,30000,0,213,2023,12,10,13,22,12,6,41,16,25,1,2,1,1,1,9,22,9,22,14,9,30,70,5,2,21,45,75,3,4,31,31,1,1,1,1,11,11,3,3,80,50,2,2,2,1,1,2,2,4,365303797,1395924695,36.884388,139.990193,1,3,9999,338,9,9
true,41,111,225,2,0,1,4000,0,213,2023,11,27,18,30,22,6,29,16,26,1,2,1,1,7,9,22,0,0,18,9,30,70,1,2,21,1,0,51,0,41,0,0,0,0,0,0,0,0,0,30,0,3,0,0,0,0,0,2,0,365318809,1395811032,36.888558,139.969731,2,3,0,0,0,0
true,41,111,226,2,0,1,40,1582,213,2023,9,16,3,27,22,5,23,17,48,2,2,1,14,1,0,0,0,0,3,9,1,70,5,2,21,1,45,3,3,31,31,1,1,1,1,11,11,4,4,10,30,3,3,2,2,2,2,4,2,365545718,1400125820,36.929366,140.023839,7,3,9999,9999,1,5
true,41,111,227,2,0,1,20000,0,213,2023,11,29,14,37,12,6,31,16,26,1,2,1,14,7,0,0,0,0,3,9,1,70,4,1,21,25,1,3,3,31,31,1,1,1,1,11,11,3,3,10,30,3,3,2,2,2,2,4,2,365842971,1400207573,36.978603,140.035437,4,3,9999,9999,1,1
true,41,111,228,2,0,2,10170,0,407,2023,12,2,16,5,13,6,34,16,25,1,2,1,14,7,0,0,0,0,2,9,1,70,4,4,21,65,55,3,4,31,31,1,1,1,1,11,11,10,10,0,0,4,4,2,2,2,2,4,2,370223788,1400053924,37.039941,140.014979,7,3,9999,9999,9,5
true,41,111,229,2,0,1,10550,0,213,2023,12,16,21,15,22,6,45,16,26,2,2,1,1,1,9,22,9,22,15,9,30,70,1,2,21,25,1,4,33,31,31,1,0,1,0,11,11,10,10,40,10,2,2,2,0,2,0,4,2,365828146,1400221746,36.974485,140.039374,7,3,9999,9999,1,5
true,41,111,230,2,0,1,99000,0,213,2023,12,5,12,24,12,6,37,16,25,1,3,1,0,7,0,0,0,0,0,0,20,70,0,4,21,65,55,3,4,31,31,1,1,1,1,11,11,10,10,30,10,3,3,2,2,2,2,4,2,365744104,1400352776,36.962251,140.06466,3,3,9999,9999,9,9
true,41,111,231,2,0,1,30000,0,213,2023,11,9,16,26,13,6,11,16,37,1,3,1,1,7,1,21,9,22,11,9,30,70,1,2,21,75,65,3,4,31,31,1,1,1,1,11,11,10,10,10,50,3,3,2,2,2,2,4,2,365328486,1395809944,36.891246,139.969429,5,3,912,9999,9,9
true,41,111,232,2,0,1,30000,0,213,2023,12,18,14,43,12,6,47,16,27,1,2,1,1,7,1,22,9,22,14,9,30,70,5,2,21,65,35,4,51,31,41,1,0,1,0,11,0,10,0,10,20,3,3,2,0,2,0,4,2,365205473,1400017701,36.868187,140.004917,2,3,9999,0,9,0
true,41,111,233,2,0,1,30000,0,213,2023,12,5,16,32,21,6,37,16,25,2,3,1,1,7,9,22,9,22,14,9,30,70,4,2,21,45,25,3,52,31,41,1,0,1,0,11,0,10,0,80,20,3,3,2,0,2,0,4,2,365111560,1395854005,36.853211,139.981668,3,3,9999,0,1,0
true,41,111,234,2,0,1,99000,0,213,2023,12,8,17,35,22,6,39,16,25,1,2,1,0,7,0,0,0,0,0,0,20,70,0,4,21,35,45,3,4,31,31,1,1,1,1,11,11,1,1,70,50,3,3,2,2,2,2,4,2,365550426,1400136016,36.930674,140.026671,6,3,9999,9999,1,9
true,41,111,235,2,0,2,4000,0,213,2023,11,24,14,32,12,6,26,16,27,1,3,1,1,7,9,22,9,22,15,9,30,70,4,2,21,55,35,3,3,31,31,1,1,1,1,11,11,3,10,83,50,2,2,2,1,2,1,4,2,365758378,1395202881,36.966216,139.867467,6,3,9999,9999,9,1
true,41,111,236,2,0,1,30000,0,213,2023,12,24,13,0,12,6,50,16,30,1,3,1,1,1,9,22,9,22,15,9,30,70,4,2,21,1,1,3,4,31,31,1,1,1,1,1,11,3,3,20,50,2,2,2,1,1,2,4,4,365749658,1400240290,36.963794,140.044525,1,3,9999,9999,1,5
true,41,111,237,2,0,4,40,1300,213,2023,12,17,17,9,21,6,46,16,27,2,3,1,14,7,0,0,0,0,3,9,1,70,4,2,21,65,45,3,3,31,31,1,1,1,1,11,11,4,4,10,31,3,3,1,2,2,2,4,2,365300701,1395801553,36.883528,139.967098,1,3,9999,9999,9,5
true,41,111,238,2,0,2,30000,0,213,2023,12,21,17,28,22,6,48,16,28,2,3,1,14,7,0,0,0,0,3,9,1,70,4,2,21,55,1,4,4,31,31,1,1,1,1,11,11,4,4,30,30,3,2,2,2,2,2,4,2,365142350,1395802993,36.861764,139.967498,5,3,9999,9999,9,1
true,41,111,239,2,0,1,30000,0,213,2023,12,30,16,50,21,6,52,16,34,1,3,1,7,7,0,0,0,0,3,9,1,70,4,2,1,55,75,3,61,31,0,1,0,1,0,11,0,3,0,10,0,3,0,2,0,2,0,4,2,365820262,1400229260,36.972295,140.041461,7,3,9999,0,9,0
true,41,112,149,2,0,1,3520,0,301,2023,11,24,5,44,23,6,26,16,27,1,3,1,1,3,9,22,9,22,19,9,30,70,1,2,21,55,25,3,3,31,31,1,1,1,1,0,0,10,10,20,10,3,3,2,2,2,2,4,2,362524341,1395218635,36.423428,139.871843,6,3,9999,9999,9,1
true,41,112,150,2,0,1,10650,0,216,2023,12,6,18,58,22,6,38,16,25,1,3,1,14,7,0,0,0,0,3,9,1,70,4,2,21,35,1,3,4,31,31,1,1,2,2,1,1,4,4,0,0,3,3,2,2,2,2,2,4,362533593,1395124764,36.425998,139.856879,4,3,9999,9999,5,1
true,41,112,151,2,0,1,41,914,301,2023,12,4,20,36,22,6,36,16,25,1,2,1,14,1,0,0,0,0,5,9,1,70,1,2,21,65,1,3,3,31,31,1,1,1,1,11,11,5,5,30,30,3,3,2,2,2,2,4,2,362630710,1395423260,36.441864,139.906461,2,3,9999,9999,9,1
true,41,112,152,2,0,1,30000,0,216,2023,12,5,21,29,22,6,37,16,25,2,3,1,1,7,1,21,9,22,14,9,30,70,5,2,21,45,55,3,51,31,41,1,0,1,0,11,0,10,0,50,10,3,3,2,0,2,0,4,2,362142527,1395208299,36.361813,139.868972,3,3,9999,0,1,0
true,41,112,153,2,0,1,10350,0,301,2023,12,9,22,25,22,6,40,16,25,1,2,1,1,7,1,21,9,22,15,9,30,70,4,2,21,55,35,3,3,31,31,1,1,1,1,11,11,3,3,60,80,3,3,2,2,2,2,4,2,362730823,1395413082,36.458562,139.903634,7,3,9999,9999,9,1
true,41,112,154,2,0,1,10710,0,216,2023,12,15,17,10,21,6,45,16,26,1,2,1,14,7,0,0,0,0,4,9,1,70,1,2,21,25,55,3,4,31,31,1,1,1,1,11,11,4,4,30,10,3,3,2,2,2,2,2,4,362742977,1395051835,36.461938,139.847732,6,3,9999,9999,1,9
true,41,112,155,2,0,1,30000,0,216,2023,12,22,17,2,21,6,49,16,29,1,3,1,1,7,1,21,0,0,11,9,30,70,5,2,1,45,55,3,61,1,0,1,0,1,0,11,0,1,0,0,0,3,0,2,0,2,0,4,2,362227505,1395037140,36.374307,139.84365,6,3,9999,0,5,0
true,41,112,156,2,0,3,10710,0,301,2023,12,18,12,39,12,6,47,16,27,1,3,1,14,7,0,0,0,0,5,9,1,70,4,2,21,45,55,3,3,31,31,1,1,1,1,0,0,4,4,10,31,3,3,2,2,2,2,4,2,362634667,1395422640,36.442963,139.906289,2,3,9999,9999,1,9
true,41,112,157,2,0,2,30000,0,216,2023,12,23,7,27,11,6,49,16,29,1,3,1,14,1,0,0,0,0,1,8,1,70,5,2,21,25,35,3,3,31,31,1,1,1,1,11,11,1,1,0,0,1,1,2,2,2,2,4,2,362242805,1395045712,36.378557,139.846031,7,3,9999,9999,1,1
true,41,112,158,2,0,1,3520,0,216,2023,12,5,12,25,12,6,37,16,25,2,2,1,1,1,9,22,9,22,15,9,30,70,1,2,21,25,25,3,3,31,31,1,1,1,1,11,11,10,10,50,80,3,3,2,2,2,2,4,2,362545890,1395024482,36.429414,139.840134,3,3,9999,9999,1,1
true,41,113,133,2,0,1,21250,0,214,2023,12,3,16,0,13,6,35,16,25,1,3,1,14,7,0,0,0,0,2,9,1,70,5,2,1,55,75,4,61,31,0,1,0,1,0,11,0,4,0,20,0,3,0,2,0,2,0,4,2,363945479,1395725610,36.662633,139.957114,1,3,9999,0,9,0
true,41,113,134,2,0,1,30000,0,386,2023,12,6,7,0,11,6,38,16,25,3,3,2,14,7,0,0,0,0,2,8,1,70,5,4,1,65,75,3,61,31,0,1,0,1,0,11,0,5,0,50,0,4,0,2,0,2,0,4,2,363504510,1400228882,36.584586,140.041356,4,3,9999,0,1,0
true,41,113,135,2,0,1,30000,0,386,2023,12,1,12,25,12,6,33,16,25,1,3,1,1,7,9,22,9,22,11,9,30,70,5,4,21,35,75,4,14,31,31,1,11,1,1,0,11,10,10,80,50,3,3,2,2,2,2,2,4,363756543,1395832471,36.632373,139.975686,6,3,9999,9999,1,9
true,41,113,136,2,0,1,40,1298,214,2023,11,26,16,57,21,6,28,16,27,2,2,1,14,7,0,0,0,0,3,9,1,70,1,2,21,25,75,3,4,31,31,1,1,1,1,11,11,10,10,30,30,2,2,2,1,2,2,2,4,364316532,1395731936,36.721259,139.958871,1,3,9999,1473,1,9
true,41,113,137,2,0,2,10480,0,214,2023,12,10,6,24,23,6,41,16,25,1,3,1,1,1,9,22,9,22,15,9,30,70,4,2,21,45,1,12,4,1,31,11,1,2,1,11,11,4,10,20,10,3,2,2,1,2,2,4,4,364336818,1395813141,36.726894,139.970317,1,3,9999,9999,9,1