資料区分,都道府県コード,警察署等コード,本票番号,事故内容,死者数,負傷者数,路線コード,地点コード,市区町村コード,発生日時　　年,発生日時　　月,発生日時　　日,発生日時　　時,発生日時　　分,昼夜,日の出時刻　　時,日の出時刻　　分,日の入り時刻　　時,日の入り時刻　　分,天候,地形,路面状態,道路形状,信号機,一時停止規制　標識（当事者A）,一時停止規制　表示（当事者A）,一時停止規制　標識（当事者B）,一時停止規制　表示（当事者B）,車道幅員,道路線形,衝突地点,ゾーン規制,中央分離帯施設等,歩車道区分,事故類型,年齢（当事者A）,年齢（当事者B）,当事者種別（当事者A）,当事者種別（当事者B）,用途別（当事者A）,用途別（当事者B）,車両形状等（当事者A）,車両形状等（当事者B）,オートマチック車（当事者A）,オートマチック車（当事者B）,サポカー（当事者A）,サポカー（当事者B）,速度規制（指定のみ）（当事者A）,速度規制（指定のみ）（当事者B）,車両の衝突部位（当事者A）,車両の衝突部位（当事者B）,車両の損壊程度（当事者A）,車両の損壊程度（当事者B）,エアバッグの装備（当事者A）,エアバッグの装備（当事者B）,サイドエアバッグの装備（当事者A）,サイドエアバッグの装備（当事者B）,人身損傷程度（当事者A）,人身損傷程度（当事者B）,地点　緯度（北緯）,地点　経度（東経）,地点　緯度（北緯）_1,地点　経度（東経）_1,曜日(発生年月日),祝日(発生年月日),認知機能検査経過日数（当事者A）,認知機能検査経過日数（当事者B）,運転練習の方法（当事者A）,運転練習の方法（当事者B）
true,41,113,138,2,0,1,21560,0,386,2023,11,23,5,39,23,6,25,16,28,2,3,1,1,1,9,22,9,22,11,9,30,70,5,2,21,55,55,11,12,1,31,11,11,2,2,11,11,2,4,10,71,2,2,1,1,2,2,2,4,363545668,1400150880,36.596019,140.0308,5,1,9999,9999,9,9
true,41,113,139,2,0,1,40,1247,214,2023,11,25,15,20,12,6,27,16,27,1,2,1,14,1,0,0,0,0,4,9,1,70,1,2,21,45,65,3,4,31,31,1,1,1,1,11,11,10,10,30,10,3,3,2,2,2,2,2,4,364032711,1395738866,36.675753,139.960796,7,3,9999,9999,9,9
true,41,113,140,2,0,2,21760,0,386,2023,12,13,17,40,22,6,43,16,25,1,3,1,1,1,9,22,9,22,11,9,30,70,5,4,21,55,35,3,3,31,31,1,1,1,1,11,11,4,10,10,20,2,2,2,1,2,1,4,2,363743943,1400210594,36.628873,140.036276,4,3,9999,9999,9,1
true,41,113,141,2,0,1,99000,0,214,2023,11,29,9,53,12,6,31,16,26,1,3,1,0,7,0,0,0,0,0,0,20,70,0,1,41,55,0,3,75,31,0,1,0,1,0,11,0,10,0,62,0,3,0,2,0,2,0,4,0,364055099,1395829428,36.681972,139.974841,4,3,9999,0,9,0
true,41,113,142,2,0,2,30000,0,214,2023,12,27,14,14,12,6,51,16,32,1,3,1,1,7,9,22,1,21,14,9,30,70,4,3,21,65,75,3,14,31,31,1,11,1,1,11,11,4,10,10,40,2,2,1,2,2,2,2,2,364040177,1395832812,36.677827,139.975781,4,3,9999,1038,9,9
true,41,113,143,2,0,1,10620,0,214,2023,12,28,18,1,22,6,51,16,32,1,3,1,1,7,9,22,0,0,11,9,30,70,5,2,1,45,1,3,61,31,0,1,0,1,0,11,0,4,0,10,0,3,0,2,0,2,0,4,2,364154506,1395712614,36.698474,139.953504,5,3,9999,0,9,0
true,41,114,92,2,0,1,30000,0,211,2023,12,4,6,40,11,6,36,16,25,1,2,1,1,1,9,22,9,22,15,9,30,70,4,2,21,45,1,3,51,31,41,1,0,1,0,11,0,3,0,80,20,3,3,2,0,2,0,4,2,364521812,1395628255,36.756059,139.941182,2,3,9999,0,1,0
true,41,114,93,2,0,1,30000,0,211,2023,12,9,12,13,12,6,40,16,25,1,3,1,14,7,0,0,0,0,2,9,20,70,5,2,41,75,0,51,76,41,0,0,0,0,0,0,0,0,0,20,0,3,0,0,0,0,0,2,0,364826158,1395601824,36.807266,139.93384,7,3,0,0,0,0
true,41,114,94,2,0,2,40,1342,211,2023,12,15,9,25,12,6,45,16,26,3,2,2,1,1,9,22,9,22,18,9,30,70,1,2,21,45,75,11,4,1,31,11,1,1,1,11,11,10,10,50,80,3,1,2,1,2,2,2,2,364535395,1395644675,36.759832,139.945743,6,3,9999,38,1,1
true,41,114,95,2,0,2,40,1437,211,2023,12,20,14,30,12,6,48,16,28,1,2,1,14,1,0,0,0,0,2,9,1,70,5,2,21,35,25,12,3,31,31,11,1,2,1,11,1,4,4,10,31,2,1,2,2,2,2,4,2,364949912,1395654506,36.830531,139.948474,4,3,9999,9999,5,1
true,41,114,97,2,0,1,99000,0,211,2023,12,22,10,35,12,6,49,16,29,1,3,1,0,7,0,0,0,0,0,0,20,70,0,4,1,75,55,3,61,31,0,1,0,1,0,11,0,1,0,10,0,3,0,2,0,2,0,4,2,364741870,1395538802,36.794964,139.927445,6,3,196,0,9,0
true,41,114,98,2,0,1,10300,0,211,2023,12,23,7,47,11,6,49,16,29,1,3,1,13,7,0,0,0,0,3,2,1,70,1,2,21,75,1,17,3,31,31,11,1,1,1,11,11,4,4,20,10,3,1,2,2,2,2,2,4,364704549,1395507576,36.784597,139.918771,7,3,51,9999,9,1
true,41,114,99,2,0,1,10300,0,211,2023,12,26,21,41,22,6,51,16,31,1,3,1,14,7,0,0,0,0,1,9,1,70,5,2,21,65,25,3,14,31,1,1,11,1,1,11,11,4,4,10,30,3,2,2,2,2,2,4,2,364425930,1395710750,36.740536,139.952986,3,3,9999,9999,9,5
true,41,115,32,2,0,1,30000,0,215,2023,12,6,12,25,12,6,38,16,25,1,3,1,1,7,9,22,1,21,14,9,30,70,4,4,21,35,25,12,3,1,31,11,1,2,1,11,11,4,10,50,10,3,2,2,2,2,2,2,4,364102511,1400158832,36.684031,140.033009,4,3,9999,9999,5,1
true,41,115,33,2,0,1,2940,0,215,2023,12,7,21,10,22,6,38,16,25,1,2,1,13,7,0,0,0,0,2,5,1,70,4,2,21,35,25,3,3,31,31,1,1,1,1,11,11,4,4,50,50,2,2,1,1,2,1,4,2,363753767,1400905519,36.631602,140.151533,5,3,9999,9999,5,1
true,41,115,34,2,0,1,10100,0,215,2023,12,14,9,40,12,6,44,16,26,1,3,1,14,7,0,0,0,0,3,9,1,70,4,2,21,35,45,3,13,31,31,1,11,1,1,11,11,4,4,50,70,3,3,2,2,2,2,4,2,363918605,1400502263,36.655168,140.083962,5,3,9999,9999,1,5
true,41,116,28,2,0,1,20000,0,344,2023,12,1,19,55,22,6,33,16,25,1,3,1,1,7,1,21,9,22,15,8,30,70,4,2,21,65,45,3,36,1,31,1,0,1,0,11,11,10,10,10,10,3,3,2,0,2,0,4,2,363157090,1400532093,36.532525,140.092248,6,3,9999,9999,9,1
true,41,116,29,2,0,1,20000,0,344,2023,11,26,17,50,22,6,28,16,27,2,3,1,1,7,1,21,9,22,14,9,30,70,4,2,21,55,75,3,14,31,31,1,11,1,2,11,11,10,4,80,40,3,3,2,2,2,2,4,2,363157003,1400512549,36.532501,140.086819,1,3,9999,9999,9,9
true,41,116,30,2,0,1,10010,0,343,2023,12,13,12,8,12,6,43,16,25,1,3,1,13,7,0,0,0,0,3,2,1,70,4,2,21,65,75,3,4,31,31,1,1,1,1,11,11,4,3,30,10,2,2,2,1,2,2,2,4,362509584,1401150140,36.419329,140.197261,4,3,9999,194,9,9
true,41,116,31,2,0,1,30000,0,344,2023,12,5,7,50,12,6,37,16,25,2,3,1,14,7,0,0,0,0,2,9,20,70,4,4,21,55,45,3,3,31,31,1,1,1,1,11,11,10,10,10,80,3,3,2,2,2,2,4,2,363640662,1400625232,36.611295,140.107009,3,3,9999,9999,9,1
true,41,116,32,2,0,2,30000,0,344,2023,12,26,15,17,12,6,51,16,31,1,3,1,1,7,9,22,9,22,11,9,30,70,5,4,21,75,65,14,14,31,1,11,11,1,1,11,11,10,10,51,75,2,2,2,2,2,2,2,2,363458980,1400607373,36.58305,140.102048,3,3,469,9999,9,9
true,41,119,16,2,0,1,2930,0,411,2023,12,30,16,30,13,6,52,16,34,1,3,1,13,7,0,0,0,0,1,2,1,70,4,3,1,75,45,4,61,31,0,1,0,1,0,11,0,4,0,80,0,4,0,2,0,2,0,4,2,364450708,1400542238,36.747419,140.095066,7,3,906,0,9,0
true,41,122,418,2,0,1,30010,0,201,2023,11,15,17,27,21,6,17,16,32,1,1,1,1,1,9,22,0,0,15,9,30,70,4,2,1,35,45,3,61,31,0,1,0,1,0,1,0,4,0,10,0,3,0,2,0,2,0,4,2,363429572,1395351522,36.574881,139.897645,4,3,9999,0,1,0
true,41,122,419,2,0,1,30000,0,201,2023,11,22,23,25,22,6,24,16,28,1,2,1,14,7,0,0,0,0,1,9,1,70,5,4,21,35,55,34,51,31,41,0,0,0,0,11,0,10,0,10,10,3,3,0,0,0,0,2,4,363311376,1395343836,36.55316,139.89551,4,2,9999,0,1,0
true,41,122,420,2,0,1,21580,0,201,2023,12,1,17,27,22,6,33,16,25,2,1,1,1,1,9,22,9,22,15,9,30,70,5,2,21,75,1,3,51,31,41,1,0,1,0,11,0,3,0,10,20,3,3,2,0,2,0,4,2,363334664,1395644142,36.559629,139.945595,6,3,459,0,9,0
true,41,122,421,2,0,1,10640,0,201,2023,10,20,15,26,12,5,51,16,59,1,1,1,14,7,0,0,0,0,6,9,1,70,5,2,21,1,35,3,3,31,1,1,1,1,1,11,11,4,4,10,30,3,3,2,2,2,2,4,2,363329020,1395426813,36.558061,139.907448,6,3,9999,9999,5,1
true,41,122,422,2,0,2,30000,0,201,2023,12,3,13,25,12,6,35,16,25,1,1,1,14,7,0,0,0,0,1,9,1,70,4,2,21,35,55,3,3,31,31,1,1,1,1,11,11,4,4,10,30,3,3,2,2,2,2,4,2,363356610,1395548806,36.565725,139.930224,1,3,9999,9999,1,9
true,41,122,423,2,0,1,30000,0,201,2023,12,4,17,48,22,6,36,16,25,1,1,1,1,7,9,22,0,0,14,9,30,70,5,3,1,75,55,4,61,31,0,1,0,1,0,1,0,10,0,10,0,3,0,2,0,2,0,4,2,363321989,1395432710,36.556108,139.909086,2,3,557,0,9,0
true,41,122,424,2,0,1,10010,0,201,2023,11,25,8,51,12,6,27,16,27,1,1,1,1,1,9,22,9,22,18,9,30,70,5,2,21,25,45,4,4,31,31,1,1,1,1,11,11,3,3,80,60,3,3,2,2,2,2,4,2,363325830,1395343656,36.557175,139.89546,7,3,9999,9999,1,1
true,41,122,425,2,0,1,21250,0,201,2023,11,27,7,22,11,6,29,16,26,1,1,1,1,1,9,22,0,0,18,9,30,70,4,2,1,35,25,4,61,31,0,1,0,1,0,11,0,4,0,10,0,3,0,2,0,2,0,4,2,363526610,1395459393,36.590725,139.916498,2,3,9999,0,9,0
true,41,122,426,2,0,1,1230,0,201,2023,11,8,22,15,22,6,10,16,38,1,1,1,14,7,0,0,0,0,5,9,1,70,4,2,21,45,45,3,51,31,41,1,0,1,0,11,0,4,0,80,20,3,3,2,0,2,0,4,2,363249654,1395556111,36.547126,139.932253,4,3,9999,0,9,0
true,41,122,427,2,0,1,22390,0,201,2023,12,3,11,24,12,6,35,16,25,1,3,1,14,1,0,0,0,0,3,9,1,70,4,3,21,55,45,1,4,1,31,1,1,1,1,11,11,3,3,10,31,2,1,2,1,2,2,4,4,363804398,1395637097,36.634555,139.943638,1,3,9999,9999,9,1
true,41,122,428,2,0,1,1230,0,201,2023,11,27,10,0,12,6,29,16,26,1,1,1,1,1,9,22,9,22,18,9,30,70,1,2,21,55,75,11,3,1,31,11,1,2,1,11,11,4,4,10,30,3,2,2,2,2,2,4,2,363255684,1395527142,36.548801,139.924206,2,3,9999,479,9,9
true,41,122,429,2,0,1,20000,0,201,2023,12,7,14,18,12,6,38,16,25,1,1,1,14,7,0,0,0,0,4,9,1,70,1,2,41,75,0,51,76,41,0,0,0,0,0,0,0,0,0,40,0,3,0,0,0,0,0,2,0,363234519,1395413057,36.542922,139.903627,5,3,0,0,0,0
true,41,122,430,2,0,1,30000,0,201,2023,11,17,12,30,12,6,19,16,31,3,2,2,1,7,9,22,1,21,14,9,30,70,5,4,21,65,25,4,14,31,31,1,11,1,1,1,1,10,10,50,80,2,2,1,2,2,2,2,4,363702626,1395721917,36.617396,139.956088,6,3,9999,9999,9,1
true,41,122,431,2,0,1,30000,0,201,2023,12,9,8,5,12,6,40,16,25,1,3,1,1,1,9,22,9,22,14,9,30,70,4,2,21,55,35,4,4,31,31,1,1,1,1,11,11,4,2,10,20,2,2,2,1,2,2,4,2,363306599,1395523185,36.551833,139.923107,7,3,9999,9999,9,1
true,41,122,432,2,0,1,10630,0,201,2023,12,9,19,50,22,6,40,16,25,1,2,1,1,1,9,22,9,22,15,9,30,70,1,2,21,35,65,13,4,31,31,11,1,1,1,11,11,5,5,50,80,2,2,2,2,2,2,4,2,363547627,1395347681,36.596563,139.896578,7,3,9999,9999,5,9
true,41,122,433,2,0,1,30040,0,201,2023,12,9,17,50,22,6,40,16,25,1,2,1,1,7,9,22,9,22,18,9,30,70,1,3,21,45,25,3,51,31,41,1,0,1,0,11,0,10,0,10,40,3,3,2,0,2,0,4,2,363249182,1395342458,36.546995,139.895127,7,3,9999,0,9,0
true,41,122,434,2,0,1,10010,0,201,2023,6,19,17,51,12,4,22,19,2,1,2,1,14,7,0,0,0,0,5,9,1,70,5,2,21,1,35,3,3,31,31,1,1,1,1,11,11,4,4,10,30,3,3,2,2,2,2,4,2,363319429,1395342000,36.555397,139.895,2,3,9999,9999,1,1
true,41,122,435,2,0,1,30000,0,201,2023,12,11,13,45,12,6,42,16,25,2,1,1,1,1,9,22,0,0,15,8,30,70,5,2,1,45,1,3,61,31,0,1,0,1,0,1,0,10,0,20,0,3,0,2,0,2,0,4,2,363527499,1395522350,36.590972,139.922875,2,3,9999,0,9,0
true,41,122,436,2,0,1,30000,0,201,2023,10,24,10,47,12,5,55,16,54,1,1,1,1,7,1,21,9,22,14,9,30,70,4,2,21,45,55,3,4,31,31,1,1,1,1,11,11,10,4,10,40,3,3,2,2,2,2,4,2,363435141,1395352339,36.576428,139.897872,3,3,9999,9999,9,9
true,41,122,437,2,0,1,40,1100,201,2023,12,7,17,45,22,6,38,16,25,1,1,1,7,1,0,0,0,0,3,9,1,70,5,2,21,35,45,3,4,31,31,1,1,1,1,11,11,4,4,10,30,3,3,2,2,2,2,4,2,363425864,1395459612,36.573851,139.916559,5,3,9999,9999,1,1
true,41,122,438,2,0,1,30000,0,201,2023,12,16,17,4,21,6,45,16,26,1,1,1,14,7,0,0,0,0,2,9,1,70,4,2,21,35,45,3,3,31,31,1,1,1,1,11,11,3,3,10,30,3,3,2,2,2,2,4,2,363414192,1395522613,36.570609,139.922948,7,3,9999,9999,4,1
true,41,122,439,2,0,1,30000,0,201,2023,12,18,8,8,12,6,47,16,27,1,2,1,1,7,9,22,1,21,11,9,30,70,5,4,21,45,1,4,51,31,41,1,0,1,0,1,0,1,0,50,10,3,3,2,0,2,0,4,2,363505186,1395452862,36.584774,139.914684,2,3,9999,0,1,0
true,41,122,440,2,0,1,20000,0,201,2023,12,13,17,0,21,6,43,16,25,1,1,1,1,1,9,22,0,0,19,9,30,70,5,2,41,75,0,51,76,41,0,0,0,0,0,0,0,0,0,40,0,3,0,0,0,0,0,2,0,363342574,1395347868,36.561826,139.89663,4,3,0,0,0,0
true,41,122,441,2,0,1,30000,0,201,2023,12,12,20,36,22,6,42,16,25,1,2,1,14,7,0,0,0,0,2,9,1,70,4,2,21,35,45,3,4,31,31,1,1,1,1,11,11,4,4,30,10,3,3,2,2,2,2,2,4,363321427,1395546157,36.555952,139.929488,3,3,9999,9999,5,9
true,41,122,442,2,0,1,21250,0,201,2023,12,6,10,25,12,6,38,16,25,1,1,1,1,1,9,22,9,22,15,3,30,70,4,2,21,35,75,4,51,31,41,1,0,1,0,11,0,4,0,10,20,3,3,2,0,2,0,4,2,363401978,1395359510,36.567216,139.899864,4,3,9999,0,1,0
true,41,122,443,2,0,1,30000,0,201,2023,12,21,7,19,11,6,48,16,28,1,3,1,14,7,0,0,0,0,4,9,1,70,5,2,1,45,65,3,61,31,0,1,0,1,0,1,0,3,0,10,0,3,0,2,0,2,0,4,2,363628753,1395332744,36.607987,139.892429,5,3,9999,0,1,0
true,41,122,444,2,0,1,10640,0,201,2023,12,21,8,17,12,6,48,16,28,1,2,1,1,7,9,22,9,22,15,9,30,70,1,2,21,45,35,3,51,31,41,1,0,1,0,11,0,10,0,10,20,3,3,2,0,2,0,4,2,363356018,1395720098,36.565561,139.955583,5,3,9999,0,1,0
true,41,122,445,2,0,1,30000,0,201,2023,12,22,7,30,11,6,49,16,29,1,1,1,14,7,0,0,0,0,5,9,1,70,4,2,21,55,45,3,4,31,31,1,1,1,1,11,11,4,4,30,10,3,3,2,2,2,2,2,4,363321121,1395332435,36.555867,139.892343,6,3,9999,9999,9,1
true,41,122,446,2,0,4,40,1154,201,2023,11,29,13,29,12,6,31,16,26,1,2,1,1,7,9,22,9,22,17,9,30,70,1,2,21,25,55,3,4,31,31,1,1,1,1,1,1,10,10,10,30,3,3,2,2,2,2,4,2,363619037,1395742109,36.605288,139.961697,4,3,9999,9999,1,9
true,41,122,447,2,0,1,30000,0,201,2023,11,28,4,7,22,6,30,16,26,1,2,1,14,7,0,0,0,0,3,9,1,70,4,2,21,1,35,3,36,31,31,1,0,1,0,11,11,4,2,10,30,3,3,2,0,2,0,4,2,363315782,1395938828,36.554384,139.994119,3,3,9999,9999,1,5
true,41,122,448,2,0,1,30000,0,201,2023,12,22,21,10,22,6,49,16,29,1,1,1,1,7,9,22,0,0,15,9,30,70,4,3,1,25,35,3,61,31,0,1,0,1,0,11,0,3,0,20,0,3,0,2,0,2,0,4,2,363343700,1395409263,36.562139,139.902573,6,3,9999,0,1,0
true,41,122,449,2,0,1,30000,0,201,2023,12,26,17,15,21,6,51,16,31,1,3,1,14,7,0,0,0,0,2,9,1,70,4,2,41,1,0,51,76,41,0,0,0,0,0,0,0,0,0,10,0,3,0,0,0,0,0,2,0,363610512,1395556644,36.60292,139.932401,3,3,0,0,0,0
true,41,122,450,2,0,1,30000,0,201,2023,12,27,18,7,22,6,51,16,32,1,2,1,1,7,9,22,1,21,14,9,30,70,1,2,21,45,35,3,13,31,31,1,11,1,1,11,11,4,4,40,10,3,3,2,2,1,2,2,4,363233173,1395411416,36.542548,139.903171,4,3,9999,9999,9,1
true,41,122,451,1,1,0,30000,0,201,2023,12,28,19,39,22,6,51,16,32,1,1,1,14,7,0,0,0,0,3,9,1,70,5,4,1,45,75,1,61,1,0,1,0,2,0,11,0,10,0,10,0,3,0,2,0,2,0,4,1,363331295,1395357336,36.558693,139.89926,5,3,9999,0,9,0
true,41,122,452,2,0,1,30000,0,201,2023,12,28,17,28,21,6,51,16,32,1,2,1,14,7,0,0,0,0,3,9,1,70,4,2,1,35,75,4,61,31,0,1,0,1,0,11,0,4,0,10,0,2,0,2,0,2,0,4,2,363322342,1395935045,36.556206,139.993068,5,3,9999,0,5,0
true,41,122,453,2,0,2,30000,0,201,2023,12,30,13,47,12,6,52,16,34,1,2,1,14,7,0,0,0,0,3,9,1,70,5,2,21,45,45,3,3,31,31,1,1,1,1,1,1,4,1,80,65,2,2,2,2,2,2,4,2,363433571,1395352202,36.575992,139.897834,7,3,9999,9999,5,9
true,41,122,454,2,0,1,10010,0,201,2023,12,30,20,44,22,6,52,16,34,2,2,1,1,1,9,22,9,22,19,9,30,70,5,2,21,1,1,4,4,31,31,1,1,1,1,1,1,4,4,80,80,2,2,1,1,2,2,4,2,363311218,1395409104,36.553116,139.902529,7,3,9999,9999,1,1
true,41,122,455,2,0,1,20000,0,201,2023,12,31,18,39,22,6,52,16,34,3,1,2,14,7,0,0,0,0,2,9,1,70,5,2,1,35,75,4,61,31,0,1,0,1,0,11,0,4,0,10,0,3,0,2,0,2,0,4,2,363320441,1395532308,36.555678,139.925641,1,2,9999,0,1,0
true,41,123,278,2,0,1,30000,0,201,2023,12,3,9,45,12,6,35,16,25,1,2,1,1,7,9,22,9,22,14,9,30,70,5,2,21,75,75,4,51,31,41,1,0,1,0,11,0,3,0,50,30,3,2,2,0,2,0,4,2,363148860,1395122900,36.530239,139.856361,1,3,108,0,9,0
true,41,123,279,2,0,1,30000,0,201,2023,12,4,7,44,12,6,36,16,25,1,1,1,1,7,9,22,0,0,15,9,30,70,5,4,41,1,0,51,76,41,0,0,0,0,0,0,0,0,0,40,0,3,0,0,0,0,0,2,0,363212505,1395418886,36.536807,139.905246,2,3,0,0,0,0
true,41,123,280,2,0,1,1210,0,201,2023,11,30,15,11,12,6,32,16,25,1,1,1,1,1,9,22,9,22,18,9,30,70,1,2,21,75,45,3,4,31,31,1,1,1,1,11,11,4,4,20,50,2,2,2,2,2,2,4,2,363019084,1395143369,36.505301,139.862047,5,3,862,9999,9,9
true,41,123,281,2,0,1,30000,0,201,2023,12,7,7,43,12,6,38,16,25,1,1,1,1,2,9,22,9,22,17,9,30,70,1,2,21,55,35,3,3,31,31,1,1,1,2,11,11,4,4,40,10,2,2,2,2,2,2,4,4,363205086,1395115250,36.534746,139.854236,5,3,9999,9999,9,5
true,41,123,282,2,0,1,30000,0,201,2023,12,11,6,30,23,6,42,16,25,2,1,1,14,7,0,0,0,0,3,9,1,70,5,1,41,75,0,51,76,41,0,0,0,0,0,0,0,0,0,40,0,3,0,0,0,0,0,2,0,363056945,1395147862,36.515818,139.863295,2,3,0,0,0,0
true,41,123,283,2,0,1,30000,0,201,2023,12,11,15,20,12,6,42,16,25,2,2,1,7,7,0,0,0,0,3,9,1,70,4,3,41,65,0,51,76,41,0,0,0,0,0,0,0,0,0,20,0,3,0,0,0,0,0,2,0,363110927,1395203389,36.519702,139.867608,2,3,0,0,0,0
true,41,123,284,2,0,1,10350,0,201,2023,12,12,14,29,12,6,42,16,25,2,2,1,14,1,0,0,0,0,3,9,1,70,4,3,21,45,25,4,14,31,31,1,11,1,1,11,11,4,4,31,10,2,3,2,2,2,2,2,4,363148634,1395327478,36.530176,139.890966,3,3,9999,9999,1,1
true,41,123,285,2,0,1,40,1013,201,2023,10,22,18,56,22,5,53,16,56,1,2,1,1,2,9,21,9,22,14,9,30,70,4,2,21,25,1,3,51,31,41,1,0,1,0,11,0,10,0,80,20,3,3,2,0,2,0,4,2,363033548,1395233668,36.509319,139.876019,1,3,9999,0,1,0
true,41,123,286,2,0,1,21840,0,201,2023,12,12,8,0,12,6,42,16,25,3,2,2,1,7,1,21,9,22,15,9,30,70,4,3,21,45,1,3,51,31,41,1,0,1,0,11,0,10,0,10,20,3,3,2,0,2,0,4,2,362933788,1395132317,36.492719,139.858977,3,3,9999,0,1,0
true,41,123,287,2,0,1,30000,0,201,2023,12,14,9,36,12,6,44,16,26,1,1,1,1,7,9,22,9,21,15,9,30,70,1,2,21,45,35,13,4,31,31,11,1,1,1,11,11,10,10,40,80,3,3,2,2,2,2,4,2,363208477,1395338789,36.535688,139.894108,5,3,9999,9999,5,5
true,41,123,288,2,0,1,30000,0,201,2023,12,18,8,14,12,6,47,16,27,1,1,1,1,7,9,22,9,22,15,9,30,70,4,2,21,35,1,3,51,31,41,1,0,1,0,11,0,3,0,10,40,3,2,2,0,2,0,4,2,363140724,1395150609,36.527979,139.864058,2,3,9999,0,5,0
true,41,123,289,2,0,1,30000,0,201,2023,12,18,7,48,12,6,47,16,27,1,3,1,1,7,9,22,9,22,14,6,30,70,4,3,21,45,25,3,4,31,31,1,1,1,1,11,11,4,4,51,10,2,2,1,1,2,2,4,2,363059879,1395311015,36.516633,139.886393,2,3,9999,9999,1,1
true,41,123,290,2,0,1,30000,0,201,2023,11,22,11,0,12,6,24,16,28,1,2,1,14,7,0,0,0,0,1,9,1,70,5,1,21,75,75,4,51,31,41,1,0,1,0,11,0,10,0,40,20,3,3,2,0,2,0,4,2,363049792,1395432468,36.513831,139.909019,4,2,854,0,9,0
true,41,123,291,2,0,1,30000,0,201,2023,12,1,10,33,12,6,33,16,25,1,1,1,14,7,0,0,0,0,4,9,1,70,4,2,21,45,65,12,4,31,31,11,1,1,1,1,1,4,4,10,30,3,3,2,2,2,2,4,2,363206590,1395322713,36.535164,139.889643,6,3,9999,9999,1,9
true,41,123,292,2,0,1,30000,0,201,2023,11,30,21,30,22,6,32,16,25,1,1,1,14,7,0,0,0,0,1,9,1,70,5,4,41,65,0,51,76,41,0,0,0,0,0,0,0,0,0,40,0,3,0,0,0,0,0,2,0,363200064,1395434841,36.533351,139.909678,5,3,0,0,0,0
true,41,123,293,2,0,1,30000,0,201,2023,12,22,21,6,22,6,49,16,29,1,2,1,14,7,0,0,0,0,3,9,1,70,4,2,1,45,75,13,61,1,0,11,0,1,0,11,0,3,0,80,0,3,0,2,0,2,0,4,2,363137988,1395203209,36.527219,139.867558,6,3,9999,0,1,0
true,41,123,294,2,0,1,30000,0,201,2023,12,22,22,32,22,6,49,16,29,1,1,1,1,7,9,22,9,22,11,9,30,70,5,4,21,1,25,3,36,31,31,1,0,1,0,11,11,10,10,30,10,3,3,2,0,2,0,4,2,363154754,1395109994,36.531876,139.852776,6,3,9999,9999,1,1
true,41,123,295,2,0,1,30000,0,201,2023,12,24,11,55,12,6,50,16,30,2,1,1,14,7,0,0,0,0,3,9,1,70,4,2,41,75,0,51,75,41,0,0,0,0,0,0,0,0,0,40,0,3,0,0,0,0,0,2,0,363038808,1395153068,36.51078,139.864741,1,3,0,0,0,0
true,41,123,296,2,0,1,40,1040,201,2023,12,22,20,52,22,6,49,16,29,1,1,1,14,7,0,0,0,0,3,9,1,70,4,2,21,45,55,3,4,31,31,1,1,1,1,11,11,4,4,30,50,3,3,2,2,2,2,2,4,363143831,1395252320,36.528842,139.8812,6,3,9999,9999,1,1
true,41,123,297,2,0,1,30000,0,201,2023,12,23,11,2,12,6,49,16,29,1,2,1,14,7,0,0,0,0,3,9,1,70,1,2,21,45,25,3,4,31,31,1,1,2,1,11,11,10,10,80,60,3,3,2,2,2,2,2,4,363004090,1395419087,36.501136,139.905302,7,3,9999,9999,1,1
true,41,123,298,2,0,1,1210,0,201,2023,12,18,20,25,22,6,47,16,27,1,3,1,14,7,0,0,0,0,3,9,1,70,4,2,21,25,25,3,4,31,31,1,1,1,1,11,11,10,10,30,10,3,3,2,2,2,2,2,4,363010651,1395646653,36.502959,139.946293,2,3,9999,9999,5,1
true,41,123,299,2,0,1,30000,0,201,2023,12,13,17,3,21,6,43,16,25,1,1,1,1,7,9,22,9,22,15,9,30,70,4,3,21,55,1,4,51,31,41,1,0,1,0,11,0,3,0,80,20,3,3,2,0,2,0,4,2,362912754,1395210348,36.486876,139.869541,4,3,9999,0,1,0
true,41,123,300,2,0,1,10460,0,201,2023,12,22,16,45,21,6,49,16,29,1,1,1,14,7,0,0,0,0,5,9,1,70,1,2,21,65,35,3,51,31,41,1,0,1,0,11,0,10,0,80,10,3,2,2,0,2,0,4,2,363144177,1395508314,36.528938,139.918976,6,3,9999,0,9,0
true,41,123,301,2,0,1,10030,0,201,2023,12,28,19,23,22,6,51,16,32,1,1,1,14,7,0,0,0,0,4,9,1,70,1,2,21,45,25,13,4,31,31,11,1,1,1,11,11,5,5,30,10,3,3,2,2,2,2,2,4,363156723,1395058514,36.532423,139.849587,5,3,9999,9999,5,1